{
	 "problem_instance_label": "SBB_challenge_sample_scenario_with_routing_alternatives",
	 "problem_instance_hash": -1254734547,
	 "hash": 1538680897,
	 "train_runs": [
		{
			 "service_intention_id": 111,
			 "train_run_sections": [
				{
					 "entry_time": "08:20:00",
					 "exit_time": "08:20:53",
					 "route": 111,
					 "route_section_id": "111#3",
					 "sequence_number": 1,
					 "route_path": 3,
					 "section_requirement": "A"
				},
				{
					 "entry_time": "08:20:53",
					 "exit_time": "08:21:25",
					 "route": 111,
					 "route_section_id": "111#4",
					 "sequence_number": 2,
					 "route_path": 1,
					 "section_requirement": null
				},
				{
					 "entry_time": "08:21:25",
					 "exit_time": "08:30:00",
					 "route": 111,
					 "route_section_id": "111#5",
					 "sequence_number": 3,
					 "route_path": 1,
					 "section_requirement": "B"
				},
				{
					 "entry_time": "08:30:00",
					 "exit_time": "08:30:32",
					 "route": 111,
					 "route_section_id": "111#6",
					 "sequence_number": 4,
					 "route_path": 1,
					 "section_requirement": null
				},
				{
					 "entry_time": "08:30:32",
					 "exit_time": "08:31:04",
					 "route": 111,
					 "route_section_id": "111#10",
					 "sequence_number": 5,
					 "route_path": 1,
					 "section_requirement": null
				},
				{
					 "entry_time": "08:31:04",
					 "exit_time": "08:31:36",
					 "route": 111,
					 "route_section_id": "111#13",
					 "sequence_number": 6,
					 "route_path": 1,
					 "section_requirement": null
				},
				{
					 "entry_time": "08:31:36",
					 "exit_time": "08:32:08",
					 "route": 111,
					 "route_section_id": "111#14",
					 "sequence_number": 7,
					 "route_path": 1,
					 "section_requirement": "C"
				}
			]
		},
		{
			 "service_intention_id": 113,
			 "train_run_sections": [
				{
					 "entry_time": "07:50:00",
					 "exit_time": "07:50:53",
					 "route": 113,
					 "route_section_id": "113#1",
					 "sequence_number": 1,
					 "route_path": 1,
					 "section_requirement": "A"
				},
				{
					 "entry_time": "07:50:53",
					 "exit_time": "07:51:25",
					 "route": 113,
					 "route_section_id": "113#4",
					 "sequence_number": 2,
					 "route_path": 1,
					 "section_requirement": null
				},
				{
					 "entry_time": "07:51:25",
					 "exit_time": "07:51:57",
					 "route": 113,
					 "route_section_id": "113#5",
					 "sequence_number": 3,
					 "route_path": 1,
					 "section_requirement": null
				},
				{
					 "entry_time": "07:51:57",
					 "exit_time": "07:52:29",
					 "route": 113,
					 "route_section_id": "113#6",
					 "sequence_number": 4,
					 "route_path": 1,
					 "section_requirement": null
				},
				{
					 "entry_time": "07:52:29",
					 "exit_time": "07:53:01",
					 "route": 113,
					 "route_section_id": "113#10",
					 "sequence_number": 5,
					 "route_path": 1,
					 "section_requirement": null
				},
				{
					 "entry_time": "07:53:01",
					 "exit_time": "07:53:33",
					 "route": 113,
					 "route_section_id": "113#13",
					 "sequence_number": 6,
					 "route_path": 1,
					 "section_requirement": null
				},
				{
					 "entry_time": "07:53:33",
					 "exit_time": "07:54:05",
					 "route": 113,
					 "route_section_id": "113#14",
					 "sequence_number": 7,
					 "route_path": 1,
					 "section_requirement": "C"
				}
			]
		}
	]
}