time|Type|cat|Tripid
05:24d1|In|Cat5|3
05:25d1|In|Cat1|4
05:25d1|In|Cat1|5
05:31d1|In|Cat7|7
05:31d1|In|Cat7|8
05:33d1|In|Cat5|10
05:51d1|Out|Cat7|13
05:51d1|Out|Cat7|14
06:02d1|Out|Cat5|16
06:09d1|Out|Cat1|21
06:14d1|In|Cat2|22
06:15d1|Out|Cat5|23
06:24d1|In|Cat7|28
06:25d1|In|Cat5|29
06:28d1|Out|Cat1|30
06:35d1|Out|Cat5|33
06:41d1|In|Cat11|36
06:41d1|In|Cat11|37
06:41d1|In|Cat5|38
06:45d1|Out|Cat5|43
06:47d1|In|Cat4|45
06:52d1|In|Cat1|46
06:55d1|In|Cat4|48
06:58d1|In|Cat1|52
06:59d1|In|Cat1|53
06:59d1|In|Cat5|54
07:00d1|In|Cat11|55
07:00d1|Out|Cat1|56
07:00d1|Out|Cat2|57
07:02d1|Out|Cat7|58
07:03d1|In|Cat7|63
07:05d1|Out|Cat5|65
07:06d1|Out|Cat4|66
07:08d1|In|Cat7|67
07:08d1|Out|Cat1|68
07:12d1|Out|Cat7|69
07:14d1|In|Cat3|71
07:15d1|Out|Cat4|72
07:17d1|Out|Cat7|75
07:18d1|In|Cat3|76
07:19d1|Out|Cat1|77
07:20d1|In|Cat1|78
07:21d1|Out|Cat1|79
07:25d1|In|Cat1|82
07:25d1|In|Cat5|85
07:28d1|Out|Cat3|86
07:29d1|In|Cat5|87
07:31d1|Out|Cat3|88
07:32d1|Out|Cat11|89
07:33d1|In|Cat1|90
07:35d1|Out|Cat1|95
07:35d1|Out|Cat5|92
07:35d1|Out|Cat5|93
07:36d1|Out|Cat1|97
07:44d1|In|Cat1|102
07:54d1|In|Cat7|105
07:55d1|Out|Cat7|106
07:59d1|In|Cat5|115
07:59d1|In|Cat5|116
07:59d1|In|Cat5|117
07:59d1|In|Cat5|118
08:00d1|Out|Cat1|119
08:02d1|Out|Cat5|121
08:03d1|In|Cat5|124
08:05d1|Out|Cat5|126
08:06d1|Out|Cat5|127
08:06d1|Out|Cat5|128
08:08d1|In|Cat7|130
08:13d1|Out|Cat5|132
08:18d1|In|Cat7|137
08:18d1|In|Cat7|138
08:25d1|In|Cat1|142
08:25d1|In|Cat1|143
08:25d1|In|Cat5|144
08:28d1|Out|Cat1|146
08:29d1|In|Cat3|148
08:29d1|In|Cat5|147
08:33d1|In|Cat3|149
08:34d1|In|Cat1|150
08:35d1|Out|Cat1|157
08:35d1|Out|Cat1|158
08:35d1|Out|Cat5|153
08:35d1|Out|Cat5|155
08:36d1|Out|Cat7|159
08:36d1|Out|Cat7|160
08:54d1|Out|Cat7|169
08:55d1|In|Cat4|172
08:58d1|In|Cat1|175
09:00d1|Out|Cat1|177
09:05d1|In|Cat1|179
09:05d1|Out|Cat4|181
09:14d1|In|Cat4|183
09:18d1|In|Cat7|184
09:18d1|In|Cat7|185
09:19d1|Out|Cat1|186
09:21d1|Out|Cat11|187
09:25d1|In|Cat4|188
09:25d1|In|Cat4|190
09:31d1|In|Cat1|192
09:39d1|Out|Cat7|194
09:39d1|Out|Cat7|195
09:47d1|In|Cat5|198
09:48d1|In|Cat7|199
09:48d1|In|Cat7|200
09:55d1|In|Cat4|201
09:58d1|In|Cat5|203
10:02d1|Out|Cat4|206
10:11d1|Out|Cat7|207
10:11d1|Out|Cat7|208
10:13d1|Out|Cat5|209
10:14d1|In|Cat4|210
10:15d1|Out|Cat1|211
10:16d1|In|Cat7|213
10:16d1|In|Cat7|214
10:20d1|In|Cat8|215
10:25d1|In|Cat5|216
10:25d1|In|Cat5|217
10:25d1|In|Cat5|218
10:26d1|Out|Cat8|219
10:29d1|Out|Cat7|220
10:35d1|In|Cat8|221
11:02d1|Out|Cat4|223
11:06d1|Out|Cat7|224
11:25d1|In|Cat5|229
11:25d1|In|Cat5|230
11:36d1|Out|Cat4|231
11:40d1|In|Cat8|232
11:44d1|In|Cat5|233
11:45d1|In|Cat5|235
11:46d1|Out|Cat5|236
11:46d1|Out|Cat5|237
11:47d1|In|Cat4|238
11:48d1|In|Cat7|240
11:55d1|In|Cat4|241
11:59d1|In|Cat1|242
11:59d1|In|Cat1|243
12:01d1|Out|Cat4|244
12:02d1|Out|Cat5|246
12:02d1|Out|Cat5|247
12:04d1|Out|Cat5|248
12:05d1|Out|Cat4|249
12:06d1|Out|Cat5|250
12:13d1|Out|Cat4|252
12:14d1|In|Cat4|253
12:15d1|Out|Cat1|254
12:15d1|Out|Cat1|255
12:20d1|In|Cat8|256
12:25d1|In|Cat1|262
12:25d1|In|Cat5|259
12:25d1|In|Cat5|260
12:28d1|Out|Cat5|263
12:35d1|Out|Cat5|264
12:36d1|Out|Cat5|267
12:42d1|Out|Cat4|268
12:44d1|Out|Cat5|269
12:45d1|Out|Cat1|272
12:47d1|In|Cat4|273
12:50d1|Out|Cat7|274
12:54d1|In|Cat8|275
12:55d1|In|Cat4|276
12:55d1|In|Cat5|277
12:57d1|In|Cat8|278
12:58d1|In|Cat5|279
13:04d1|Out|Cat5|281
13:05d1|In|Cat7|282
13:05d1|In|Cat7|283
13:05d1|In|Cat7|284
13:08d1|Out|Cat8|285
13:14d1|In|Cat5|287
13:15d1|Out|Cat5|288
13:16d1|In|Cat4|290
13:17d1|Out|Cat4|291
13:25d1|In|Cat5|292
13:25d1|In|Cat5|293
13:32d1|Out|Cat4|295
13:33d1|In|Cat4|296
13:35d1|Out|Cat4|297
13:41d1|In|Cat4|299
13:43d1|In|Cat8|300
13:45d1|Out|Cat3|302
13:47d1|In|Cat4|303
13:48d1|In|Cat9|304
13:52d1|In|Cat5|305
13:52d1|Out|Cat7|306
13:52d1|Out|Cat7|307
13:55d1|In|Cat4|310
13:55d1|In|Cat5|308
13:55d1|In|Cat5|309
13:57d1|In|Cat8|311
13:58d1|In|Cat5|312
14:02d1|Out|Cat5|314
14:04d1|In|Cat5|315
14:04d1|In|Cat8|316
14:06d1|In|Cat7|317
14:06d1|In|Cat7|318
14:13d1|Out|Cat4|319
14:14d1|In|Cat1|320
14:18d1|In|Cat7|321
14:19d1|Out|Cat9|322
14:25d1|In|Cat5|323
14:25d1|In|Cat5|324
14:35d1|Out|Cat5|325
14:45d1|Out|Cat7|326
14:50d1|In|Cat5|327
14:53d1|Out|Cat8|328
15:20d1|Out|Cat7|330
15:25d1|In|Cat5|331
15:25d1|In|Cat5|332
15:35d1|Out|Cat1|333
15:35d1|Out|Cat4|334
15:36d1|Out|Cat5|335
15:42d1|Out|Cat4|336
15:45d1|Out|Cat5|339
15:48d1|In|Cat7|340
15:48d1|In|Cat7|341
15:55d1|In|Cat8|342
15:56d1|In|Cat12|343
15:58d1|In|Cat4|344
15:58d1|In|Cat5|345
15:59d1|In|Cat1|346
15:59d1|In|Cat1|347
16:00d1|Out|Cat4|348
16:02d1|Out|Cat5|349
16:05d1|Out|Cat4|353
16:06d1|Out|Cat5|354
16:08d1|Out|Cat5|355
16:11d1|Out|Cat7|356
16:11d1|Out|Cat7|357
16:13d1|Out|Cat5|359
16:14d1|In|Cat3|360
16:15d1|Out|Cat1|361
16:24d1|Out|Cat1|364
16:25d1|In|Cat1|365
16:25d1|In|Cat1|366
16:25d1|In|Cat5|367
16:25d1|In|Cat5|368
16:30d1|Out|Cat5|369
16:35d1|Out|Cat1|370
16:35d1|Out|Cat1|371
16:35d1|Out|Cat4|373
16:39d1|In|Cat8|375
16:42d1|Out|Cat5|376
16:44d1|Out|Cat5|377
16:45d1|Out|Cat3|378
16:47d1|In|Cat4|380
16:50d1|Out|Cat7|381
16:55d1|In|Cat4|382
16:58d1|In|Cat2|383
16:58d1|In|Cat2|384
16:58d1|In|Cat2|385
16:59d1|In|Cat1|386
16:59d1|In|Cat1|387
17:00d1|Out|Cat4|388
17:00d1|Out|Cat4|389
17:02d1|Out|Cat5|391
17:02d1|Out|Cat5|392
17:05d1|Out|Cat5|396
17:06d1|Out|Cat5|397
17:07d1|In|Cat7|399
17:08d1|Out|Cat8|401
17:14d1|In|Cat1|402
17:14d1|In|Cat1|403
17:15d1|Out|Cat1|406
17:15d1|Out|Cat2|407
17:15d1|Out|Cat5|405
17:16d1|In|Cat5|408
17:18d1|In|Cat4|410
17:18d1|In|Cat7|411
17:19d1|Out|Cat1|413
17:19d1|Out|Cat1|414
17:19d1|Out|Cat5|412
17:21d1|Out|Cat7|415
17:26d1|In|Cat1|416
17:26d1|Out|Cat12|417
17:27d1|In|Cat10|418
17:28d1|Out|Cat2|419
17:33d1|In|Cat2|422
17:35d1|Out|Cat1|424
17:35d1|Out|Cat2|423
17:35d1|Out|Cat2|425
17:36d1|Out|Cat4|428
17:40d1|In|Cat1|430
17:41d1|Out|Cat7|431
17:42d1|Out|Cat3|433
17:45d1|Out|Cat1|437
17:47d1|In|Cat4|440
17:50d1|Out|Cat7|442
17:55d1|In|Cat4|448
17:58d1|In|Cat4|450
17:58d1|In|Cat4|451
17:58d1|In|Cat5|452
17:59d1|In|Cat1|453
18:01d1|Out|Cat5|455
18:02d1|Out|Cat1|457
18:04d1|Out|Cat4|460
18:05d1|Out|Cat4|462
18:09d1|In|Cat8|465
18:15d1|Out|Cat4|470
18:16d1|In|Cat1|471
18:19d1|Out|Cat1|474
18:19d1|Out|Cat4|473
18:25d1|In|Cat4|475
18:25d1|In|Cat5|476
18:25d1|In|Cat5|477
18:26d1|Out|Cat8|478
18:28d1|Out|Cat5|479
18:30d1|In|Cat8|480
18:31d1|Out|Cat5|481
18:33d1|In|Cat1|482
18:35d1|Out|Cat1|484
18:36d1|Out|Cat4|486
18:38d1|In|Cat7|487
18:41d1|Out|Cat7|489
18:44d1|In|Cat1|490
18:45d1|Out|Cat1|492
18:51d1|In|Cat1|495
18:55d1|In|Cat4|499
18:58d1|In|Cat5|505
18:58d1|In|Cat5|506
18:59d1|In|Cat5|507
19:00d1|Out|Cat1|508
19:00d1|Out|Cat8|509
19:00d1|Out|Cat8|510
19:02d1|Out|Cat4|512
19:04d1|Out|Cat5|513
19:06d1|Out|Cat5|515
19:08d1|Out|Cat5|516
19:13d1|In|Cat4|517
19:14d1|In|Cat3|519
19:15d1|Out|Cat4|520
19:16d1|In|Cat4|521
19:16d1|In|Cat4|522
19:19d1|Out|Cat4|524
19:20d1|Out|Cat1|525
19:25d1|In|Cat4|527
19:35d1|Out|Cat3|532
19:35d1|Out|Cat4|530
19:41d1|In|Cat3|534
19:47d1|In|Cat4|535
19:55d1|In|Cat4|538
19:59d1|In|Cat5|541
20:02d1|Out|Cat4|542
20:04d1|Out|Cat4|543
20:06d1|Out|Cat4|544
20:15d1|Out|Cat5|547
20:17d1|In|Cat7|549
20:17d1|In|Cat7|550
20:19d1|Out|Cat3|551
20:25d1|In|Cat1|553
20:25d1|In|Cat5|555
20:34d1|In|Cat1|556
20:35d1|Out|Cat1|559
20:35d1|Out|Cat5|558
20:47d1|In|Cat4|563
20:47d1|In|Cat4|564
20:48d1|In|Cat7|565
20:48d1|In|Cat7|566
20:55d1|In|Cat4|567
20:58d1|In|Cat5|570
21:12d1|In|Cat11|573
21:14d1|In|Cat1|574
21:16d1|In|Cat4|576
21:16d1|In|Cat4|577
21:19d1|Out|Cat4|579
21:19d1|Out|Cat5|578
21:20d1|Out|Cat7|580
21:20d1|Out|Cat7|581
21:25d1|In|Cat5|582
21:34d1|In|Cat4|583
21:35d1|Out|Cat4|584
21:40d1|In|Cat11|585
21:58d1|In|Cat5|586
21:59d1|In|Cat5|587
22:07d1|In|Cat7|588
22:15d1|Out|Cat1|590
22:20d1|In|Cat7|591
22:20d1|In|Cat7|592
22:25d1|Out|Cat11|593
22:35d1|Out|Cat5|594
22:44d1|In|Cat7|595
22:57d1|In|Cat8|596
22:57d1|In|Cat8|597
23:25d1|In|Cat4|598
05:13d2|Out|Cat4|600
05:13d2|Out|Cat4|601
05:25d2|In|Cat1|602
05:25d2|In|Cat1|603
05:27d2|In|Cat5|604
05:31d2|In|Cat7|605
05:31d2|In|Cat7|606
05:31d2|Out|Cat4|607
05:33d2|In|Cat5|608
05:35d2|Out|Cat5|609
05:44d2|Out|Cat4|610
05:51d2|Out|Cat7|611
05:51d2|Out|Cat7|612
06:02d2|Out|Cat5|613
06:02d2|Out|Cat8|614
06:06d2|Out|Cat5|616
06:08d2|Out|Cat5|617
06:09d2|Out|Cat1|618
06:09d2|Out|Cat8|619
06:21d2|In|Cat4|623
06:24d2|In|Cat7|624
06:24d2|In|Cat7|625
06:25d2|In|Cat5|626
06:28d2|Out|Cat1|627
06:35d2|Out|Cat1|629
06:35d2|Out|Cat5|630
06:40d2|In|Cat4|632
06:41d2|In|Cat11|633
06:41d2|In|Cat11|634
06:41d2|In|Cat5|635
06:42d2|Out|Cat4|636
06:44d2|Out|Cat4|639
06:45d2|Out|Cat5|640
06:47d2|In|Cat4|641
06:55d2|In|Cat4|644
06:55d2|Out|Cat8|646
06:58d2|In|Cat1|648
06:59d2|In|Cat1|649
06:59d2|In|Cat5|650
07:00d2|In|Cat11|651
07:00d2|Out|Cat1|652
07:00d2|Out|Cat1|653
07:02d2|Out|Cat4|654
07:02d2|Out|Cat7|655
07:02d2|Out|Cat7|656
07:03d2|In|Cat7|658
07:03d2|In|Cat7|659
07:04d2|Out|Cat4|660
07:05d2|Out|Cat4|661
07:06d2|Out|Cat5|662
07:08d2|In|Cat7|663
07:12d2|Out|Cat7|665
07:14d2|In|Cat3|667
07:17d2|Out|Cat7|671
07:18d2|In|Cat3|672
07:25d2|In|Cat4|681
07:25d2|In|Cat4|682
07:28d2|Out|Cat3|683
07:29d2|In|Cat5|684
07:31d2|Out|Cat3|685
07:32d2|Out|Cat11|686
07:33d2|In|Cat1|687
07:35d2|Out|Cat1|689
07:35d2|Out|Cat5|692
07:41d2|Out|Cat10|698
07:54d2|In|Cat7|703
07:55d2|Out|Cat7|704
07:55d2|Out|Cat7|705
07:55d2|In|Cat4|706
07:59d2|In|Cat5|716
08:02d2|Out|Cat4|719
08:02d2|Out|Cat4|720
08:04d2|Out|Cat4|721
08:05d2|In|Cat5|722
08:06d2|Out|Cat5|725
08:06d2|Out|Cat5|726
08:08d2|In|Cat7|727
08:08d2|In|Cat7|728
08:18d2|In|Cat7|735
08:25d2|In|Cat1|739
08:25d2|In|Cat1|740
08:28d2|Out|Cat1|743
08:29d2|In|Cat3|745
08:29d2|In|Cat5|744
08:33d2|In|Cat3|746
08:35d2|In|Cat1|747
08:36d2|Out|Cat1|750
08:36d2|Out|Cat1|751
08:36d2|Out|Cat5|752
08:36d2|Out|Cat7|756
08:36d2|Out|Cat7|757
08:54d2|Out|Cat7|766
09:05d2|In|Cat1|776
09:05d2|In|Cat5|777
09:13d2|Out|Cat5|779
09:14d2|In|Cat4|780
09:18d2|In|Cat9|781
09:21d2|Out|Cat11|783
09:25d2|In|Cat4|784
09:25d2|In|Cat4|785
09:31d2|In|Cat1|787
09:31d2|In|Cat1|788
09:35d2|Out|Cat4|789
09:39d2|Out|Cat7|790
09:39d2|Out|Cat7|791
09:48d2|In|Cat7|795
09:48d2|In|Cat7|796
09:55d2|In|Cat4|797
09:57d2|In|Cat8|798
09:58d2|In|Cat5|799
10:00d2|Out|Cat1|800
10:02d2|In|Cat2|801
10:11d2|Out|Cat9|803
10:13d2|Out|Cat5|804
10:14d2|In|Cat4|805
10:15d2|Out|Cat1|806
10:15d2|Out|Cat1|807
10:16d2|In|Cat7|808
10:16d2|In|Cat7|809
10:25d2|In|Cat4|810
10:25d2|In|Cat4|811
10:25d2|In|Cat4|812
10:25d2|In|Cat5|813
10:26d2|Out|Cat8|814
10:29d2|Out|Cat7|815
11:06d2|Out|Cat7|818
11:06d2|Out|Cat7|819
11:15d2|Out|Cat7|821
11:15d2|Out|Cat7|822
11:25d2|In|Cat5|823
11:25d2|In|Cat5|824
11:30d2|In|Cat5|825
11:36d2|Out|Cat4|826
11:42d2|In|Cat5|827
11:44d2|In|Cat5|828
11:46d2|Out|Cat5|831
11:47d2|In|Cat4|832
11:48d2|In|Cat7|833
11:48d2|In|Cat7|834
11:55d2|In|Cat4|835
11:59d2|In|Cat1|837
12:01d2|Out|Cat5|838
12:02d2|Out|Cat5|839
12:02d2|Out|Cat5|840
12:04d2|Out|Cat5|841
12:05d2|Out|Cat4|842
12:06d2|Out|Cat5|843
12:08d2|In|Cat8|844
12:08d2|Out|Cat2|845
12:10d2|In|Cat8|846
12:14d2|In|Cat4|848
12:15d2|Out|Cat1|850
12:25d2|In|Cat1|855
12:25d2|In|Cat1|856
12:25d2|In|Cat5|851
12:25d2|In|Cat5|852
12:35d2|Out|Cat1|859
12:35d2|Out|Cat1|860
12:40d2|In|Cat8|862
12:42d2|Out|Cat5|863
12:45d2|In|Cat5|865
12:45d2|In|Cat5|866
12:47d2|In|Cat4|868
12:50d2|Out|Cat7|869
12:55d2|In|Cat4|870
12:55d2|In|Cat5|871
12:57d2|In|Cat8|872
12:58d2|In|Cat5|873
13:05d2|In|Cat7|876
13:05d2|In|Cat7|877
13:08d2|Out|Cat8|878
13:13d2|Out|Cat5|879
13:14d2|In|Cat5|880
13:15d2|Out|Cat4|882
13:16d2|In|Cat4|883
13:17d2|Out|Cat4|884
13:25d2|In|Cat5|886
13:25d2|In|Cat5|887
13:32d2|Out|Cat5|888
13:33d2|In|Cat4|889
13:41d2|In|Cat4|892
13:45d2|Out|Cat3|894
13:47d2|In|Cat4|895
13:48d2|In|Cat9|896
13:52d2|In|Cat5|897
13:52d2|Out|Cat7|898
13:52d2|Out|Cat7|899
13:55d2|In|Cat4|900
13:55d2|In|Cat5|901
13:55d2|In|Cat5|902
13:57d2|In|Cat8|903
13:58d2|In|Cat5|904
14:02d2|Out|Cat5|906
14:06d2|In|Cat7|907
14:06d2|In|Cat7|908
14:13d2|Out|Cat5|909
14:18d2|In|Cat7|911
14:19d2|Out|Cat9|912
14:25d2|In|Cat5|913
14:25d2|In|Cat5|914
14:35d2|Out|Cat4|915
14:45d2|Out|Cat7|916
14:53d2|Out|Cat8|917
14:55d2|In|Cat8|918
14:55d2|In|Cat8|919
15:25d2|In|Cat4|921
15:25d2|In|Cat4|922
15:35d2|Out|Cat5|923
15:42d2|Out|Cat5|926
15:42d2|Out|Cat5|927
15:45d2|In|Cat8|929
15:45d2|Out|Cat5|930
15:48d2|In|Cat5|933
15:48d2|In|Cat7|931
15:48d2|In|Cat7|932
15:53d2|In|Cat5|934
15:56d2|In|Cat12|935
15:58d2|In|Cat4|936
15:58d2|In|Cat5|937
15:59d2|In|Cat1|938
15:59d2|In|Cat1|939
15:59d2|In|Cat4|940
16:00d2|Out|Cat5|941
16:02d2|Out|Cat5|942
16:05d2|Out|Cat5|946
16:06d2|Out|Cat4|947
16:08d2|Out|Cat5|948
16:11d2|Out|Cat7|949
16:11d2|Out|Cat7|950
16:13d2|Out|Cat4|952
16:14d2|In|Cat3|953
16:19d2|Out|Cat4|955
16:24d2|Out|Cat1|957
16:25d2|In|Cat1|960
16:25d2|In|Cat1|961
16:25d2|In|Cat5|958
16:25d2|In|Cat5|959
16:30d2|Out|Cat5|962
16:31d2|In|Cat8|963
16:35d2|Out|Cat1|966
16:35d2|Out|Cat5|964
16:39d2|In|Cat8|968
16:42d2|Out|Cat4|969
16:43d2|In|Cat8|970
16:44d2|Out|Cat4|971
16:45d2|Out|Cat3|972
16:47d2|In|Cat4|973
16:47d2|In|Cat4|974
16:50d2|Out|Cat7|975
16:55d2|In|Cat4|976
16:58d2|In|Cat2|978
16:58d2|In|Cat2|979
16:59d2|In|Cat1|980
16:59d2|In|Cat1|981
17:01d2|Out|Cat4|984
17:02d2|Out|Cat5|985
17:02d2|Out|Cat5|987
17:04d2|Out|Cat4|988
17:05d2|Out|Cat5|989
17:05d2|Out|Cat5|990
17:06d2|Out|Cat4|991
17:06d2|Out|Cat5|992
17:07d2|In|Cat7|993
17:08d2|Out|Cat8|995
17:14d2|In|Cat1|996
17:14d2|In|Cat1|997
17:15d2|Out|Cat2|998
17:15d2|Out|Cat2|999
17:15d2|Out|Cat4|1000
17:15d2|Out|Cat4|1001
17:16d2|In|Cat5|1002
17:18d2|In|Cat4|1004
17:18d2|In|Cat4|1005
17:18d2|In|Cat7|1003
17:19d2|Out|Cat1|1008
17:19d2|Out|Cat4|1006
17:21d2|Out|Cat7|1009
17:26d2|In|Cat1|1010
17:26d2|Out|Cat12|1011
17:29d2|In|Cat5|1013
17:31d2|Out|Cat5|1014
17:35d2|Out|Cat1|1016
17:35d2|Out|Cat1|1017
17:35d2|Out|Cat1|1018
17:36d2|Out|Cat1|1022
17:36d2|Out|Cat4|1021
17:36d2|Out|Cat5|1020
17:40d2|In|Cat1|1023
17:41d2|Out|Cat7|1024
17:42d2|Out|Cat3|1026
17:44d2|In|Cat5|1028
17:45d2|Out|Cat5|1029
17:45d2|Out|Cat1|1031
17:47d2|In|Cat4|1032
17:47d2|In|Cat4|1033
17:50d2|Out|Cat7|1035
17:52d2|In|Cat5|1036
17:52d2|Out|Cat7|1037
17:55d2|In|Cat4|1040
17:55d2|In|Cat5|1038
17:55d2|In|Cat5|1039
17:56d2|Out|Cat4|1041
17:57d2|In|Cat8|1042
17:58d2|In|Cat4|1043
17:58d2|In|Cat4|1044
17:58d2|In|Cat5|1045
17:59d2|In|Cat1|1046
18:00d2|Out|Cat5|1047
18:02d2|Out|Cat1|1050
18:02d2|Out|Cat1|1051
18:02d2|Out|Cat1|1052
18:04d2|Out|Cat4|1053
18:05d2|In|Cat5|1054
18:06d2|Out|Cat5|1055
18:06d2|Out|Cat5|1056
18:08d2|Out|Cat4|1057
18:11d2|In|Cat8|1058
18:11d2|Out|Cat7|1059
18:14d2|In|Cat5|1060
18:15d2|Out|Cat5|1061
18:15d2|Out|Cat5|1062
18:16d2|In|Cat1|1063
18:18d2|In|Cat7|1064
18:18d2|In|Cat7|1065
18:19d2|Out|Cat1|1066
18:19d2|Out|Cat5|1067
18:25d2|In|Cat4|1068
18:25d2|In|Cat5|1070
18:26d2|Out|Cat8|1071
18:28d2|Out|Cat5|1072
18:29d2|In|Cat8|1073
18:31d2|Out|Cat4|1074
18:33d2|In|Cat1|1075
18:35d2|Out|Cat1|1077
18:35d2|Out|Cat4|1076
18:38d2|In|Cat7|1081
18:41d2|In|Cat5|1082
18:41d2|Out|Cat7|1083
18:41d2|Out|Cat7|1084
18:44d2|In|Cat1|1085
18:44d2|Out|Cat4|1086
18:46d2|Out|Cat5|1088
18:47d2|In|Cat4|1089
18:51d2|In|Cat1|1090
18:51d2|Out|Cat7|1091
18:55d2|In|Cat4|1095
18:55d2|In|Cat5|1094
18:55d2|Out|Cat7|1096
18:55d2|Out|Cat7|1097
18:56d2|In|Cat7|1098
18:58d2|In|Cat5|1099
18:58d2|In|Cat5|1100
18:58d2|In|Cat5|1101
18:59d2|In|Cat5|1102
19:00d2|Out|Cat8|1103
19:01d2|Out|Cat5|1105
19:04d2|Out|Cat5|1107
19:06d2|Out|Cat5|1109
19:08d2|Out|Cat4|1110
19:13d2|In|Cat4|1111
19:14d2|In|Cat3|1113
19:15d2|Out|Cat5|1114
19:16d2|In|Cat4|1115
19:16d2|In|Cat4|1116
19:19d2|Out|Cat4|1118
19:19d2|Out|Cat5|1117
19:20d2|Out|Cat1|1119
19:25d2|In|Cat4|1120
19:25d2|In|Cat5|1123
19:35d2|Out|Cat3|1126
19:35d2|Out|Cat5|1125
19:37d2|Out|Cat1|1127
19:41d2|In|Cat3|1128
19:47d2|In|Cat4|1129
19:55d2|In|Cat4|1131
19:55d2|In|Cat4|1132
19:59d2|In|Cat5|1135
20:04d2|Out|Cat4|1137
20:13d2|Out|Cat5|1140
20:15d2|Out|Cat4|1141
20:17d2|In|Cat7|1143
20:17d2|In|Cat7|1144
20:19d2|Out|Cat3|1145
20:35d2|In|Cat1|1150
20:45d2|Out|Cat1|1154
20:45d2|Out|Cat4|1151
20:47d2|In|Cat4|1156
20:47d2|In|Cat4|1157
20:47d2|In|Cat4|1158
20:48d2|In|Cat7|1159
20:48d2|In|Cat7|1160
20:55d2|In|Cat4|1161
20:58d2|In|Cat5|1164
21:02d2|Out|Cat5|1165
21:12d2|In|Cat11|1167
21:14d2|In|Cat1|1168
21:15d2|Out|Cat1|1169
21:16d2|In|Cat4|1170
21:16d2|In|Cat4|1171
21:19d2|Out|Cat4|1173
21:20d2|Out|Cat7|1174
21:20d2|Out|Cat7|1175
21:35d2|In|Cat4|1177
21:40d2|In|Cat11|1179
21:58d2|In|Cat5|1180
21:59d2|In|Cat5|1181
22:07d2|In|Cat7|1182
22:08d2|Out|Cat4|1183
22:20d2|In|Cat7|1185
22:20d2|In|Cat7|1186
22:25d2|Out|Cat11|1187
22:44d2|In|Cat7|1189
22:57d2|In|Cat11|1190
23:25d2|In|Cat4|1191
05:13d3|Out|Cat5|1194
05:25d3|In|Cat1|1196
05:27d3|In|Cat5|1197
05:31d3|In|Cat7|1198
05:31d3|In|Cat7|1199
05:33d3|In|Cat5|1201
05:44d3|Out|Cat4|1203
05:51d3|Out|Cat7|1204
05:51d3|Out|Cat7|1205
06:02d3|Out|Cat5|1207
06:02d3|Out|Cat8|1206
06:06d3|Out|Cat4|1209
06:08d3|Out|Cat5|1210
06:09d3|Out|Cat8|1212
06:15d3|Out|Cat5|1214
06:16d3|In|Cat5|1215
06:21d3|In|Cat4|1216
06:24d3|In|Cat7|1217
06:24d3|In|Cat7|1218
06:25d3|In|Cat5|1219
06:28d3|Out|Cat1|1220
06:31d3|Out|Cat5|1221
06:35d3|Out|Cat4|1223
06:35d3|Out|Cat5|1224
06:40d3|In|Cat4|1225
06:41d3|In|Cat11|1227
06:41d3|In|Cat11|1228
06:41d3|In|Cat5|1226
06:42d3|Out|Cat5|1229
06:47d3|In|Cat4|1234
06:55d3|In|Cat4|1236
06:55d3|Out|Cat8|1239
07:00d3|In|Cat11|1244
07:02d3|Out|Cat4|1247
07:02d3|Out|Cat7|1248
07:02d3|Out|Cat7|1249
07:03d3|In|Cat7|1251
07:03d3|In|Cat7|1252
07:04d3|Out|Cat4|1253
07:05d3|Out|Cat4|1254
07:06d3|Out|Cat4|1255
07:08d3|In|Cat7|1256
07:12d3|Out|Cat7|1258
07:14d3|In|Cat3|1260
07:17d3|Out|Cat7|1264
07:18d3|In|Cat3|1265
07:25d3|In|Cat5|1272
07:28d3|Out|Cat3|1275
07:29d3|In|Cat5|1276
07:31d3|Out|Cat3|1277
07:32d3|Out|Cat11|1278
07:33d3|In|Cat1|1279
07:35d3|Out|Cat1|1284
07:35d3|Out|Cat4|1285
07:35d3|Out|Cat5|1280
07:35d3|Out|Cat5|1281
07:44d3|In|Cat1|1291
07:54d3|In|Cat7|1294
07:55d3|Out|Cat7|1295
07:55d3|Out|Cat7|1296
07:55d3|In|Cat4|1297
07:55d3|In|Cat4|1300
07:55d3|In|Cat4|1301
08:00d3|Out|Cat1|1308
08:02d3|Out|Cat4|1310
08:04d3|Out|Cat4|1312
08:05d3|In|Cat5|1313
08:05d3|Out|Cat4|1314
08:06d3|Out|Cat5|1315
08:06d3|Out|Cat4|1317
08:08d3|In|Cat7|1318
08:08d3|In|Cat7|1319
08:13d3|Out|Cat4|1320
08:13d3|Out|Cat4|1321
08:18d3|In|Cat7|1325
08:25d3|In|Cat1|1330
08:25d3|In|Cat1|1331
08:25d3|In|Cat1|1332
08:25d3|In|Cat5|1328
08:28d3|Out|Cat1|1333
08:28d3|Out|Cat1|1334
08:29d3|In|Cat3|1336
08:29d3|In|Cat5|1335
08:33d3|In|Cat3|1337
08:35d3|In|Cat1|1338
08:36d3|Out|Cat1|1340
08:36d3|Out|Cat1|1343
08:36d3|Out|Cat4|1342
08:36d3|Out|Cat4|1345
08:36d3|Out|Cat5|1341
08:36d3|Out|Cat5|1346
08:36d3|Out|Cat7|1347
08:36d3|Out|Cat7|1348
08:45d3|In|Cat5|1352
08:45d3|Out|Cat4|1354
08:54d3|Out|Cat5|1353
08:54d3|Out|Cat7|1357
08:55d3|In|Cat4|1359
09:05d3|In|Cat5|1367
09:14d3|In|Cat4|1371
09:18d3|In|Cat9|1372
09:21d3|Out|Cat11|1374
09:25d3|In|Cat4|1375
09:25d3|In|Cat4|1376
09:31d3|In|Cat1|1379
09:35d3|Out|Cat5|1380
09:39d3|Out|Cat7|1381
09:39d3|Out|Cat7|1382
09:48d3|In|Cat7|1386
09:55d3|In|Cat4|1387
09:57d3|In|Cat8|1388
09:58d3|In|Cat5|1389
10:00d3|Out|Cat1|1390
10:02d3|In|Cat2|1391
10:02d3|Out|Cat5|1392
10:11d3|Out|Cat9|1393
10:13d3|Out|Cat4|1394
10:14d3|In|Cat4|1395
10:15d3|Out|Cat2|1396
10:16d3|In|Cat7|1398
10:16d3|In|Cat7|1399
10:26d3|Out|Cat8|1403
10:29d3|Out|Cat7|1404
11:02d3|Out|Cat4|1407
11:06d3|Out|Cat7|1408
11:06d3|Out|Cat7|1409
11:07d3|In|Cat5|1410
11:13d3|Out|Cat4|1411
11:15d3|Out|Cat7|1412
11:15d3|Out|Cat7|1413
11:25d3|In|Cat5|1414
11:25d3|In|Cat5|1415
11:36d3|Out|Cat5|1416
11:44d3|In|Cat5|1417
11:46d3|Out|Cat4|1419
11:46d3|Out|Cat4|1420
11:47d3|In|Cat4|1421
11:48d3|In|Cat7|1422
11:48d3|In|Cat7|1423
11:55d3|In|Cat4|1424
11:58d3|In|Cat5|1425
11:59d3|In|Cat1|1426
11:59d3|In|Cat1|1427
12:01d3|Out|Cat5|1428
12:02d3|Out|Cat5|1429
12:04d3|Out|Cat4|1431
12:05d3|In|Cat8|1432
12:05d3|Out|Cat5|1433
12:08d3|Out|Cat1|1435
12:13d3|Out|Cat5|1436
12:14d3|In|Cat4|1437
12:15d3|Out|Cat1|1439
12:25d3|In|Cat1|1442
12:25d3|In|Cat1|1443
12:25d3|In|Cat1|1444
12:25d3|In|Cat5|1445
12:25d3|In|Cat8|1446
12:35d3|Out|Cat1|1449
12:35d3|Out|Cat1|1450
12:35d3|Out|Cat5|1451
12:45d3|Out|Cat1|1457
12:47d3|In|Cat4|1458
12:50d3|Out|Cat7|1459
12:55d3|In|Cat4|1461
12:55d3|In|Cat5|1460
12:57d3|In|Cat8|1462
12:58d3|In|Cat5|1463
13:02d3|In|Cat10|1464
13:02d3|Out|Cat5|1465
13:04d3|Out|Cat5|1466
13:05d3|In|Cat7|1467
13:05d3|In|Cat7|1468
13:08d3|Out|Cat8|1469
13:10d3|In|Cat4|1470
13:13d3|Out|Cat4|1471
13:14d3|In|Cat5|1472
13:15d3|Out|Cat4|1473
13:15d3|Out|Cat5|1474
13:16d3|In|Cat4|1475
13:32d3|Out|Cat4|1480
13:33d3|In|Cat4|1481
13:35d3|Out|Cat4|1482
13:41d3|In|Cat4|1484
13:45d3|Out|Cat3|1486
13:47d3|In|Cat4|1487
13:48d3|In|Cat9|1488
13:52d3|Out|Cat7|1490
13:52d3|Out|Cat7|1491
13:55d3|In|Cat4|1492
13:55d3|In|Cat4|1493
13:55d3|In|Cat4|1494
13:57d3|In|Cat8|1495
13:58d3|In|Cat5|1497
14:02d3|Out|Cat5|1498
14:06d3|In|Cat7|1500
14:06d3|In|Cat7|1501
14:13d3|Out|Cat4|1502
14:14d3|In|Cat1|1503
14:18d3|In|Cat7|1504
14:18d3|In|Cat7|1505
14:19d3|Out|Cat9|1506
14:25d3|In|Cat5|1508
14:45d3|Out|Cat7|1510
14:51d3|In|Cat8|1511
14:53d3|Out|Cat8|1512
15:01d3|In|Cat5|1513
15:16d3|In|Cat8|1515
15:25d3|In|Cat5|1516
15:25d3|In|Cat5|1517
15:35d3|Out|Cat1|1519
15:35d3|Out|Cat4|1518
15:44d3|Out|Cat5|1523
15:45d3|Out|Cat4|1524
15:48d3|In|Cat7|1525
15:48d3|In|Cat7|1526
15:56d3|In|Cat12|1527
15:58d3|In|Cat4|1529
15:58d3|In|Cat5|1528
15:59d3|In|Cat1|1531
16:00d3|Out|Cat4|1532
16:02d3|Out|Cat4|1534
16:02d3|Out|Cat5|1535
16:05d3|Out|Cat4|1537
16:06d3|Out|Cat4|1538
16:08d3|Out|Cat5|1539
16:11d3|Out|Cat7|1540
16:11d3|Out|Cat7|1541
16:12d3|In|Cat8|1542
16:13d3|Out|Cat5|1544
16:14d3|In|Cat3|1545
16:15d3|Out|Cat1|1546
16:19d3|Out|Cat4|1547
16:25d3|In|Cat1|1550
16:25d3|In|Cat1|1551
16:25d3|In|Cat5|1552
16:25d3|In|Cat5|1553
16:30d3|Out|Cat4|1554
16:35d3|Out|Cat1|1556
16:35d3|Out|Cat1|1557
16:35d3|Out|Cat5|1555
16:39d3|In|Cat8|1559
16:44d3|Out|Cat4|1561
16:45d3|Out|Cat3|1562
16:47d3|In|Cat4|1563
16:47d3|In|Cat4|1564
16:50d3|Out|Cat7|1565
16:55d3|In|Cat4|1566
16:58d3|In|Cat2|1568
16:58d3|In|Cat2|1569
16:59d3|In|Cat1|1571
17:00d3|Out|Cat4|1572
17:02d3|Out|Cat4|1577
17:02d3|Out|Cat5|1576
17:04d3|Out|Cat5|1578
17:06d3|Out|Cat4|1581
17:07d3|In|Cat7|1583
17:08d3|Out|Cat4|1584
17:08d3|Out|Cat8|1585
17:14d3|In|Cat1|1586
17:14d3|In|Cat1|1587
17:15d3|Out|Cat2|1588
17:15d3|Out|Cat2|1589
17:15d3|Out|Cat4|1590
17:16d3|In|Cat5|1592
17:18d3|In|Cat4|1593
17:18d3|In|Cat4|1594
17:18d3|In|Cat7|1595
17:19d3|Out|Cat5|1598
17:21d3|Out|Cat7|1599
17:26d3|In|Cat1|1600
17:26d3|Out|Cat12|1601
17:29d3|In|Cat5|1603
17:31d3|Out|Cat5|1604
17:35d3|Out|Cat1|1606
17:35d3|Out|Cat1|1608
17:36d3|In|Cat8|1610
17:36d3|Out|Cat4|1612
17:40d3|In|Cat1|1614
17:41d3|Out|Cat7|1615
17:42d3|Out|Cat3|1617
17:45d3|Out|Cat1|1621
17:45d3|Out|Cat1|1622
17:47d3|In|Cat4|1623
17:47d3|In|Cat4|1624
17:50d3|Out|Cat1|1625
17:50d3|Out|Cat7|1626
17:52d3|Out|Cat7|1628
17:55d3|In|Cat4|1630
17:56d3|Out|Cat4|1632
17:58d3|In|Cat4|1634
17:58d3|In|Cat4|1635
17:59d3|In|Cat1|1636
18:00d3|Out|Cat4|1637
18:02d3|Out|Cat1|1640
18:02d3|Out|Cat4|1642
18:11d3|Out|Cat7|1648
18:15d3|Out|Cat4|1651
18:16d3|In|Cat1|1652
18:17d3|In|Cat8|1653
18:18d3|In|Cat7|1654
18:18d3|In|Cat7|1655
18:19d3|Out|Cat4|1657
18:25d3|In|Cat4|1660
18:25d3|In|Cat5|1661
18:26d3|Out|Cat8|1662
18:31d3|Out|Cat5|1664
18:33d3|In|Cat1|1665
18:35d3|Out|Cat1|1667
18:36d3|Out|Cat4|1669
18:38d3|In|Cat7|1670
18:39d3|In|Cat8|1671
18:41d3|Out|Cat7|1673
18:41d3|Out|Cat7|1674
18:44d3|In|Cat1|1675
18:44d3|Out|Cat4|1676
18:47d3|In|Cat4|1679
18:51d3|In|Cat1|1680
18:51d3|Out|Cat7|1681
18:52d3|In|Cat10|1683
18:55d3|In|Cat4|1685
18:55d3|Out|Cat7|1687
18:55d3|Out|Cat7|1688
18:56d3|In|Cat7|1689
18:58d3|In|Cat5|1692
18:59d3|In|Cat5|1693
19:00d3|Out|Cat1|1694
19:00d3|Out|Cat8|1695
19:01d3|Out|Cat5|1696
19:02d3|Out|Cat4|1697
19:06d3|Out|Cat5|1700
19:13d3|In|Cat4|1702
19:14d3|Out|Cat4|1703
19:14d3|In|Cat3|1704
19:16d3|In|Cat4|1706
19:16d3|In|Cat4|1707
19:19d3|Out|Cat4|1708
19:20d3|Out|Cat1|1710
19:25d3|In|Cat4|1712
19:25d3|In|Cat5|1713
19:35d3|Out|Cat3|1715
19:35d3|Out|Cat4|1717
19:35d3|Out|Cat5|1716
19:37d3|Out|Cat1|1718
19:41d3|In|Cat3|1719
19:47d3|In|Cat4|1720
19:55d3|In|Cat4|1723
19:55d3|In|Cat5|1722
19:58d3|In|Cat5|1724
19:59d3|In|Cat5|1725
19:59d3|In|Cat5|1726
20:02d3|Out|Cat4|1727
20:04d3|Out|Cat5|1728
20:06d3|Out|Cat4|1729
20:13d3|Out|Cat5|1731
20:15d3|Out|Cat5|1732
20:15d3|Out|Cat5|1733
20:17d3|In|Cat7|1734
20:17d3|In|Cat7|1735
20:19d3|Out|Cat3|1736
20:25d3|In|Cat1|1738
20:25d3|In|Cat5|1740
20:35d3|In|Cat1|1741
20:44d3|Out|Cat1|1744
20:44d3|Out|Cat1|1745
20:44d3|Out|Cat4|1743
20:44d3|Out|Cat5|1746
20:45d3|In|Cat4|1747
20:47d3|In|Cat4|1748
20:47d3|In|Cat4|1749
20:48d3|In|Cat7|1750
20:48d3|In|Cat7|1751
20:55d3|In|Cat4|1752
20:55d3|In|Cat4|1753
20:55d3|In|Cat4|1754
20:58d3|In|Cat5|1755
21:12d3|In|Cat11|1758
21:14d3|In|Cat1|1759
21:16d3|In|Cat4|1761
21:16d3|In|Cat4|1762
21:19d3|Out|Cat4|1764
21:19d3|Out|Cat5|1763
21:20d3|Out|Cat7|1765
21:25d3|In|Cat5|1766
21:35d3|In|Cat4|1767
21:40d3|Out|Cat4|1768
21:40d3|In|Cat11|1769
21:58d3|In|Cat5|1770
21:59d3|In|Cat5|1771
22:07d3|In|Cat7|1772
22:08d3|Out|Cat5|1773
22:15d3|Out|Cat1|1774
22:20d3|In|Cat7|1775
22:20d3|In|Cat7|1776
22:25d3|Out|Cat11|1777
22:44d3|In|Cat7|1779
22:57d3|In|Cat11|1780
23:25d3|In|Cat4|1781
05:25d4|In|Cat1|1786
05:27d4|In|Cat5|1787
05:31d4|In|Cat7|1788
05:31d4|In|Cat7|1789
05:33d4|In|Cat5|1791
05:35d4|Out|Cat5|1792
05:44d4|Out|Cat5|1793
05:51d4|Out|Cat7|1794
05:51d4|Out|Cat7|1795
06:02d4|Out|Cat4|1796
06:02d4|Out|Cat8|1797
06:04d4|Out|Cat5|1798
06:06d4|Out|Cat4|1799
06:08d4|Out|Cat4|1800
06:09d4|Out|Cat1|1802
06:09d4|Out|Cat8|1801
06:16d4|In|Cat5|1805
06:21d4|In|Cat4|1806
06:24d4|In|Cat7|1807
06:24d4|In|Cat7|1808
06:25d4|In|Cat5|1809
06:31d4|Out|Cat5|1811
06:35d4|Out|Cat5|1813
06:40d4|In|Cat4|1815
06:41d4|In|Cat11|1816
06:41d4|In|Cat11|1817
06:41d4|In|Cat5|1818
06:42d4|Out|Cat5|1819
06:44d4|Out|Cat5|1822
06:45d4|Out|Cat4|1823
06:47d4|In|Cat4|1824
06:55d4|In|Cat4|1827
06:55d4|Out|Cat8|1829
06:58d4|In|Cat1|1831
06:58d4|In|Cat5|1830
06:59d4|In|Cat1|1832
06:59d4|In|Cat5|1833
07:00d4|In|Cat11|1834
07:00d4|Out|Cat1|1835
07:02d4|Out|Cat4|1838
07:02d4|Out|Cat5|1837
07:02d4|Out|Cat7|1839
07:02d4|Out|Cat7|1840
07:03d4|In|Cat7|1841
07:03d4|In|Cat7|1842
07:05d4|Out|Cat5|1844
07:08d4|In|Cat7|1846
07:12d4|Out|Cat7|1848
07:13d4|In|Cat5|1849
07:14d4|In|Cat3|1850
07:15d4|Out|Cat4|1851
07:15d4|Out|Cat5|1852
07:17d4|Out|Cat7|1854
07:18d4|In|Cat3|1855
07:19d4|Out|Cat1|1856
07:20d4|In|Cat1|1857
07:28d4|Out|Cat1|1858
07:28d4|Out|Cat3|1865
07:29d4|In|Cat5|1866
07:31d4|Out|Cat3|1867
07:32d4|Out|Cat11|1868
07:35d4|Out|Cat4|1870
07:35d4|Out|Cat4|1873
07:35d4|Out|Cat5|1871
07:41d4|Out|Cat10|1879
07:44d4|In|Cat1|1880
07:44d4|In|Cat1|1881
07:54d4|In|Cat7|1884
07:55d4|Out|Cat7|1885
07:55d4|Out|Cat7|1886
07:55d4|In|Cat4|1889
07:59d4|In|Cat5|1894
07:59d4|In|Cat5|1895
07:59d4|In|Cat5|1896
07:59d4|In|Cat5|1897
08:00d4|Out|Cat1|1898
08:00d4|Out|Cat1|1899
08:02d4|Out|Cat4|1901
08:04d4|Out|Cat4|1902
08:05d4|In|Cat5|1903
08:05d4|Out|Cat4|1904
08:06d4|Out|Cat5|1905
08:06d4|Out|Cat5|1906
08:06d4|Out|Cat5|1907
08:08d4|In|Cat7|1908
08:08d4|In|Cat7|1909
08:13d4|Out|Cat5|1910
08:13d4|Out|Cat5|1911
08:18d4|In|Cat7|1916
08:25d4|In|Cat1|1920
08:25d4|In|Cat1|1921
08:25d4|In|Cat1|1922
08:28d4|Out|Cat1|1923
08:28d4|Out|Cat1|1924
08:29d4|In|Cat3|1925
08:33d4|In|Cat3|1927
08:35d4|In|Cat1|1928
08:36d4|Out|Cat1|1933
08:36d4|Out|Cat1|1934
08:36d4|Out|Cat4|1929
08:36d4|Out|Cat4|1930
08:36d4|Out|Cat4|1936
08:36d4|Out|Cat7|1937
08:36d4|Out|Cat7|1938
08:45d4|Out|Cat4|1943
08:54d4|Out|Cat7|1947
08:54d4|Out|Cat7|1948
08:55d4|In|Cat4|1951
09:14d4|In|Cat4|1962
09:18d4|In|Cat9|1963
09:21d4|Out|Cat11|1965
09:25d4|In|Cat4|1967
09:25d4|In|Cat4|1968
09:31d4|In|Cat1|1970
09:35d4|Out|Cat4|1971
09:39d4|Out|Cat7|1972
09:39d4|Out|Cat7|1973
09:48d4|In|Cat7|1977
09:55d4|In|Cat4|1978
09:57d4|In|Cat8|1979
10:03d4|In|Cat8|1984
10:11d4|Out|Cat9|1985
10:13d4|Out|Cat4|1986
10:14d4|In|Cat4|1987
10:15d4|Out|Cat1|1988
10:16d4|In|Cat7|1990
10:16d4|In|Cat7|1991
10:26d4|Out|Cat8|1995
10:29d4|Out|Cat7|1996
10:37d4|In|Cat8|1998
10:42d4|Out|Cat11|1999
10:48d4|In|Cat5|2000
11:02d4|Out|Cat5|2001
11:06d4|Out|Cat7|2002
11:11d4|In|Cat5|2003
11:11d4|Out|Cat11|2004
11:13d4|Out|Cat5|2005
11:15d4|Out|Cat7|2006
11:15d4|Out|Cat7|2007
11:25d4|In|Cat5|2009
11:36d4|Out|Cat5|2010
11:37d4|In|Cat4|2011
11:44d4|In|Cat5|2012
11:47d4|In|Cat4|2016
11:48d4|In|Cat7|2017
11:48d4|In|Cat7|2018
11:55d4|In|Cat4|2019
11:59d4|In|Cat1|2020
11:59d4|In|Cat1|2021
12:01d4|Out|Cat4|2022
12:02d4|Out|Cat4|2024
12:02d4|Out|Cat5|2023
12:04d4|Out|Cat4|2025
12:08d4|Out|Cat1|2028
12:11d4|In|Cat8|2029
12:14d4|In|Cat4|2031
12:15d4|Out|Cat1|2032
12:25d4|In|Cat1|2037
12:25d4|In|Cat1|2038
12:28d4|Out|Cat4|2040
12:34d4|In|Cat5|2041
12:35d4|Out|Cat1|2043
12:35d4|Out|Cat1|2045
12:36d4|Out|Cat4|2046
12:42d4|Out|Cat4|2047
12:44d4|Out|Cat5|2048
12:45d4|In|Cat4|2049
12:45d4|In|Cat4|2050
12:45d4|In|Cat4|2051
12:47d4|In|Cat4|2053
12:50d4|Out|Cat7|2054
12:55d4|In|Cat4|2056
12:57d4|In|Cat8|2057
12:58d4|In|Cat5|2058
13:02d4|Out|Cat5|2059
13:05d4|In|Cat7|2061
13:05d4|In|Cat7|2062
13:08d4|Out|Cat8|2063
13:13d4|Out|Cat4|2064
13:14d4|In|Cat5|2065
13:15d4|Out|Cat4|2066
13:15d4|Out|Cat5|2067
13:16d4|In|Cat4|2068
13:25d4|In|Cat5|2070
13:25d4|In|Cat5|2071
13:33d4|In|Cat4|2074
13:35d4|Out|Cat5|2075
13:41d4|In|Cat4|2077
13:45d4|Out|Cat3|2079
13:47d4|In|Cat4|2080
13:48d4|In|Cat9|2081
13:49d4|Out|Cat7|2082
13:52d4|In|Cat5|2083
13:52d4|In|Cat8|2084
13:52d4|Out|Cat7|2085
13:52d4|Out|Cat7|2086
13:55d4|In|Cat4|2087
13:55d4|In|Cat5|2088
13:55d4|In|Cat5|2089
13:57d4|In|Cat8|2090
13:58d4|In|Cat1|2091
13:58d4|In|Cat5|2092
14:02d4|Out|Cat1|2093
14:02d4|Out|Cat4|2094
14:06d4|In|Cat7|2095
14:06d4|In|Cat7|2096
14:13d4|Out|Cat4|2097
14:14d4|In|Cat1|2098
14:18d4|In|Cat9|2099
14:19d4|Out|Cat9|2100
14:25d4|In|Cat5|2101
14:25d4|In|Cat5|2102
14:35d4|Out|Cat4|2103
14:45d4|Out|Cat7|2104
14:53d4|Out|Cat8|2105
14:56d4|In|Cat3|2106
15:11d4|Out|Cat9|2107
15:20d4|Out|Cat7|2108
15:25d4|In|Cat5|2109
15:25d4|In|Cat5|2110
15:34d4|In|Cat8|2111
15:35d4|Out|Cat4|2112
15:41d4|Out|Cat1|2116
15:44d4|Out|Cat4|2119
15:45d4|Out|Cat4|2120
15:48d4|In|Cat7|2121
15:48d4|In|Cat7|2122
15:56d4|In|Cat12|2123
15:58d4|In|Cat4|2124
15:58d4|In|Cat5|2125
15:59d4|In|Cat1|2127
16:00d4|Out|Cat5|2128
16:02d4|Out|Cat4|2129
16:02d4|Out|Cat5|2131
16:04d4|Out|Cat5|2132
16:05d4|Out|Cat4|2133
16:08d4|Out|Cat4|2135
16:11d4|Out|Cat7|2136
16:11d4|Out|Cat7|2137
16:12d4|In|Cat8|2138
16:13d4|Out|Cat5|2139
16:14d4|In|Cat3|2141
16:14d4|Out|Cat11|2142
16:15d4|Out|Cat1|2143
16:18d4|In|Cat5|2144
16:19d4|Out|Cat5|2146
16:25d4|In|Cat1|2150
16:25d4|In|Cat1|2151
16:25d4|In|Cat5|2148
16:25d4|In|Cat5|2149
16:35d4|Out|Cat1|2154
16:35d4|Out|Cat5|2155
16:39d4|In|Cat8|2157
16:42d4|Out|Cat5|2158
16:44d4|Out|Cat5|2159
16:45d4|Out|Cat3|2160
16:47d4|In|Cat4|2161
16:47d4|In|Cat4|2162
16:50d4|Out|Cat7|2163
16:55d4|In|Cat4|2164
16:58d4|In|Cat2|2166
16:58d4|In|Cat2|2167
16:59d4|In|Cat1|2168
16:59d4|In|Cat1|2169
17:00d4|Out|Cat4|2170
17:00d4|Out|Cat4|2171
17:02d4|Out|Cat4|2174
17:02d4|Out|Cat4|2175
17:02d4|Out|Cat5|2173
17:03d4|Out|Cat2|2176
17:04d4|Out|Cat4|2177
17:05d4|Out|Cat4|2179
17:05d4|Out|Cat5|2178
17:06d4|Out|Cat5|2180
17:06d4|Out|Cat5|2181
17:07d4|In|Cat7|2182
17:08d4|Out|Cat5|2183
17:08d4|Out|Cat8|2184
17:14d4|In|Cat1|2185
17:14d4|In|Cat1|2186
17:15d4|Out|Cat2|2189
17:15d4|Out|Cat4|2188
17:18d4|In|Cat4|2192
17:18d4|In|Cat4|2193
17:18d4|In|Cat7|2194
17:19d4|Out|Cat4|2197
17:21d4|Out|Cat7|2198
17:26d4|In|Cat1|2199
17:26d4|Out|Cat12|2200
17:35d4|Out|Cat1|2206
17:35d4|Out|Cat1|2207
17:36d4|Out|Cat4|2209
17:40d4|In|Cat1|2213
17:41d4|Out|Cat7|2214
17:42d4|Out|Cat3|2216
17:45d4|Out|Cat1|2220
17:45d4|Out|Cat1|2221
17:47d4|In|Cat4|2222
17:47d4|In|Cat4|2223
17:50d4|Out|Cat7|2225
17:51d4|In|Cat4|2226
17:52d4|Out|Cat7|2228
17:52d4|Out|Cat7|2229
17:55d4|In|Cat4|2230
17:55d4|In|Cat5|2232
17:56d4|Out|Cat5|2233
17:58d4|In|Cat4|2234
17:58d4|In|Cat4|2235
17:58d4|In|Cat5|2236
17:59d4|In|Cat1|2237
18:01d4|Out|Cat4|2239
18:02d4|Out|Cat1|2242
18:02d4|Out|Cat4|2240
18:02d4|Out|Cat7|2244
18:05d4|In|Cat5|2246
18:08d4|Out|Cat5|2247
18:08d4|Out|Cat5|2249
18:14d4|In|Cat5|2251
18:16d4|In|Cat1|2254
18:18d4|In|Cat7|2255
18:18d4|In|Cat7|2256
18:19d4|Out|Cat1|2257
18:19d4|Out|Cat4|2258
18:25d4|In|Cat4|2259
18:25d4|In|Cat5|2260
18:25d4|In|Cat5|2261
18:25d4|Out|Cat1|2262
18:26d4|Out|Cat8|2263
18:26d4|Out|Cat8|2264
18:28d4|Out|Cat5|2265
18:31d4|Out|Cat5|2266
18:33d4|In|Cat1|2267
18:35d4|Out|Cat1|2268
18:35d4|Out|Cat1|2269
18:35d4|Out|Cat5|2270
18:38d4|In|Cat7|2272
18:38d4|Out|Cat1|2273
18:41d4|Out|Cat7|2275
18:41d4|Out|Cat7|2276
18:44d4|In|Cat1|2277
18:46d4|Out|Cat4|2280
18:47d4|In|Cat4|2281
18:51d4|In|Cat1|2282
18:51d4|Out|Cat7|2283
18:55d4|In|Cat4|2285
18:58d4|In|Cat4|2292
18:58d4|In|Cat4|2293
18:59d4|In|Cat5|2294
19:00d4|Out|Cat8|2296
19:01d4|Out|Cat4|2297
19:02d4|Out|Cat4|2298
19:04d4|Out|Cat4|2299
19:05d4|Out|Cat5|2300
19:13d4|In|Cat4|2303
19:14d4|Out|Cat4|2304
19:14d4|In|Cat3|2305
19:15d4|Out|Cat4|2306
19:16d4|In|Cat4|2307
19:16d4|In|Cat4|2308
19:18d4|Out|Cat11|2309
19:19d4|Out|Cat4|2310
19:20d4|Out|Cat1|2312
19:25d4|In|Cat4|2314
19:35d4|Out|Cat3|2318
19:35d4|Out|Cat4|2317
19:37d4|Out|Cat1|2320
19:41d4|In|Cat3|2321
19:47d4|In|Cat4|2322
19:55d4|In|Cat4|2324
19:58d4|In|Cat5|2326
19:58d4|Out|Cat11|2327
19:59d4|In|Cat5|2328
19:59d4|In|Cat5|2329
20:02d4|Out|Cat5|2330
20:04d4|Out|Cat4|2331
20:06d4|Out|Cat4|2332
20:06d4|Out|Cat5|2333
20:15d4|Out|Cat4|2336
20:15d4|Out|Cat5|2335
20:17d4|In|Cat7|2337
20:17d4|In|Cat7|2338
20:19d4|Out|Cat3|2339
20:25d4|In|Cat5|2340
20:25d4|In|Cat5|2341
20:35d4|Out|Cat4|2348
20:35d4|Out|Cat5|2345
20:44d4|Out|Cat5|2349
20:45d4|In|Cat4|2350
20:47d4|In|Cat4|2351
20:47d4|In|Cat4|2352
20:48d4|In|Cat7|2353
20:48d4|In|Cat7|2354
20:55d4|In|Cat4|2357
20:58d4|In|Cat5|2358
21:02d4|Out|Cat4|2359
21:02d4|Out|Cat5|2360
21:12d4|In|Cat11|2361
21:16d4|In|Cat4|2364
21:16d4|In|Cat4|2365
21:19d4|Out|Cat4|2366
21:19d4|Out|Cat4|2367
21:20d4|Out|Cat7|2368
21:25d4|In|Cat5|2369
21:35d4|In|Cat4|2370
21:40d4|In|Cat11|2372
21:58d4|In|Cat5|2373
21:59d4|In|Cat5|2374
22:07d4|In|Cat7|2375
22:08d4|Out|Cat4|2376
22:20d4|In|Cat7|2378
22:20d4|In|Cat7|2379
22:25d4|Out|Cat11|2380
22:35d4|Out|Cat5|2381
22:44d4|In|Cat7|2382
22:57d4|In|Cat11|2383
23:25d4|In|Cat4|2384
05:13d5|Out|Cat4|2387
05:13d5|Out|Cat5|2386
05:25d5|In|Cat1|2389
05:27d5|In|Cat5|2390
05:31d5|In|Cat7|2391
05:31d5|In|Cat7|2392
05:33d5|In|Cat5|2394
05:51d5|Out|Cat7|2397
05:51d5|Out|Cat7|2398
06:02d5|Out|Cat4|2399
06:02d5|Out|Cat8|2400
06:04d5|Out|Cat5|2401
06:08d5|Out|Cat5|2403
06:09d5|Out|Cat1|2405
06:09d5|Out|Cat8|2404
06:15d5|Out|Cat5|2407
06:21d5|In|Cat4|2409
06:24d5|In|Cat7|2410
06:24d5|In|Cat7|2411
06:25d5|In|Cat5|2412
06:31d5|Out|Cat5|2414
06:35d5|Out|Cat4|2415
06:40d5|In|Cat4|2418
06:41d5|In|Cat11|2420
06:41d5|In|Cat11|2421
06:41d5|In|Cat5|2419
06:42d5|Out|Cat4|2422
06:44d5|Out|Cat5|2425
06:45d5|Out|Cat4|2426
06:47d5|In|Cat4|2427
06:55d5|In|Cat4|2430
06:55d5|In|Cat5|2431
06:55d5|Out|Cat8|2432
06:58d5|In|Cat5|2434
06:59d5|In|Cat1|2436
06:59d5|In|Cat5|2435
07:00d5|In|Cat11|2437
07:00d5|Out|Cat1|2438
07:02d5|Out|Cat5|2443
07:02d5|Out|Cat7|2440
07:02d5|Out|Cat7|2441
07:03d5|In|Cat7|2444
07:03d5|In|Cat7|2445
07:04d5|Out|Cat4|2446
07:05d5|Out|Cat5|2447
07:06d5|Out|Cat5|2448
07:08d5|In|Cat7|2449
07:12d5|Out|Cat7|2451
07:13d5|In|Cat5|2452
07:14d5|In|Cat3|2453
07:15d5|Out|Cat5|2455
07:17d5|Out|Cat7|2457
07:18d5|In|Cat3|2458
07:20d5|In|Cat1|2460
07:25d5|Out|Cat1|2461
07:28d5|In|Cat1|2465
07:28d5|In|Cat1|2466
07:28d5|In|Cat5|2467
07:28d5|Out|Cat3|2468
07:29d5|In|Cat5|2469
07:31d5|Out|Cat3|2470
07:32d5|Out|Cat11|2471
07:33d5|In|Cat1|2472
07:35d5|Out|Cat1|2477
07:35d5|Out|Cat1|2478
07:35d5|Out|Cat4|2475
07:35d5|Out|Cat5|2473
07:35d5|Out|Cat5|2476
07:36d5|Out|Cat1|2479
07:41d5|Out|Cat10|2482
07:54d5|In|Cat7|2487
07:55d5|Out|Cat7|2488
07:55d5|In|Cat4|2489
08:02d5|Out|Cat4|2502
08:04d5|Out|Cat4|2504
08:05d5|In|Cat5|2505
08:05d5|Out|Cat4|2506
08:05d5|Out|Cat4|2507
08:06d5|Out|Cat5|2509
08:08d5|In|Cat7|2510
08:08d5|In|Cat7|2511
08:13d5|Out|Cat4|2513
08:18d5|In|Cat7|2517
08:25d5|In|Cat1|2523
08:25d5|In|Cat1|2524
08:28d5|Out|Cat1|2525
08:28d5|Out|Cat1|2526
08:29d5|In|Cat3|2528
08:33d5|In|Cat3|2529
08:35d5|In|Cat1|2530
08:36d5|Out|Cat1|2535
08:36d5|Out|Cat4|2532
08:36d5|Out|Cat4|2538
08:36d5|Out|Cat7|2539
08:36d5|Out|Cat7|2540
08:45d5|In|Cat5|2544
08:52d5|Out|Cat5|2545
08:52d5|In|Cat4|2548
08:54d5|Out|Cat7|2549
08:54d5|Out|Cat7|2550
08:55d5|In|Cat4|2551
09:05d5|In|Cat5|2560
09:05d5|Out|Cat4|2562
09:14d5|In|Cat4|2564
09:18d5|In|Cat9|2565
09:21d5|Out|Cat11|2567
09:25d5|In|Cat4|2568
09:25d5|In|Cat4|2570
09:35d5|Out|Cat5|2573
09:39d5|Out|Cat7|2574
09:39d5|Out|Cat7|2575
09:47d5|In|Cat5|2578
09:48d5|In|Cat7|2579
09:55d5|In|Cat4|2580
09:57d5|In|Cat8|2581
09:58d5|In|Cat5|2582
10:02d5|Out|Cat5|2585
10:11d5|Out|Cat9|2586
10:13d5|Out|Cat5|2587
10:14d5|In|Cat4|2588
10:16d5|In|Cat7|2590
10:16d5|In|Cat7|2591
10:25d5|In|Cat5|2593
10:25d5|In|Cat5|2594
10:26d5|Out|Cat8|2595
10:29d5|Out|Cat7|2596
11:02d5|Out|Cat5|2598
11:06d5|Out|Cat7|2599
11:13d5|Out|Cat5|2600
11:15d5|Out|Cat7|2601
11:15d5|Out|Cat7|2602
11:25d5|In|Cat5|2603
11:25d5|In|Cat5|2604
11:40d5|Out|Cat11|2606
11:44d5|In|Cat5|2607
11:46d5|Out|Cat5|2609
11:47d5|In|Cat4|2611
11:48d5|In|Cat7|2612
11:55d5|In|Cat4|2613
11:59d5|In|Cat1|2615
12:01d5|Out|Cat5|2616
12:06d5|Out|Cat5|2621
12:08d5|Out|Cat1|2622
12:14d5|In|Cat4|2624
12:25d5|In|Cat1|2632
12:25d5|In|Cat5|2630
12:35d5|Out|Cat4|2636
12:36d5|Out|Cat5|2637
12:42d5|Out|Cat4|2638
12:44d5|Out|Cat4|2639
12:45d5|In|Cat5|2641
12:47d5|In|Cat4|2643
12:50d5|Out|Cat7|2644
12:55d5|In|Cat4|2645
12:55d5|In|Cat5|2646
12:57d5|In|Cat8|2648
12:58d5|In|Cat5|2649
13:02d5|Out|Cat5|2650
13:04d5|Out|Cat5|2651
13:05d5|In|Cat7|2652
13:05d5|In|Cat7|2653
13:05d5|In|Cat7|2654
13:08d5|Out|Cat8|2655
13:11d5|Out|Cat1|2656
13:12d5|Out|Cat7|2657
13:13d5|Out|Cat5|2658
13:14d5|In|Cat5|2659
13:16d5|In|Cat4|2660
13:17d5|Out|Cat5|2661
13:33d5|In|Cat4|2666
13:36d5|Out|Cat11|2668
13:41d5|In|Cat4|2670
13:45d5|Out|Cat4|2672
13:47d5|In|Cat4|2673
13:48d5|In|Cat9|2674
13:52d5|Out|Cat7|2676
13:55d5|In|Cat4|2677
13:55d5|In|Cat5|2679
13:57d5|In|Cat8|2680
13:58d5|In|Cat5|2682
14:02d5|Out|Cat4|2683
14:06d5|In|Cat7|2684
14:06d5|In|Cat7|2685
14:13d5|Out|Cat4|2686
14:14d5|In|Cat1|2687
14:18d5|In|Cat7|2688
14:18d5|In|Cat7|2689
14:19d5|Out|Cat9|2690
14:25d5|In|Cat5|2691
14:25d5|In|Cat5|2692
14:28d5|In|Cat7|2693
14:35d5|Out|Cat5|2694
14:45d5|Out|Cat7|2695
14:45d5|Out|Cat7|2696
14:53d5|Out|Cat8|2697
14:53d5|Out|Cat8|2698
15:11d5|Out|Cat7|2699
15:11d5|Out|Cat7|2700
15:21d5|Out|Cat11|2701
15:25d5|In|Cat5|2702
15:25d5|In|Cat5|2703
15:35d5|Out|Cat1|2704
15:36d5|Out|Cat4|2706
15:42d5|Out|Cat5|2708
15:45d5|Out|Cat3|2710
15:48d5|In|Cat7|2711
15:48d5|In|Cat7|2712
15:56d5|In|Cat12|2713
15:58d5|In|Cat4|2714
15:58d5|In|Cat5|2715
15:59d5|In|Cat1|2716
15:59d5|In|Cat1|2717
16:00d5|Out|Cat4|2718
16:00d5|Out|Cat4|2719
16:02d5|Out|Cat5|2722
16:04d5|Out|Cat4|2723
16:05d5|Out|Cat4|2724
16:06d5|Out|Cat4|2725
16:08d5|Out|Cat4|2726
16:11d5|Out|Cat7|2727
16:11d5|Out|Cat7|2728
16:13d5|Out|Cat5|2730
16:14d5|In|Cat5|2731
16:18d5|In|Cat10|2733
16:19d5|Out|Cat1|2735
16:19d5|Out|Cat5|2734
16:24d5|Out|Cat1|2737
16:25d5|In|Cat1|2740
16:25d5|In|Cat1|2741
16:25d5|In|Cat5|2738
16:25d5|In|Cat5|2739
16:35d5|Out|Cat1|2744
16:35d5|Out|Cat5|2745
16:36d5|Out|Cat4|2746
16:39d5|In|Cat8|2747
16:41d5|Out|Cat10|2748
16:42d5|Out|Cat5|2749
16:44d5|Out|Cat5|2750
16:45d5|Out|Cat4|2751
16:47d5|In|Cat4|2752
16:47d5|In|Cat4|2753
16:50d5|Out|Cat7|2754
16:55d5|In|Cat4|2755
16:58d5|In|Cat2|2757
16:58d5|In|Cat2|2758
16:58d5|Out|Cat11|2759
16:59d5|In|Cat1|2760
16:59d5|In|Cat1|2761
17:00d5|Out|Cat4|2763
17:02d5|Out|Cat4|2765
17:02d5|Out|Cat4|2766
17:04d5|Out|Cat4|2768
17:05d5|Out|Cat5|2769
17:06d5|Out|Cat4|2771
17:06d5|Out|Cat4|2772
17:07d5|In|Cat7|2773
17:08d5|Out|Cat5|2774
17:08d5|Out|Cat8|2775
17:14d5|In|Cat1|2776
17:14d5|In|Cat1|2777
17:15d5|Out|Cat1|2779
17:15d5|Out|Cat2|2778
17:18d5|In|Cat10|2785
17:18d5|In|Cat4|2784
17:19d5|Out|Cat4|2786
17:21d5|Out|Cat7|2788
17:26d5|In|Cat1|2789
17:26d5|Out|Cat12|2790
17:28d5|Out|Cat1|2791
17:33d5|In|Cat2|2794
17:35d5|Out|Cat2|2795
17:35d5|Out|Cat2|2796
17:36d5|Out|Cat1|2799
17:40d5|In|Cat1|2802
17:41d5|Out|Cat10|2803
17:42d5|In|Cat5|2804
17:42d5|Out|Cat3|2805
17:44d5|In|Cat1|2806
17:44d5|In|Cat1|2807
17:44d5|Out|Cat5|2808
17:45d5|Out|Cat1|2809
17:45d5|Out|Cat1|2810
17:47d5|In|Cat4|2812
17:50d5|Out|Cat1|2813
17:50d5|Out|Cat7|2814
17:52d5|Out|Cat7|2816
17:52d5|Out|Cat7|2817
17:55d5|In|Cat4|2820
17:58d5|In|Cat4|2823
17:58d5|In|Cat4|2824
17:59d5|In|Cat5|2825
17:59d5|In|Cat5|2826
18:00d5|Out|Cat1|2828
18:02d5|Out|Cat1|2833
18:02d5|Out|Cat7|2830
18:04d5|Out|Cat5|2835
18:05d5|In|Cat5|2836
18:06d5|Out|Cat4|2838
18:08d5|Out|Cat5|2839
18:14d5|In|Cat3|2841
18:15d5|Out|Cat4|2842
18:15d5|Out|Cat5|2843
18:16d5|In|Cat1|2844
18:18d5|In|Cat7|2845
18:18d5|In|Cat7|2846
18:19d5|Out|Cat1|2848
18:19d5|Out|Cat4|2847
18:25d5|In|Cat4|2851
18:26d5|Out|Cat8|2852
18:28d5|Out|Cat3|2853
18:31d5|Out|Cat4|2854
18:33d5|In|Cat1|2855
18:35d5|Out|Cat1|2857
18:35d5|Out|Cat4|2858
18:38d5|In|Cat7|2860
18:41d5|In|Cat5|2861
18:41d5|Out|Cat7|2862
18:41d5|Out|Cat7|2863
18:44d5|In|Cat1|2864
18:46d5|Out|Cat1|2866
18:46d5|Out|Cat5|2868
18:47d5|In|Cat4|2869
18:48d5|Out|Cat11|2870
18:51d5|In|Cat1|2871
18:51d5|Out|Cat7|2872
18:55d5|In|Cat4|2874
18:55d5|Out|Cat7|2877
18:56d5|In|Cat7|2878
18:58d5|In|Cat5|2881
18:59d5|In|Cat4|2882
18:59d5|In|Cat4|2883
19:00d5|Out|Cat1|2885
19:00d5|Out|Cat8|2884
19:01d5|Out|Cat4|2886
19:02d5|Out|Cat4|2887
19:04d5|Out|Cat4|2888
19:08d5|Out|Cat4|2891
19:13d5|In|Cat4|2892
19:14d5|In|Cat5|2894
19:15d5|Out|Cat4|2895
19:16d5|In|Cat4|2896
19:16d5|In|Cat4|2897
19:19d5|Out|Cat5|2899
19:19d5|Out|Cat5|2900
19:25d5|In|Cat4|2905
19:35d5|Out|Cat4|2908
19:35d5|Out|Cat4|2909
19:41d5|In|Cat3|2911
19:47d5|In|Cat4|2912
19:52d5|Out|Cat7|2914
19:55d5|In|Cat4|2916
19:59d5|In|Cat5|2918
19:59d5|In|Cat5|2919
20:02d5|Out|Cat4|2920
20:04d5|Out|Cat4|2921
20:06d5|Out|Cat4|2922
20:06d5|Out|Cat5|2923
20:15d5|Out|Cat5|2925
20:17d5|In|Cat7|2927
20:17d5|In|Cat7|2928
20:19d5|Out|Cat3|2929
20:25d5|In|Cat1|2930
20:25d5|In|Cat1|2931
20:25d5|In|Cat5|2933
20:35d5|In|Cat1|2934
20:47d5|Out|Cat1|2936
20:47d5|Out|Cat5|2938
20:47d5|In|Cat4|2942
20:47d5|In|Cat4|2943
20:55d5|In|Cat4|2945
20:55d5|In|Cat5|2946
20:55d5|In|Cat5|2947
20:58d5|In|Cat5|2948
21:02d5|Out|Cat4|2950
21:02d5|Out|Cat5|2949
21:12d5|In|Cat11|2951
21:14d5|In|Cat1|2952
21:15d5|Out|Cat1|2953
21:16d5|In|Cat4|2954
21:16d5|In|Cat4|2955
21:18d5|In|Cat7|2956
21:19d5|Out|Cat4|2957
21:19d5|Out|Cat5|2958
21:25d5|In|Cat5|2959
21:35d5|In|Cat4|2960
21:35d5|Out|Cat5|2961
21:40d5|In|Cat11|2962
21:58d5|In|Cat5|2964
21:59d5|In|Cat5|2965
22:07d5|In|Cat7|2966
22:08d5|Out|Cat5|2967
22:15d5|Out|Cat5|2968
22:20d5|In|Cat7|2969
22:20d5|In|Cat7|2970
22:28d5|Out|Cat11|2971
22:44d5|In|Cat7|2973
22:48d5|In|Cat7|2974
22:48d5|In|Cat7|2975
22:52d5|Out|Cat11|2976
22:57d5|In|Cat11|2977
22:57d5|In|Cat11|2978
23:25d5|In|Cat4|2979
05:26d6|In|Cat5|2981
05:31d6|In|Cat7|2982
05:31d6|In|Cat7|2983
05:35d6|Out|Cat4|2984
05:41d6|In|Cat5|2985
06:02d6|Out|Cat8|2986
06:09d6|Out|Cat8|2988
06:31d6|Out|Cat5|2989
06:35d6|Out|Cat4|2991
06:35d6|Out|Cat5|2990
06:41d6|In|Cat4|2992
06:41d6|In|Cat4|2993
06:42d6|Out|Cat5|2994
06:44d6|In|Cat5|2995
06:45d6|Out|Cat3|2996
06:45d6|Out|Cat4|2997
06:55d6|Out|Cat8|2998
07:00d6|In|Cat11|2999
07:02d6|Out|Cat5|3000
07:04d6|Out|Cat4|3002
07:17d6|Out|Cat7|3005
07:20d6|Out|Cat1|3006
07:25d6|In|Cat4|3007
07:25d6|In|Cat5|3010
07:35d6|Out|Cat5|3011
07:41d6|In|Cat4|3015
07:42d6|Out|Cat4|3016
07:55d6|In|Cat1|3020
07:58d6|In|Cat5|3021
07:59d6|In|Cat5|3022
08:02d6|Out|Cat4|3023
08:02d6|Out|Cat4|3025
08:02d6|Out|Cat5|3024
08:06d6|Out|Cat5|3026
08:14d6|In|Cat1|3028
08:14d6|In|Cat1|3029
08:15d6|Out|Cat4|3030
08:16d6|In|Cat4|3031
08:25d6|In|Cat2|3035
08:25d6|In|Cat5|3034
08:35d6|Out|Cat5|3036
08:36d6|Out|Cat7|3037
08:36d6|Out|Cat7|3038
08:42d6|Out|Cat7|3040
08:42d6|Out|Cat7|3041
08:58d6|In|Cat5|3046
08:59d6|In|Cat1|3047
08:59d6|In|Cat1|3048
09:02d6|Out|Cat2|3049
09:02d6|Out|Cat4|3050
09:14d6|In|Cat1|3051
09:18d6|In|Cat10|3052
09:18d6|In|Cat4|3053
09:18d6|In|Cat4|3054
09:19d6|Out|Cat5|3055
09:21d6|Out|Cat11|3056
09:25d6|In|Cat2|3058
09:30d6|In|Cat9|3059
09:35d6|Out|Cat1|3062
09:35d6|Out|Cat2|3061
09:35d6|Out|Cat4|3060
09:39d6|Out|Cat7|3063
09:39d6|Out|Cat7|3064
09:44d6|In|Cat3|3065
09:48d6|In|Cat7|3066
09:57d6|In|Cat8|3069
10:11d6|Out|Cat9|3074
10:15d6|Out|Cat3|3075
10:16d6|In|Cat7|3076
10:16d6|In|Cat7|3077
10:25d6|In|Cat5|3079
10:26d6|Out|Cat8|3080
10:29d6|Out|Cat7|3081
10:35d6|Out|Cat5|3082
10:58d6|In|Cat5|3087
10:58d6|In|Cat5|3088
11:06d6|In|Cat1|3089
11:06d6|Out|Cat7|3090
11:06d6|Out|Cat7|3091
11:13d6|Out|Cat10|3092
11:13d6|Out|Cat7|3093
11:15d6|Out|Cat7|3094
11:15d6|Out|Cat7|3095
11:19d6|Out|Cat4|3096
11:19d6|Out|Cat5|3097
11:24d6|Out|Cat11|3098
11:35d6|Out|Cat4|3100
11:35d6|Out|Cat5|3099
11:48d6|In|Cat7|3103
11:48d6|In|Cat7|3104
11:49d6|Out|Cat1|3105
11:55d6|In|Cat5|3106
11:58d6|In|Cat5|3107
12:02d6|Out|Cat5|3110
12:07d6|Out|Cat11|3113
12:15d6|Out|Cat5|3114
12:29d6|Out|Cat11|3120
12:30d6|Out|Cat1|3121
12:35d6|Out|Cat1|3123
12:45d6|Out|Cat1|3127
12:50d6|Out|Cat7|3130
12:57d6|In|Cat8|3133
12:59d6|In|Cat1|3134
13:05d6|In|Cat7|3136
13:05d6|In|Cat7|3137
13:05d6|In|Cat7|3138
13:08d6|Out|Cat8|3141
13:14d6|In|Cat1|3142
13:16d6|In|Cat5|3143
13:17d6|Out|Cat5|3144
13:25d6|In|Cat3|3146
13:30d6|In|Cat5|3147
13:35d6|Out|Cat1|3149
13:35d6|Out|Cat5|3150
13:41d6|In|Cat4|3153
13:48d6|In|Cat7|3155
13:52d6|Out|Cat7|3156
13:57d6|In|Cat8|3158
13:57d6|Out|Cat1|3159
13:58d6|In|Cat2|3161
13:58d6|In|Cat5|3160
13:59d6|In|Cat1|3162
14:02d6|Out|Cat4|3163
14:06d6|In|Cat7|3164
14:06d6|In|Cat7|3165
14:14d6|In|Cat2|3167
14:25d6|In|Cat4|3170
14:25d6|In|Cat4|3171
14:35d6|Out|Cat2|3172
14:35d6|Out|Cat4|3173
14:35d6|Out|Cat5|3174
14:37d6|In|Cat7|3175
14:37d6|In|Cat7|3176
14:45d6|Out|Cat7|3177
14:53d6|Out|Cat8|3178
14:54d6|Out|Cat7|3179
14:59d6|In|Cat5|3182
15:06d6|Out|Cat5|3183
15:11d6|Out|Cat7|3184
15:17d6|Out|Cat11|3185
15:44d6|In|Cat4|3189
15:44d6|In|Cat4|3190
15:48d6|In|Cat7|3192
15:48d6|In|Cat7|3193
15:56d6|In|Cat12|3195
15:59d6|In|Cat5|3196
16:02d6|Out|Cat4|3197
16:02d6|Out|Cat5|3198
16:06d6|Out|Cat4|3199
16:11d6|Out|Cat7|3200
16:11d6|Out|Cat7|3201
16:35d6|Out|Cat3|3206
16:39d6|In|Cat8|3207
16:41d6|In|Cat5|3208
16:59d6|In|Cat1|3210
17:02d6|Out|Cat1|3212
17:02d6|Out|Cat5|3211
17:08d6|Out|Cat8|3213
17:15d6|Out|Cat1|3214
17:26d6|Out|Cat12|3218
17:31d6|Out|Cat1|3220
17:40d6|Out|Cat4|3222
17:41d6|In|Cat4|3223
17:41d6|In|Cat4|3224
17:42d6|Out|Cat4|3225
17:52d6|Out|Cat7|3228
17:52d6|Out|Cat7|3229
17:58d6|In|Cat5|3231
18:02d6|Out|Cat2|3234
18:02d6|Out|Cat7|3235
18:11d6|Out|Cat7|3236
18:11d6|Out|Cat7|3237
18:19d6|Out|Cat4|3238
18:19d6|Out|Cat5|3239
18:21d6|In|Cat4|3240
18:26d6|Out|Cat8|3242
18:35d6|Out|Cat4|3244
18:59d6|In|Cat2|3250
19:00d6|Out|Cat8|3251
19:13d6|Out|Cat1|3252
19:14d6|In|Cat1|3253
19:15d6|Out|Cat2|3254
19:25d6|In|Cat2|3258
19:25d6|In|Cat5|3256
19:35d6|Out|Cat5|3260
19:41d6|In|Cat5|3262
19:42d6|Out|Cat5|3263
19:59d6|In|Cat1|3266
19:59d6|In|Cat1|3267
20:14d6|In|Cat2|3268
20:17d6|In|Cat7|3269
20:17d6|In|Cat7|3270
20:34d6|In|Cat2|3272
20:35d6|Out|Cat1|3273
20:35d6|Out|Cat1|3274
20:48d6|In|Cat7|3278
20:48d6|In|Cat7|3279
20:59d6|In|Cat3|3283
21:06d6|Out|Cat2|3285
21:12d6|In|Cat11|3286
21:15d6|Out|Cat3|3287
21:20d6|Out|Cat7|3288
21:40d6|In|Cat11|3289
22:07d6|In|Cat7|3290
22:14d6|In|Cat2|3291
22:14d6|In|Cat2|3292
22:23d6|In|Cat7|3293
22:23d6|In|Cat7|3294
22:28d6|Out|Cat11|3295
22:44d6|In|Cat7|3296
22:57d6|In|Cat11|3297
22:57d6|In|Cat11|3298
23:39d6|In|Cat7|3299
05:31d7|In|Cat7|3300
05:31d7|In|Cat7|3301
06:02d7|Out|Cat8|3302
06:09d7|Out|Cat8|3303
06:55d7|Out|Cat8|3304
07:00d7|In|Cat11|3305
07:17d7|Out|Cat7|3306
08:15d7|Out|Cat2|3308
08:15d7|Out|Cat2|3309
08:36d7|Out|Cat7|3310
08:36d7|Out|Cat7|3311
08:42d7|Out|Cat7|3312
08:42d7|Out|Cat7|3313
09:02d7|Out|Cat1|3314
09:13d7|Out|Cat7|3319
09:14d7|In|Cat1|3320
09:18d7|In|Cat7|3322
09:21d7|Out|Cat11|3323
09:30d7|In|Cat7|3324
09:39d7|Out|Cat7|3327
09:49d7|Out|Cat1|3329
09:57d7|In|Cat8|3331
09:58d7|In|Cat5|3332
10:11d7|Out|Cat7|3336
10:25d7|In|Cat5|3338
10:25d7|In|Cat5|3339
10:26d7|Out|Cat8|3340
10:29d7|Out|Cat7|3341
10:48d7|In|Cat7|3342
10:48d7|In|Cat7|3343
10:58d7|In|Cat5|3344
11:03d7|Out|Cat1|3345
11:06d7|In|Cat7|3346
11:10d7|Out|Cat7|3347
11:10d7|Out|Cat7|3348
11:10d7|Out|Cat5|3349
11:10d7|Out|Cat5|3350
11:13d7|Out|Cat7|3351
11:15d7|Out|Cat7|3352
11:15d7|Out|Cat7|3353
11:26d7|Out|Cat2|3355
11:34d7|Out|Cat1|3356
11:44d7|In|Cat2|3361
11:44d7|In|Cat2|3362
11:48d7|In|Cat10|3363
11:49d7|Out|Cat7|3364
11:58d7|In|Cat1|3365
12:09d7|Out|Cat7|3367
12:19d7|Out|Cat1|3368
12:30d7|Out|Cat10|3369
12:35d7|Out|Cat5|3370
12:45d7|In|Cat7|3371
12:57d7|In|Cat8|3372
12:58d7|In|Cat5|3373
12:59d7|In|Cat2|3374
12:59d7|In|Cat2|3375
13:02d7|Out|Cat5|3376
13:02d7|Out|Cat5|3377
13:05d7|In|Cat7|3378
13:08d7|Out|Cat8|3379
13:15d7|Out|Cat2|3380
13:15d7|Out|Cat2|3381
13:16d7|In|Cat5|3382
13:17d7|Out|Cat5|3383
13:21d7|Out|Cat11|3384
13:48d7|In|Cat7|3385
13:48d7|In|Cat7|3386
13:52d7|Out|Cat7|3387
13:52d7|Out|Cat7|3388
13:57d7|In|Cat8|3390
13:58d7|In|Cat5|3391
13:58d7|In|Cat5|3392
14:02d7|Out|Cat5|3393
14:06d7|In|Cat7|3394
14:06d7|In|Cat7|3395
14:14d7|In|Cat5|3396
14:17d7|Out|Cat2|3397
14:19d7|Out|Cat7|3398
14:35d7|Out|Cat2|3399
14:35d7|Out|Cat2|3400
14:37d7|In|Cat7|3401
14:41d7|Out|Cat7|3402
14:45d7|In|Cat7|3403
14:45d7|In|Cat7|3404
14:53d7|Out|Cat7|3405
14:53d7|Out|Cat7|3406
14:53d7|Out|Cat8|3407
14:58d7|In|Cat5|3408
14:59d7|In|Cat2|3409
15:07d7|In|Cat7|3410
15:11d7|Out|Cat7|3411
15:11d7|Out|Cat7|3412
15:41d7|In|Cat5|3413
15:45d7|Out|Cat5|3415
15:48d7|In|Cat7|3416
15:48d7|In|Cat7|3417
15:56d7|In|Cat12|3419
15:59d7|In|Cat4|3420
16:00d7|Out|Cat11|3421
16:02d7|Out|Cat4|3422
16:11d7|Out|Cat7|3425
16:16d7|Out|Cat7|3426
16:27d7|Out|Cat2|3428
16:35d7|Out|Cat5|3430
16:35d7|Out|Cat5|3432
16:39d7|In|Cat8|3433
16:56d7|In|Cat4|3434
16:59d7|In|Cat1|3436
17:06d7|Out|Cat5|3437
17:08d7|Out|Cat8|3438
17:15d7|Out|Cat1|3441
17:16d7|In|Cat5|3442
17:19d7|Out|Cat5|3443
17:26d7|Out|Cat12|3445
17:29d7|In|Cat5|3446
17:34d7|In|Cat7|3447
17:34d7|In|Cat7|3448
17:35d7|Out|Cat4|3449
17:42d7|Out|Cat5|3451
17:44d7|In|Cat1|3452
17:44d7|In|Cat1|3453
17:45d7|In|Cat7|3454
17:45d7|In|Cat7|3455
17:52d7|Out|Cat7|3456
17:52d7|Out|Cat7|3457
18:02d7|Out|Cat7|3461
18:11d7|Out|Cat7|3468
18:11d7|Out|Cat7|3469
18:26d7|Out|Cat8|3473
18:26d7|Out|Cat8|3474
18:35d7|Out|Cat1|3476
18:35d7|Out|Cat1|3477
18:51d7|Out|Cat11|3481
18:53d7|Out|Cat7|3482
18:59d7|In|Cat5|3488
19:00d7|Out|Cat8|3489
19:14d7|In|Cat4|3492
19:14d7|In|Cat4|3493
19:15d7|Out|Cat5|3495
19:19d7|Out|Cat4|3496
19:25d7|In|Cat4|3497
19:25d7|In|Cat5|3499
19:35d7|Out|Cat4|3500
19:35d7|Out|Cat4|3502
19:35d7|Out|Cat5|3501
19:41d7|In|Cat5|3503
19:42d7|Out|Cat5|3504
20:16d7|In|Cat5|3511
20:19d7|Out|Cat5|3513
20:21d7|In|Cat7|3515
20:34d7|In|Cat1|3517
20:54d7|Out|Cat7|3522
20:59d7|In|Cat1|3528
21:12d7|In|Cat11|3533
21:15d7|Out|Cat1|3535
21:15d7|Out|Cat1|3536
21:35d7|In|Cat4|3539
21:40d7|In|Cat11|3542
22:25d7|Out|Cat11|3548
22:25d7|Out|Cat11|3549
23:00d7|Out|Cat4|3557
