{
	"problem_instance_label": "01_dummy",
	"problem_instance_hash": 759370455,
	"hash": 237925822,
	"train_runs": [
		{
			"service_intention_id": 18823,
			"train_run_sections": [
				{
					"entry_time": "06:35:00",
					"exit_time": "06:37:00",
					"route": 18823,
					"route_section_id": "18823#1",
					"sequence_number": 1,
					"route_path": "standard",
					"section_requirement": "ZLOE_Halt"
				},
				{
					"entry_time": "06:37:00",
					"exit_time": "06:37:32.64",
					"route": 18823,
					"route_section_id": "18823#5",
					"sequence_number": 2,
					"route_path": "standard",
					"section_requirement": null
				},
				{
					"entry_time": "06:37:32.64",
					"exit_time": "06:37:40.8",
					"route": 18823,
					"route_section_id": "18823#10",
					"sequence_number": 3,
					"route_path": "standard",
					"section_requirement": null
				},
				{
					"entry_time": "06:37:40.8",
					"exit_time": "06:37:55.08",
					"route": 18823,
					"route_section_id": "18823#15",
					"sequence_number": 4,
					"route_path": "standard",
					"section_requirement": null
				},
				{
					"entry_time": "06:37:55.08",
					"exit_time": "06:38:15.48",
					"route": 18823,
					"route_section_id": "18823#20",
					"sequence_number": 5,
					"route_path": "standard",
					"section_requirement": null
				},
				{
					"entry_time": "06:38:15.48",
					"exit_time": "06:38:35.88",
					"route": 18823,
					"route_section_id": "18823#25",
					"sequence_number": 6,
					"route_path": "standard",
					"section_requirement": null
				},
				{
					"entry_time": "06:38:35.88",
					"exit_time": "06:38:47.1",
					"route": 18823,
					"route_section_id": "18823#30",
					"sequence_number": 7,
					"route_path": "standard",
					"section_requirement": null
				},
				{
					"entry_time": "06:38:47.1",
					"exit_time": "06:39:01.38",
					"route": 18823,
					"route_section_id": "18823#35",
					"sequence_number": 8,
					"route_path": "standard",
					"section_requirement": null
				},
				{
					"entry_time": "06:39:01.38",
					"exit_time": "06:39:35.38",
					"route": 18823,
					"route_section_id": "18823#37",
					"sequence_number": 9,
					"route_path": "standard",
					"section_requirement": "ZWIE_Halt"
				},
				{
					"entry_time": "06:39:35.38",
					"exit_time": "06:40:20.26",
					"route": 18823,
					"route_section_id": "18823#40",
					"sequence_number": 10,
					"route_path": "standard",
					"section_requirement": null
				},
				{
					"entry_time": "06:40:20.26",
					"exit_time": "06:40:40.66",
					"route": 18823,
					"route_section_id": "18823#45",
					"sequence_number": 11,
					"route_path": "standard",
					"section_requirement": null
				},
				{
					"entry_time": "06:40:40.66",
					"exit_time": "06:41:01.06",
					"route": 18823,
					"route_section_id": "18823#50",
					"sequence_number": 12,
					"route_path": "standard",
					"section_requirement": null
				},
				{
					"entry_time": "06:41:01.06",
					"exit_time": "06:43:00",
					"route": 18823,
					"route_section_id": "18823#52",
					"sequence_number": 13,
					"route_path": "standard",
					"section_requirement": "ZEN_Halt"
				},
				{
					"entry_time": "06:43:00",
					"exit_time": "06:43:47.94",
					"route": 18823,
					"route_section_id": "18823#55",
					"sequence_number": 14,
					"route_path": "standard",
					"section_requirement": null
				},
				{
					"entry_time": "06:43:47.94",
					"exit_time": "06:44:18.54",
					"route": 18823,
					"route_section_id": "18823#60",
					"sequence_number": 15,
					"route_path": "standard",
					"section_requirement": null
				},
				{
					"entry_time": "06:44:18.54",
					"exit_time": "06:44:36.9",
					"route": 18823,
					"route_section_id": "18823#65",
					"sequence_number": 16,
					"route_path": "standard",
					"section_requirement": null
				},
				{
					"entry_time": "06:44:36.9",
					"exit_time": "06:44:45.06",
					"route": 18823,
					"route_section_id": "18823#70",
					"sequence_number": 17,
					"route_path": "standard",
					"section_requirement": null
				},
				{
					"entry_time": "06:44:45.06",
					"exit_time": "06:45:19.06",
					"route": 18823,
					"route_section_id": "18823#72",
					"sequence_number": 18,
					"route_path": "standard",
					"section_requirement": "ZWOL_Halt"
				},
				{
					"entry_time": "06:45:19.06",
					"exit_time": "06:46:14.14",
					"route": 18823,
					"route_section_id": "18823#75",
					"sequence_number": 19,
					"route_path": "standard",
					"section_requirement": null
				},
				{
					"entry_time": "06:46:14.14",
					"exit_time": "06:46:26.38",
					"route": 18823,
					"route_section_id": "18823#80",
					"sequence_number": 20,
					"route_path": "standard",
					"section_requirement": null
				},
				{
					"entry_time": "06:46:26.38",
					"exit_time": "06:46:36.58",
					"route": 18823,
					"route_section_id": "18823#85",
					"sequence_number": 21,
					"route_path": "standard",
					"section_requirement": null
				},
				{
					"entry_time": "06:46:36.58",
					"exit_time": "06:47:10.24",
					"route": 18823,
					"route_section_id": "18823#90",
					"sequence_number": 22,
					"route_path": "standard",
					"section_requirement": null
				},
				{
					"entry_time": "06:47:10.24",
					"exit_time": "06:47:38.8",
					"route": 18823,
					"route_section_id": "18823#95",
					"sequence_number": 23,
					"route_path": "standard",
					"section_requirement": null
				},
				{
					"entry_time": "06:47:38.8",
					"exit_time": "06:48:04.3",
					"route": 18823,
					"route_section_id": "18823#100",
					"sequence_number": 24,
					"route_path": "standard",
					"section_requirement": null
				},
				{
					"entry_time": "06:48:04.3",
					"exit_time": "06:48:38.3",
					"route": 18823,
					"route_section_id": "18823#102",
					"sequence_number": 25,
					"route_path": "standard",
					"section_requirement": "KIL_Halt"
				},
				{
					"entry_time": "06:48:38.3",
					"exit_time": "06:49:24.2",
					"route": 18823,
					"route_section_id": "18823#105",
					"sequence_number": 26,
					"route_path": "standard",
					"section_requirement": null
				},
				{
					"entry_time": "06:49:24.2",
					"exit_time": "06:49:33.38",
					"route": 18823,
					"route_section_id": "18823#110",
					"sequence_number": 27,
					"route_path": "standard",
					"section_requirement": null
				},
				{
					"entry_time": "06:49:33.38",
					"exit_time": "06:49:46.64",
					"route": 18823,
					"route_section_id": "18823#115",
					"sequence_number": 28,
					"route_path": "standard",
					"section_requirement": null
				},
				{
					"entry_time": "06:49:46.64",
					"exit_time": "06:50:12.14",
					"route": 18823,
					"route_section_id": "18823#120",
					"sequence_number": 29,
					"route_path": "standard",
					"section_requirement": null
				},
				{
					"entry_time": "06:50:12.14",
					"exit_time": "06:50:46.14",
					"route": 18823,
					"route_section_id": "18823#122",
					"sequence_number": 30,
					"route_path": "standard",
					"section_requirement": "RUES_Halt"
				},
				{
					"entry_time": "06:50:46.14",
					"exit_time": "06:51:57.54",
					"route": 18823,
					"route_section_id": "18823#125",
					"sequence_number": 31,
					"route_path": "standard",
					"section_requirement": null
				},
				{
					"entry_time": "06:51:57.54",
					"exit_time": "06:52:13.86",
					"route": 18823,
					"route_section_id": "18823#130",
					"sequence_number": 32,
					"route_path": "standard",
					"section_requirement": null
				},
				{
					"entry_time": "06:52:13.86",
					"exit_time": "06:52:19.98",
					"route": 18823,
					"route_section_id": "18823#135",
					"sequence_number": 33,
					"route_path": "standard",
					"section_requirement": null
				},
				{
					"entry_time": "06:52:19.98",
					"exit_time": "06:52:39.36",
					"route": 18823,
					"route_section_id": "18823#140",
					"sequence_number": 34,
					"route_path": "standard",
					"section_requirement": null
				},
				{
					"entry_time": "06:52:39.36",
					"exit_time": "06:54:00",
					"route": 18823,
					"route_section_id": "18823#142",
					"sequence_number": 35,
					"route_path": "standard",
					"section_requirement": "TW_Halt"
				},
				{
					"entry_time": "06:54:00",
					"exit_time": "06:54:53.04",
					"route": 18823,
					"route_section_id": "18823#145",
					"sequence_number": 36,
					"route_path": "standard",
					"section_requirement": null
				},
				{
					"entry_time": "06:54:53.04",
					"exit_time": "06:55:07.32",
					"route": 18823,
					"route_section_id": "18823#150",
					"sequence_number": 37,
					"route_path": "standard",
					"section_requirement": null
				},
				{
					"entry_time": "06:55:07.32",
					"exit_time": "06:55:15.48",
					"route": 18823,
					"route_section_id": "18823#155",
					"sequence_number": 38,
					"route_path": "standard",
					"section_requirement": null
				},
				{
					"entry_time": "06:55:15.48",
					"exit_time": "06:55:34.86",
					"route": 18823,
					"route_section_id": "18823#160",
					"sequence_number": 39,
					"route_path": "standard",
					"section_requirement": null
				},
				{
					"entry_time": "06:55:34.86",
					"exit_time": "06:55:49.14",
					"route": 18823,
					"route_section_id": "18823#165",
					"sequence_number": 40,
					"route_path": "standard",
					"section_requirement": null
				},
				{
					"entry_time": "06:55:49.14",
					"exit_time": "06:56:11.58",
					"route": 18823,
					"route_section_id": "18823#170",
					"sequence_number": 41,
					"route_path": "standard",
					"section_requirement": null
				},
				{
					"entry_time": "06:56:11.58",
					"exit_time": "06:56:45.58",
					"route": 18823,
					"route_section_id": "18823#172",
					"sequence_number": 42,
					"route_path": "standard",
					"section_requirement": "ORD_Halt"
				},
				{
					"entry_time": "06:56:45.58",
					"exit_time": "06:57:31.48",
					"route": 18823,
					"route_section_id": "18823#175",
					"sequence_number": 43,
					"route_path": "standard",
					"section_requirement": null
				},
				{
					"entry_time": "06:57:31.48",
					"exit_time": "06:58:24.52",
					"route": 18823,
					"route_section_id": "18823#180",
					"sequence_number": 44,
					"route_path": "standard",
					"section_requirement": null
				},
				{
					"entry_time": "06:58:24.52",
					"exit_time": "06:58:43.9",
					"route": 18823,
					"route_section_id": "18823#185",
					"sequence_number": 45,
					"route_path": "standard",
					"section_requirement": null
				},
				{
					"entry_time": "06:58:43.9",
					"exit_time": "06:59:17.9",
					"route": 18823,
					"route_section_id": "18823#187",
					"sequence_number": 46,
					"route_path": "standard",
					"section_requirement": "HG_Halt"
				},
				{
					"entry_time": "06:59:17.9",
					"exit_time": "07:00:19.1",
					"route": 18823,
					"route_section_id": "18823#190",
					"sequence_number": 47,
					"route_path": "standard",
					"section_requirement": null
				},
				{
					"entry_time": "07:00:19.1",
					"exit_time": "07:00:33.38",
					"route": 18823,
					"route_section_id": "18823#195",
					"sequence_number": 48,
					"route_path": "standard",
					"section_requirement": null
				},
				{
					"entry_time": "07:00:33.38",
					"exit_time": "07:01:23.36",
					"route": 18823,
					"route_section_id": "18823#200",
					"sequence_number": 49,
					"route_path": "standard",
					"section_requirement": null
				},
				{
					"entry_time": "07:01:23.36",
					"exit_time": "07:02:02.12",
					"route": 18823,
					"route_section_id": "18823#205",
					"sequence_number": 50,
					"route_path": "standard",
					"section_requirement": null
				},
				{
					"entry_time": "07:02:02.12",
					"exit_time": "07:02:17.42",
					"route": 18823,
					"route_section_id": "18823#210",
					"sequence_number": 51,
					"route_path": "standard",
					"section_requirement": null
				},
				{
					"entry_time": "07:02:17.42",
					"exit_time": "07:02:51.42",
					"route": 18823,
					"route_section_id": "18823#212",
					"sequence_number": 52,
					"route_path": "standard",
					"section_requirement": "AU_Halt"
				},
				{
					"entry_time": "07:02:51.42",
					"exit_time": "07:03:57.72",
					"route": 18823,
					"route_section_id": "18823#215",
					"sequence_number": 53,
					"route_path": "standard",
					"section_requirement": null
				},
				{
					"entry_time": "07:03:57.72",
					"exit_time": "07:04:06.9",
					"route": 18823,
					"route_section_id": "18823#220",
					"sequence_number": 54,
					"route_path": "standard",
					"section_requirement": null
				},
				{
					"entry_time": "07:04:06.9",
					"exit_time": "07:04:49.74",
					"route": 18823,
					"route_section_id": "18823#225",
					"sequence_number": 55,
					"route_path": "standard",
					"section_requirement": null
				},
				{
					"entry_time": "07:04:49.74",
					"exit_time": "07:05:25.44",
					"route": 18823,
					"route_section_id": "18823#230",
					"sequence_number": 56,
					"route_path": "standard",
					"section_requirement": null
				},
				{
					"entry_time": "07:05:25.44",
					"exit_time": "07:05:49.92",
					"route": 18823,
					"route_section_id": "18823#235",
					"sequence_number": 57,
					"route_path": "standard",
					"section_requirement": null
				},
				{
					"entry_time": "07:05:49.92",
					"exit_time": "07:07:00",
					"route": 18823,
					"route_section_id": "18823#237",
					"sequence_number": 58,
					"route_path": "standard",
					"section_requirement": "WAE_Halt"
				},
				{
					"entry_time": "07:07:00",
					"exit_time": "07:07:55.08",
					"route": 18823,
					"route_section_id": "18823#240",
					"sequence_number": 59,
					"route_path": "standard",
					"section_requirement": null
				},
				{
					"entry_time": "07:07:55.08",
					"exit_time": "07:08:11.4",
					"route": 18823,
					"route_section_id": "18823#245",
					"sequence_number": 60,
					"route_path": "standard",
					"section_requirement": null
				},
				{
					"entry_time": "07:08:11.4",
					"exit_time": "07:08:25.68",
					"route": 18823,
					"route_section_id": "18823#250",
					"sequence_number": 61,
					"route_path": "standard",
					"section_requirement": null
				},
				{
					"entry_time": "07:08:25.68",
					"exit_time": "07:09:03.42",
					"route": 18823,
					"route_section_id": "18823#255",
					"sequence_number": 62,
					"route_path": "standard",
					"section_requirement": null
				},
				{
					"entry_time": "07:09:03.42",
					"exit_time": "07:09:40.14",
					"route": 18823,
					"route_section_id": "18823#260",
					"sequence_number": 63,
					"route_path": "standard",
					"section_requirement": null
				},
				{
					"entry_time": "07:09:40.14",
					"exit_time": "07:10:14.14",
					"route": 18823,
					"route_section_id": "18823#262",
					"sequence_number": 64,
					"route_path": "standard",
					"section_requirement": "RI_Halt"
				},
				{
					"entry_time": "07:10:14.14",
					"exit_time": "07:11:21.46",
					"route": 18823,
					"route_section_id": "18823#265",
					"sequence_number": 65,
					"route_path": "standard",
					"section_requirement": null
				},
				{
					"entry_time": "07:11:21.46",
					"exit_time": "07:11:55.12",
					"route": 18823,
					"route_section_id": "18823#270",
					"sequence_number": 66,
					"route_path": "standard",
					"section_requirement": null
				},
				{
					"entry_time": "07:11:55.12",
					"exit_time": "07:12:10.42",
					"route": 18823,
					"route_section_id": "18823#275",
					"sequence_number": 67,
					"route_path": "standard",
					"section_requirement": null
				},
				{
					"entry_time": "07:12:10.42",
					"exit_time": "07:12:44.42",
					"route": 18823,
					"route_section_id": "18823#277",
					"sequence_number": 68,
					"route_path": "standard",
					"section_requirement": "BAE_Halt"
				},
				{
					"entry_time": "07:12:44.42",
					"exit_time": "07:13:58.88",
					"route": 18823,
					"route_section_id": "18823#280",
					"sequence_number": 69,
					"route_path": "standard",
					"section_requirement": null
				},
				{
					"entry_time": "07:13:58.88",
					"exit_time": "07:14:28.46",
					"route": 18823,
					"route_section_id": "18823#285",
					"sequence_number": 70,
					"route_path": "standard",
					"section_requirement": null
				},
				{
					"entry_time": "07:14:28.46",
					"exit_time": "07:15:02.46",
					"route": 18823,
					"route_section_id": "18823#287",
					"sequence_number": 71,
					"route_path": "standard",
					"section_requirement": "FRB_Halt"
				},
				{
					"entry_time": "07:15:02.46",
					"exit_time": "07:16:27.12",
					"route": 18823,
					"route_section_id": "18823#290",
					"sequence_number": 72,
					"route_path": "standard",
					"section_requirement": null
				},
				{
					"entry_time": "07:16:27.12",
					"exit_time": "07:17:06.9",
					"route": 18823,
					"route_section_id": "18823#295",
					"sequence_number": 73,
					"route_path": "standard",
					"section_requirement": null
				},
				{
					"entry_time": "07:17:06.9",
					"exit_time": "07:17:46.68",
					"route": 18823,
					"route_section_id": "18823#300",
					"sequence_number": 74,
					"route_path": "standard",
					"section_requirement": null
				},
				{
					"entry_time": "07:17:46.68",
					"exit_time": "07:21:51.68",
					"route": 18823,
					"route_section_id": "18823#305",
					"sequence_number": 75,
					"route_path": "standard",
					"section_requirement": "PF_Halt"
				}
			]
		},
		{
			"service_intention_id": 18825,
			"train_run_sections": [
				{
					"entry_time": "07:05:00",
					"exit_time": "07:07:00",
					"route": 18825,
					"route_section_id": "18825#1",
					"sequence_number": 1,
					"route_path": "standard",
					"section_requirement": "ZLOE_Halt"
				},
				{
					"entry_time": "07:07:00",
					"exit_time": "07:07:32.64",
					"route": 18825,
					"route_section_id": "18825#5",
					"sequence_number": 2,
					"route_path": "standard",
					"section_requirement": null
				},
				{
					"entry_time": "07:07:32.64",
					"exit_time": "07:07:40.8",
					"route": 18825,
					"route_section_id": "18825#10",
					"sequence_number": 3,
					"route_path": "standard",
					"section_requirement": null
				},
				{
					"entry_time": "07:07:40.8",
					"exit_time": "07:07:55.08",
					"route": 18825,
					"route_section_id": "18825#15",
					"sequence_number": 4,
					"route_path": "standard",
					"section_requirement": null
				},
				{
					"entry_time": "07:07:55.08",
					"exit_time": "07:08:15.48",
					"route": 18825,
					"route_section_id": "18825#20",
					"sequence_number": 5,
					"route_path": "standard",
					"section_requirement": null
				},
				{
					"entry_time": "07:08:15.48",
					"exit_time": "07:08:35.88",
					"route": 18825,
					"route_section_id": "18825#25",
					"sequence_number": 6,
					"route_path": "standard",
					"section_requirement": null
				},
				{
					"entry_time": "07:08:35.88",
					"exit_time": "07:08:47.1",
					"route": 18825,
					"route_section_id": "18825#30",
					"sequence_number": 7,
					"route_path": "standard",
					"section_requirement": null
				},
				{
					"entry_time": "07:08:47.1",
					"exit_time": "07:09:01.38",
					"route": 18825,
					"route_section_id": "18825#35",
					"sequence_number": 8,
					"route_path": "standard",
					"section_requirement": null
				},
				{
					"entry_time": "07:09:01.38",
					"exit_time": "07:09:35.38",
					"route": 18825,
					"route_section_id": "18825#37",
					"sequence_number": 9,
					"route_path": "standard",
					"section_requirement": "ZWIE_Halt"
				},
				{
					"entry_time": "07:09:35.38",
					"exit_time": "07:10:20.26",
					"route": 18825,
					"route_section_id": "18825#40",
					"sequence_number": 10,
					"route_path": "standard",
					"section_requirement": null
				},
				{
					"entry_time": "07:10:20.26",
					"exit_time": "07:10:40.66",
					"route": 18825,
					"route_section_id": "18825#45",
					"sequence_number": 11,
					"route_path": "standard",
					"section_requirement": null
				},
				{
					"entry_time": "07:10:40.66",
					"exit_time": "07:11:01.06",
					"route": 18825,
					"route_section_id": "18825#50",
					"sequence_number": 12,
					"route_path": "standard",
					"section_requirement": null
				},
				{
					"entry_time": "07:11:01.06",
					"exit_time": "07:13:00",
					"route": 18825,
					"route_section_id": "18825#52",
					"sequence_number": 13,
					"route_path": "standard",
					"section_requirement": "ZEN_Halt"
				},
				{
					"entry_time": "07:13:00",
					"exit_time": "07:13:47.94",
					"route": 18825,
					"route_section_id": "18825#55",
					"sequence_number": 14,
					"route_path": "standard",
					"section_requirement": null
				},
				{
					"entry_time": "07:13:47.94",
					"exit_time": "07:14:18.54",
					"route": 18825,
					"route_section_id": "18825#60",
					"sequence_number": 15,
					"route_path": "standard",
					"section_requirement": null
				},
				{
					"entry_time": "07:14:18.54",
					"exit_time": "07:14:36.9",
					"route": 18825,
					"route_section_id": "18825#65",
					"sequence_number": 16,
					"route_path": "standard",
					"section_requirement": null
				},
				{
					"entry_time": "07:14:36.9",
					"exit_time": "07:14:45.06",
					"route": 18825,
					"route_section_id": "18825#70",
					"sequence_number": 17,
					"route_path": "standard",
					"section_requirement": null
				},
				{
					"entry_time": "07:14:45.06",
					"exit_time": "07:15:19.06",
					"route": 18825,
					"route_section_id": "18825#72",
					"sequence_number": 18,
					"route_path": "standard",
					"section_requirement": "ZWOL_Halt"
				},
				{
					"entry_time": "07:15:19.06",
					"exit_time": "07:16:14.14",
					"route": 18825,
					"route_section_id": "18825#75",
					"sequence_number": 19,
					"route_path": "standard",
					"section_requirement": null
				},
				{
					"entry_time": "07:16:14.14",
					"exit_time": "07:16:26.38",
					"route": 18825,
					"route_section_id": "18825#80",
					"sequence_number": 20,
					"route_path": "standard",
					"section_requirement": null
				},
				{
					"entry_time": "07:16:26.38",
					"exit_time": "07:16:36.58",
					"route": 18825,
					"route_section_id": "18825#85",
					"sequence_number": 21,
					"route_path": "standard",
					"section_requirement": null
				},
				{
					"entry_time": "07:16:36.58",
					"exit_time": "07:17:10.24",
					"route": 18825,
					"route_section_id": "18825#90",
					"sequence_number": 22,
					"route_path": "standard",
					"section_requirement": null
				},
				{
					"entry_time": "07:17:10.24",
					"exit_time": "07:17:38.8",
					"route": 18825,
					"route_section_id": "18825#95",
					"sequence_number": 23,
					"route_path": "standard",
					"section_requirement": null
				},
				{
					"entry_time": "07:17:38.8",
					"exit_time": "07:18:04.3",
					"route": 18825,
					"route_section_id": "18825#100",
					"sequence_number": 24,
					"route_path": "standard",
					"section_requirement": null
				},
				{
					"entry_time": "07:18:04.3",
					"exit_time": "07:18:38.3",
					"route": 18825,
					"route_section_id": "18825#102",
					"sequence_number": 25,
					"route_path": "standard",
					"section_requirement": "KIL_Halt"
				},
				{
					"entry_time": "07:18:38.3",
					"exit_time": "07:19:24.2",
					"route": 18825,
					"route_section_id": "18825#105",
					"sequence_number": 26,
					"route_path": "standard",
					"section_requirement": null
				},
				{
					"entry_time": "07:19:24.2",
					"exit_time": "07:19:33.38",
					"route": 18825,
					"route_section_id": "18825#110",
					"sequence_number": 27,
					"route_path": "standard",
					"section_requirement": null
				},
				{
					"entry_time": "07:19:33.38",
					"exit_time": "07:19:46.64",
					"route": 18825,
					"route_section_id": "18825#115",
					"sequence_number": 28,
					"route_path": "standard",
					"section_requirement": null
				},
				{
					"entry_time": "07:19:46.64",
					"exit_time": "07:20:12.14",
					"route": 18825,
					"route_section_id": "18825#120",
					"sequence_number": 29,
					"route_path": "standard",
					"section_requirement": null
				},
				{
					"entry_time": "07:20:12.14",
					"exit_time": "07:20:46.14",
					"route": 18825,
					"route_section_id": "18825#122",
					"sequence_number": 30,
					"route_path": "standard",
					"section_requirement": "RUES_Halt"
				},
				{
					"entry_time": "07:20:46.14",
					"exit_time": "07:21:57.54",
					"route": 18825,
					"route_section_id": "18825#125",
					"sequence_number": 31,
					"route_path": "standard",
					"section_requirement": null
				},
				{
					"entry_time": "07:21:57.54",
					"exit_time": "07:22:13.86",
					"route": 18825,
					"route_section_id": "18825#130",
					"sequence_number": 32,
					"route_path": "standard",
					"section_requirement": null
				},
				{
					"entry_time": "07:22:13.86",
					"exit_time": "07:22:19.98",
					"route": 18825,
					"route_section_id": "18825#135",
					"sequence_number": 33,
					"route_path": "standard",
					"section_requirement": null
				},
				{
					"entry_time": "07:22:19.98",
					"exit_time": "07:22:39.36",
					"route": 18825,
					"route_section_id": "18825#140",
					"sequence_number": 34,
					"route_path": "standard",
					"section_requirement": null
				},
				{
					"entry_time": "07:22:39.36",
					"exit_time": "07:24:00",
					"route": 18825,
					"route_section_id": "18825#142",
					"sequence_number": 35,
					"route_path": "standard",
					"section_requirement": "TW_Halt"
				},
				{
					"entry_time": "07:24:00",
					"exit_time": "07:24:53.04",
					"route": 18825,
					"route_section_id": "18825#145",
					"sequence_number": 36,
					"route_path": "standard",
					"section_requirement": null
				},
				{
					"entry_time": "07:24:53.04",
					"exit_time": "07:25:07.32",
					"route": 18825,
					"route_section_id": "18825#150",
					"sequence_number": 37,
					"route_path": "standard",
					"section_requirement": null
				},
				{
					"entry_time": "07:25:07.32",
					"exit_time": "07:25:15.48",
					"route": 18825,
					"route_section_id": "18825#155",
					"sequence_number": 38,
					"route_path": "standard",
					"section_requirement": null
				},
				{
					"entry_time": "07:25:15.48",
					"exit_time": "07:25:34.86",
					"route": 18825,
					"route_section_id": "18825#160",
					"sequence_number": 39,
					"route_path": "standard",
					"section_requirement": null
				},
				{
					"entry_time": "07:25:34.86",
					"exit_time": "07:25:49.14",
					"route": 18825,
					"route_section_id": "18825#165",
					"sequence_number": 40,
					"route_path": "standard",
					"section_requirement": null
				},
				{
					"entry_time": "07:25:49.14",
					"exit_time": "07:26:11.58",
					"route": 18825,
					"route_section_id": "18825#170",
					"sequence_number": 41,
					"route_path": "standard",
					"section_requirement": null
				},
				{
					"entry_time": "07:26:11.58",
					"exit_time": "07:26:45.58",
					"route": 18825,
					"route_section_id": "18825#172",
					"sequence_number": 42,
					"route_path": "standard",
					"section_requirement": "ORD_Halt"
				},
				{
					"entry_time": "07:26:45.58",
					"exit_time": "07:27:31.48",
					"route": 18825,
					"route_section_id": "18825#175",
					"sequence_number": 43,
					"route_path": "standard",
					"section_requirement": null
				},
				{
					"entry_time": "07:27:31.48",
					"exit_time": "07:28:24.52",
					"route": 18825,
					"route_section_id": "18825#180",
					"sequence_number": 44,
					"route_path": "standard",
					"section_requirement": null
				},
				{
					"entry_time": "07:28:24.52",
					"exit_time": "07:28:43.9",
					"route": 18825,
					"route_section_id": "18825#185",
					"sequence_number": 45,
					"route_path": "standard",
					"section_requirement": null
				},
				{
					"entry_time": "07:28:43.9",
					"exit_time": "07:29:17.9",
					"route": 18825,
					"route_section_id": "18825#187",
					"sequence_number": 46,
					"route_path": "standard",
					"section_requirement": "HG_Halt"
				},
				{
					"entry_time": "07:29:17.9",
					"exit_time": "07:30:19.1",
					"route": 18825,
					"route_section_id": "18825#190",
					"sequence_number": 47,
					"route_path": "standard",
					"section_requirement": null
				},
				{
					"entry_time": "07:30:19.1",
					"exit_time": "07:30:33.38",
					"route": 18825,
					"route_section_id": "18825#195",
					"sequence_number": 48,
					"route_path": "standard",
					"section_requirement": null
				},
				{
					"entry_time": "07:30:33.38",
					"exit_time": "07:31:23.36",
					"route": 18825,
					"route_section_id": "18825#200",
					"sequence_number": 49,
					"route_path": "standard",
					"section_requirement": null
				},
				{
					"entry_time": "07:31:23.36",
					"exit_time": "07:32:02.12",
					"route": 18825,
					"route_section_id": "18825#205",
					"sequence_number": 50,
					"route_path": "standard",
					"section_requirement": null
				},
				{
					"entry_time": "07:32:02.12",
					"exit_time": "07:32:17.42",
					"route": 18825,
					"route_section_id": "18825#210",
					"sequence_number": 51,
					"route_path": "standard",
					"section_requirement": null
				},
				{
					"entry_time": "07:32:17.42",
					"exit_time": "07:32:51.42",
					"route": 18825,
					"route_section_id": "18825#212",
					"sequence_number": 52,
					"route_path": "standard",
					"section_requirement": "AU_Halt"
				},
				{
					"entry_time": "07:32:51.42",
					"exit_time": "07:33:57.72",
					"route": 18825,
					"route_section_id": "18825#215",
					"sequence_number": 53,
					"route_path": "standard",
					"section_requirement": null
				},
				{
					"entry_time": "07:33:57.72",
					"exit_time": "07:34:06.9",
					"route": 18825,
					"route_section_id": "18825#220",
					"sequence_number": 54,
					"route_path": "standard",
					"section_requirement": null
				},
				{
					"entry_time": "07:34:06.9",
					"exit_time": "07:34:49.74",
					"route": 18825,
					"route_section_id": "18825#225",
					"sequence_number": 55,
					"route_path": "standard",
					"section_requirement": null
				},
				{
					"entry_time": "07:34:49.74",
					"exit_time": "07:35:25.44",
					"route": 18825,
					"route_section_id": "18825#230",
					"sequence_number": 56,
					"route_path": "standard",
					"section_requirement": null
				},
				{
					"entry_time": "07:35:25.44",
					"exit_time": "07:35:49.92",
					"route": 18825,
					"route_section_id": "18825#235",
					"sequence_number": 57,
					"route_path": "standard",
					"section_requirement": null
				},
				{
					"entry_time": "07:35:49.92",
					"exit_time": "07:37:00",
					"route": 18825,
					"route_section_id": "18825#237",
					"sequence_number": 58,
					"route_path": "standard",
					"section_requirement": "WAE_Halt"
				},
				{
					"entry_time": "07:37:00",
					"exit_time": "07:37:55.08",
					"route": 18825,
					"route_section_id": "18825#240",
					"sequence_number": 59,
					"route_path": "standard",
					"section_requirement": null
				},
				{
					"entry_time": "07:37:55.08",
					"exit_time": "07:38:11.4",
					"route": 18825,
					"route_section_id": "18825#245",
					"sequence_number": 60,
					"route_path": "standard",
					"section_requirement": null
				},
				{
					"entry_time": "07:38:11.4",
					"exit_time": "07:38:25.68",
					"route": 18825,
					"route_section_id": "18825#250",
					"sequence_number": 61,
					"route_path": "standard",
					"section_requirement": null
				},
				{
					"entry_time": "07:38:25.68",
					"exit_time": "07:39:03.42",
					"route": 18825,
					"route_section_id": "18825#255",
					"sequence_number": 62,
					"route_path": "standard",
					"section_requirement": null
				},
				{
					"entry_time": "07:39:03.42",
					"exit_time": "07:39:40.14",
					"route": 18825,
					"route_section_id": "18825#260",
					"sequence_number": 63,
					"route_path": "standard",
					"section_requirement": null
				},
				{
					"entry_time": "07:39:40.14",
					"exit_time": "07:40:14.14",
					"route": 18825,
					"route_section_id": "18825#262",
					"sequence_number": 64,
					"route_path": "standard",
					"section_requirement": "RI_Halt"
				},
				{
					"entry_time": "07:40:14.14",
					"exit_time": "07:41:21.46",
					"route": 18825,
					"route_section_id": "18825#265",
					"sequence_number": 65,
					"route_path": "standard",
					"section_requirement": null
				},
				{
					"entry_time": "07:41:21.46",
					"exit_time": "07:41:55.12",
					"route": 18825,
					"route_section_id": "18825#270",
					"sequence_number": 66,
					"route_path": "standard",
					"section_requirement": null
				},
				{
					"entry_time": "07:41:55.12",
					"exit_time": "07:42:10.42",
					"route": 18825,
					"route_section_id": "18825#275",
					"sequence_number": 67,
					"route_path": "standard",
					"section_requirement": null
				},
				{
					"entry_time": "07:42:10.42",
					"exit_time": "07:42:44.42",
					"route": 18825,
					"route_section_id": "18825#277",
					"sequence_number": 68,
					"route_path": "standard",
					"section_requirement": "BAE_Halt"
				},
				{
					"entry_time": "07:42:44.42",
					"exit_time": "07:43:58.88",
					"route": 18825,
					"route_section_id": "18825#280",
					"sequence_number": 69,
					"route_path": "standard",
					"section_requirement": null
				},
				{
					"entry_time": "07:43:58.88",
					"exit_time": "07:44:28.46",
					"route": 18825,
					"route_section_id": "18825#285",
					"sequence_number": 70,
					"route_path": "standard",
					"section_requirement": null
				},
				{
					"entry_time": "07:44:28.46",
					"exit_time": "07:45:02.46",
					"route": 18825,
					"route_section_id": "18825#287",
					"sequence_number": 71,
					"route_path": "standard",
					"section_requirement": "FRB_Halt"
				},
				{
					"entry_time": "07:45:02.46",
					"exit_time": "07:46:27.12",
					"route": 18825,
					"route_section_id": "18825#290",
					"sequence_number": 72,
					"route_path": "standard",
					"section_requirement": null
				},
				{
					"entry_time": "07:46:27.12",
					"exit_time": "07:47:06.9",
					"route": 18825,
					"route_section_id": "18825#295",
					"sequence_number": 73,
					"route_path": "standard",
					"section_requirement": null
				},
				{
					"entry_time": "07:47:06.9",
					"exit_time": "07:47:46.68",
					"route": 18825,
					"route_section_id": "18825#300",
					"sequence_number": 74,
					"route_path": "standard",
					"section_requirement": null
				},
				{
					"entry_time": "07:47:46.68",
					"exit_time": "07:51:51.68",
					"route": 18825,
					"route_section_id": "18825#305",
					"sequence_number": 75,
					"route_path": "standard",
					"section_requirement": "PF_Halt"
				}
			]
		},
		{
			"service_intention_id": 20423,
			"train_run_sections": [
				{
					"entry_time": "06:48:00",
					"exit_time": "06:51:00",
					"route": 20423,
					"route_section_id": "20423#1",
					"sequence_number": 1,
					"route_path": "standard",
					"section_requirement": "ZUE_Halt"
				},
				{
					"entry_time": "06:51:00",
					"exit_time": "06:51:40.8",
					"route": 20423,
					"route_section_id": "20423#5",
					"sequence_number": 2,
					"route_path": "standard",
					"section_requirement": null
				},
				{
					"entry_time": "06:51:40.8",
					"exit_time": "06:52:13.44",
					"route": 20423,
					"route_section_id": "20423#10",
					"sequence_number": 3,
					"route_path": "standard",
					"section_requirement": null
				},
				{
					"entry_time": "06:52:13.44",
					"exit_time": "06:52:30.78",
					"route": 20423,
					"route_section_id": "20423#15",
					"sequence_number": 4,
					"route_path": "standard",
					"section_requirement": null
				},
				{
					"entry_time": "06:52:30.78",
					"exit_time": "06:52:57.3",
					"route": 20423,
					"route_section_id": "20423#20",
					"sequence_number": 5,
					"route_path": "standard",
					"section_requirement": null
				},
				{
					"entry_time": "06:52:57.3",
					"exit_time": "06:53:17.7",
					"route": 20423,
					"route_section_id": "20423#25",
					"sequence_number": 6,
					"route_path": "standard",
					"section_requirement": null
				},
				{
					"entry_time": "06:53:17.7",
					"exit_time": "06:53:28.92",
					"route": 20423,
					"route_section_id": "20423#30",
					"sequence_number": 7,
					"route_path": "standard",
					"section_requirement": null
				},
				{
					"entry_time": "06:53:28.92",
					"exit_time": "06:53:43.2",
					"route": 20423,
					"route_section_id": "20423#35",
					"sequence_number": 8,
					"route_path": "standard",
					"section_requirement": null
				},
				{
					"entry_time": "06:53:43.2",
					"exit_time": "06:54:17.2",
					"route": 20423,
					"route_section_id": "20423#37",
					"sequence_number": 9,
					"route_path": "standard",
					"section_requirement": "ZWIE_Halt"
				},
				{
					"entry_time": "06:54:17.2",
					"exit_time": "06:55:03.1",
					"route": 20423,
					"route_section_id": "20423#40",
					"sequence_number": 10,
					"route_path": "standard",
					"section_requirement": null
				},
				{
					"entry_time": "06:55:03.1",
					"exit_time": "06:55:20.44",
					"route": 20423,
					"route_section_id": "20423#45",
					"sequence_number": 11,
					"route_path": "standard",
					"section_requirement": null
				},
				{
					"entry_time": "06:55:20.44",
					"exit_time": "06:55:41.86",
					"route": 20423,
					"route_section_id": "20423#50",
					"sequence_number": 12,
					"route_path": "standard",
					"section_requirement": null
				},
				{
					"entry_time": "06:55:41.86",
					"exit_time": "06:58:00",
					"route": 20423,
					"route_section_id": "20423#52",
					"sequence_number": 13,
					"route_path": "standard",
					"section_requirement": "ZEN_Halt"
				},
				{
					"entry_time": "06:58:00",
					"exit_time": "06:58:46.92",
					"route": 20423,
					"route_section_id": "20423#55",
					"sequence_number": 14,
					"route_path": "standard",
					"section_requirement": null
				},
				{
					"entry_time": "06:58:46.92",
					"exit_time": "06:59:12.42",
					"route": 20423,
					"route_section_id": "20423#60",
					"sequence_number": 15,
					"route_path": "standard",
					"section_requirement": null
				},
				{
					"entry_time": "06:59:12.42",
					"exit_time": "06:59:29.76",
					"route": 20423,
					"route_section_id": "20423#65",
					"sequence_number": 16,
					"route_path": "standard",
					"section_requirement": null
				},
				{
					"entry_time": "06:59:29.76",
					"exit_time": "06:59:38.94",
					"route": 20423,
					"route_section_id": "20423#70",
					"sequence_number": 17,
					"route_path": "standard",
					"section_requirement": null
				},
				{
					"entry_time": "06:59:38.94",
					"exit_time": "07:00:12.94",
					"route": 20423,
					"route_section_id": "20423#72",
					"sequence_number": 18,
					"route_path": "standard",
					"section_requirement": "ZWOL_Halt"
				},
				{
					"entry_time": "07:00:12.94",
					"exit_time": "07:01:08.02",
					"route": 20423,
					"route_section_id": "20423#75",
					"sequence_number": 19,
					"route_path": "standard",
					"section_requirement": null
				},
				{
					"entry_time": "07:01:08.02",
					"exit_time": "07:01:20.26",
					"route": 20423,
					"route_section_id": "20423#80",
					"sequence_number": 20,
					"route_path": "standard",
					"section_requirement": null
				},
				{
					"entry_time": "07:01:20.26",
					"exit_time": "07:01:30.46",
					"route": 20423,
					"route_section_id": "20423#85",
					"sequence_number": 21,
					"route_path": "standard",
					"section_requirement": null
				},
				{
					"entry_time": "07:01:30.46",
					"exit_time": "07:02:03.1",
					"route": 20423,
					"route_section_id": "20423#90",
					"sequence_number": 22,
					"route_path": "standard",
					"section_requirement": null
				},
				{
					"entry_time": "07:02:03.1",
					"exit_time": "07:02:31.66",
					"route": 20423,
					"route_section_id": "20423#95",
					"sequence_number": 23,
					"route_path": "standard",
					"section_requirement": null
				},
				{
					"entry_time": "07:02:31.66",
					"exit_time": "07:02:56.14",
					"route": 20423,
					"route_section_id": "20423#100",
					"sequence_number": 24,
					"route_path": "standard",
					"section_requirement": null
				},
				{
					"entry_time": "07:02:56.14",
					"exit_time": "07:03:30.14",
					"route": 20423,
					"route_section_id": "20423#102",
					"sequence_number": 25,
					"route_path": "standard",
					"section_requirement": "KIL_Halt"
				},
				{
					"entry_time": "07:03:30.14",
					"exit_time": "07:04:17.06",
					"route": 20423,
					"route_section_id": "20423#105",
					"sequence_number": 26,
					"route_path": "standard",
					"section_requirement": null
				},
				{
					"entry_time": "07:04:17.06",
					"exit_time": "07:04:26.24",
					"route": 20423,
					"route_section_id": "20423#110",
					"sequence_number": 27,
					"route_path": "standard",
					"section_requirement": null
				},
				{
					"entry_time": "07:04:26.24",
					"exit_time": "07:04:37.46",
					"route": 20423,
					"route_section_id": "20423#115",
					"sequence_number": 28,
					"route_path": "standard",
					"section_requirement": null
				},
				{
					"entry_time": "07:04:37.46",
					"exit_time": "07:05:02.96",
					"route": 20423,
					"route_section_id": "20423#120",
					"sequence_number": 29,
					"route_path": "standard",
					"section_requirement": null
				},
				{
					"entry_time": "07:05:02.96",
					"exit_time": "07:05:36.96",
					"route": 20423,
					"route_section_id": "20423#122",
					"sequence_number": 30,
					"route_path": "standard",
					"section_requirement": "RUES_Halt"
				},
				{
					"entry_time": "07:05:36.96",
					"exit_time": "07:06:47.34",
					"route": 20423,
					"route_section_id": "20423#125",
					"sequence_number": 31,
					"route_path": "standard",
					"section_requirement": null
				},
				{
					"entry_time": "07:06:47.34",
					"exit_time": "07:07:04.68",
					"route": 20423,
					"route_section_id": "20423#130",
					"sequence_number": 32,
					"route_path": "standard",
					"section_requirement": null
				},
				{
					"entry_time": "07:07:04.68",
					"exit_time": "07:07:11.82",
					"route": 20423,
					"route_section_id": "20423#135",
					"sequence_number": 33,
					"route_path": "standard",
					"section_requirement": null
				},
				{
					"entry_time": "07:07:11.82",
					"exit_time": "07:07:33.24",
					"route": 20423,
					"route_section_id": "20423#140",
					"sequence_number": 34,
					"route_path": "standard",
					"section_requirement": null
				},
				{
					"entry_time": "07:07:33.24",
					"exit_time": "07:09:00",
					"route": 20423,
					"route_section_id": "20423#142",
					"sequence_number": 35,
					"route_path": "standard",
					"section_requirement": "TW_Halt"
				},
				{
					"entry_time": "07:09:00",
					"exit_time": "07:09:52.02",
					"route": 20423,
					"route_section_id": "20423#145",
					"sequence_number": 36,
					"route_path": "standard",
					"section_requirement": null
				},
				{
					"entry_time": "07:09:52.02",
					"exit_time": "07:10:07.32",
					"route": 20423,
					"route_section_id": "20423#150",
					"sequence_number": 37,
					"route_path": "standard",
					"section_requirement": null
				},
				{
					"entry_time": "07:10:07.32",
					"exit_time": "07:10:46.08",
					"route": 20423,
					"route_section_id": "20423#155",
					"sequence_number": 38,
					"route_path": "standard",
					"section_requirement": null
				},
				{
					"entry_time": "07:10:46.08",
					"exit_time": "07:11:24.84",
					"route": 20423,
					"route_section_id": "20423#160",
					"sequence_number": 39,
					"route_path": "standard",
					"section_requirement": null
				},
				{
					"entry_time": "07:11:24.84",
					"exit_time": "07:11:58.84",
					"route": 20423,
					"route_section_id": "20423#162",
					"sequence_number": 40,
					"route_path": "standard",
					"section_requirement": "ORDD_Halt"
				},
				{
					"entry_time": "07:11:58.84",
					"exit_time": "07:13:16.36",
					"route": 20423,
					"route_section_id": "20423#165",
					"sequence_number": 41,
					"route_path": "standard",
					"section_requirement": null
				},
				{
					"entry_time": "07:13:16.36",
					"exit_time": "07:13:38.8",
					"route": 20423,
					"route_section_id": "20423#170",
					"sequence_number": 42,
					"route_path": "standard",
					"section_requirement": null
				},
				{
					"entry_time": "07:13:38.8",
					"exit_time": "07:14:00.22",
					"route": 20423,
					"route_section_id": "20423#175",
					"sequence_number": 43,
					"route_path": "standard",
					"section_requirement": null
				},
				{
					"entry_time": "07:14:00.22",
					"exit_time": "07:14:34.22",
					"route": 20423,
					"route_section_id": "20423#177",
					"sequence_number": 44,
					"route_path": "standard",
					"section_requirement": "HGO_Halt"
				},
				{
					"entry_time": "07:14:34.22",
					"exit_time": "07:15:26.24",
					"route": 20423,
					"route_section_id": "20423#180",
					"sequence_number": 45,
					"route_path": "standard",
					"section_requirement": null
				},
				{
					"entry_time": "07:15:26.24",
					"exit_time": "07:15:35.42",
					"route": 20423,
					"route_section_id": "20423#185",
					"sequence_number": 46,
					"route_path": "standard",
					"section_requirement": null
				},
				{
					"entry_time": "07:15:35.42",
					"exit_time": "07:16:02.96",
					"route": 20423,
					"route_section_id": "20423#190",
					"sequence_number": 47,
					"route_path": "standard",
					"section_requirement": null
				},
				{
					"entry_time": "07:16:02.96",
					"exit_time": "07:16:46.82",
					"route": 20423,
					"route_section_id": "20423#195",
					"sequence_number": 48,
					"route_path": "standard",
					"section_requirement": null
				},
				{
					"entry_time": "07:16:46.82",
					"exit_time": "07:17:10.28",
					"route": 20423,
					"route_section_id": "20423#200",
					"sequence_number": 49,
					"route_path": "standard",
					"section_requirement": null
				},
				{
					"entry_time": "07:17:10.28",
					"exit_time": "07:17:24.56",
					"route": 20423,
					"route_section_id": "20423#205",
					"sequence_number": 50,
					"route_path": "standard",
					"section_requirement": null
				},
				{
					"entry_time": "07:17:24.56",
					"exit_time": "07:17:34.76",
					"route": 20423,
					"route_section_id": "20423#210",
					"sequence_number": 51,
					"route_path": "standard",
					"section_requirement": null
				},
				{
					"entry_time": "07:17:34.76",
					"exit_time": "07:17:57.2",
					"route": 20423,
					"route_section_id": "20423#215",
					"sequence_number": 52,
					"route_path": "standard",
					"section_requirement": null
				},
				{
					"entry_time": "07:17:57.2",
					"exit_time": "07:18:31.88",
					"route": 20423,
					"route_section_id": "20423#220",
					"sequence_number": 53,
					"route_path": "standard",
					"section_requirement": null
				},
				{
					"entry_time": "07:18:31.88",
					"exit_time": "07:19:20.26",
					"route": 20423,
					"route_section_id": "20423#225",
					"sequence_number": 54,
					"route_path": "standard",
					"section_requirement": null
				},
				{
					"entry_time": "07:19:20.26",
					"exit_time": "07:19:56.98",
					"route": 20423,
					"route_section_id": "20423#230",
					"sequence_number": 55,
					"route_path": "standard",
					"section_requirement": null
				},
				{
					"entry_time": "07:19:56.98",
					"exit_time": "07:20:11.26",
					"route": 20423,
					"route_section_id": "20423#235",
					"sequence_number": 56,
					"route_path": "standard",
					"section_requirement": null
				},
				{
					"entry_time": "07:20:11.26",
					"exit_time": "07:20:42.88",
					"route": 20423,
					"route_section_id": "20423#240",
					"sequence_number": 57,
					"route_path": "standard",
					"section_requirement": null
				},
				{
					"entry_time": "07:20:42.88",
					"exit_time": "07:20:52.06",
					"route": 20423,
					"route_section_id": "20423#245",
					"sequence_number": 58,
					"route_path": "standard",
					"section_requirement": null
				},
				{
					"entry_time": "07:20:52.06",
					"exit_time": "07:21:10.42",
					"route": 20423,
					"route_section_id": "20423#250",
					"sequence_number": 59,
					"route_path": "standard",
					"section_requirement": null
				},
				{
					"entry_time": "07:21:10.42",
					"exit_time": "07:21:37.96",
					"route": 20423,
					"route_section_id": "20423#255",
					"sequence_number": 60,
					"route_path": "standard",
					"section_requirement": null
				},
				{
					"entry_time": "07:21:37.96",
					"exit_time": "07:22:11.96",
					"route": 20423,
					"route_section_id": "20423#257",
					"sequence_number": 61,
					"route_path": "standard",
					"section_requirement": "BAA_Halt"
				},
				{
					"entry_time": "07:22:11.96",
					"exit_time": "07:23:17.24",
					"route": 20423,
					"route_section_id": "20423#260",
					"sequence_number": 62,
					"route_path": "standard",
					"section_requirement": null
				},
				{
					"entry_time": "07:23:17.24",
					"exit_time": "07:23:26.42",
					"route": 20423,
					"route_section_id": "20423#265",
					"sequence_number": 63,
					"route_path": "standard",
					"section_requirement": null
				},
				{
					"entry_time": "07:23:26.42",
					"exit_time": "07:23:42.74",
					"route": 20423,
					"route_section_id": "20423#270",
					"sequence_number": 64,
					"route_path": "standard",
					"section_requirement": null
				},
				{
					"entry_time": "07:23:42.74",
					"exit_time": "07:23:56",
					"route": 20423,
					"route_section_id": "20423#275",
					"sequence_number": 65,
					"route_path": "standard",
					"section_requirement": null
				},
				{
					"entry_time": "07:23:56",
					"exit_time": "07:24:19.46",
					"route": 20423,
					"route_section_id": "20423#280",
					"sequence_number": 66,
					"route_path": "standard",
					"section_requirement": null
				},
				{
					"entry_time": "07:24:19.46",
					"exit_time": "07:24:32.46",
					"route": 20423,
					"route_section_id": "20423#285",
					"sequence_number": 67,
					"route_path": "standard",
					"section_requirement": null
				},
				{
					"entry_time": "07:24:32.46",
					"exit_time": "07:25:00",
					"route": 20423,
					"route_section_id": "20423#290",
					"sequence_number": 68,
					"route_path": "standard",
					"section_requirement": null
				},
				{
					"entry_time": "07:25:00",
					"exit_time": "07:25:15",
					"route": 20423,
					"route_section_id": "20423#295",
					"sequence_number": 69,
					"route_path": "standard",
					"section_requirement": "ZG_Halt"
				}
			]
		},
		{
			"service_intention_id": 20425,
			"train_run_sections": [
				{
					"entry_time": "07:18:00",
					"exit_time": "07:21:00",
					"route": 20425,
					"route_section_id": "20425#1",
					"sequence_number": 1,
					"route_path": "standard",
					"section_requirement": "ZUE_Halt"
				},
				{
					"entry_time": "07:21:00",
					"exit_time": "07:21:40.8",
					"route": 20425,
					"route_section_id": "20425#5",
					"sequence_number": 2,
					"route_path": "standard",
					"section_requirement": null
				},
				{
					"entry_time": "07:21:40.8",
					"exit_time": "07:22:13.44",
					"route": 20425,
					"route_section_id": "20425#10",
					"sequence_number": 3,
					"route_path": "standard",
					"section_requirement": null
				},
				{
					"entry_time": "07:22:13.44",
					"exit_time": "07:22:30.78",
					"route": 20425,
					"route_section_id": "20425#15",
					"sequence_number": 4,
					"route_path": "standard",
					"section_requirement": null
				},
				{
					"entry_time": "07:22:30.78",
					"exit_time": "07:22:57.3",
					"route": 20425,
					"route_section_id": "20425#20",
					"sequence_number": 5,
					"route_path": "standard",
					"section_requirement": null
				},
				{
					"entry_time": "07:22:57.3",
					"exit_time": "07:23:17.7",
					"route": 20425,
					"route_section_id": "20425#25",
					"sequence_number": 6,
					"route_path": "standard",
					"section_requirement": null
				},
				{
					"entry_time": "07:23:17.7",
					"exit_time": "07:23:28.92",
					"route": 20425,
					"route_section_id": "20425#30",
					"sequence_number": 7,
					"route_path": "standard",
					"section_requirement": null
				},
				{
					"entry_time": "07:23:28.92",
					"exit_time": "07:23:43.2",
					"route": 20425,
					"route_section_id": "20425#35",
					"sequence_number": 8,
					"route_path": "standard",
					"section_requirement": null
				},
				{
					"entry_time": "07:23:43.2",
					"exit_time": "07:24:17.2",
					"route": 20425,
					"route_section_id": "20425#37",
					"sequence_number": 9,
					"route_path": "standard",
					"section_requirement": "ZWIE_Halt"
				},
				{
					"entry_time": "07:24:17.2",
					"exit_time": "07:25:03.1",
					"route": 20425,
					"route_section_id": "20425#40",
					"sequence_number": 10,
					"route_path": "standard",
					"section_requirement": null
				},
				{
					"entry_time": "07:25:03.1",
					"exit_time": "07:25:20.44",
					"route": 20425,
					"route_section_id": "20425#45",
					"sequence_number": 11,
					"route_path": "standard",
					"section_requirement": null
				},
				{
					"entry_time": "07:25:20.44",
					"exit_time": "07:25:41.86",
					"route": 20425,
					"route_section_id": "20425#50",
					"sequence_number": 12,
					"route_path": "standard",
					"section_requirement": null
				},
				{
					"entry_time": "07:25:41.86",
					"exit_time": "07:28:00",
					"route": 20425,
					"route_section_id": "20425#52",
					"sequence_number": 13,
					"route_path": "standard",
					"section_requirement": "ZEN_Halt"
				},
				{
					"entry_time": "07:28:00",
					"exit_time": "07:28:46.92",
					"route": 20425,
					"route_section_id": "20425#55",
					"sequence_number": 14,
					"route_path": "standard",
					"section_requirement": null
				},
				{
					"entry_time": "07:28:46.92",
					"exit_time": "07:29:12.42",
					"route": 20425,
					"route_section_id": "20425#60",
					"sequence_number": 15,
					"route_path": "standard",
					"section_requirement": null
				},
				{
					"entry_time": "07:29:12.42",
					"exit_time": "07:29:29.76",
					"route": 20425,
					"route_section_id": "20425#65",
					"sequence_number": 16,
					"route_path": "standard",
					"section_requirement": null
				},
				{
					"entry_time": "07:29:29.76",
					"exit_time": "07:29:38.94",
					"route": 20425,
					"route_section_id": "20425#70",
					"sequence_number": 17,
					"route_path": "standard",
					"section_requirement": null
				},
				{
					"entry_time": "07:29:38.94",
					"exit_time": "07:30:12.94",
					"route": 20425,
					"route_section_id": "20425#72",
					"sequence_number": 18,
					"route_path": "standard",
					"section_requirement": "ZWOL_Halt"
				},
				{
					"entry_time": "07:30:12.94",
					"exit_time": "07:31:08.02",
					"route": 20425,
					"route_section_id": "20425#75",
					"sequence_number": 19,
					"route_path": "standard",
					"section_requirement": null
				},
				{
					"entry_time": "07:31:08.02",
					"exit_time": "07:31:20.26",
					"route": 20425,
					"route_section_id": "20425#80",
					"sequence_number": 20,
					"route_path": "standard",
					"section_requirement": null
				},
				{
					"entry_time": "07:31:20.26",
					"exit_time": "07:31:30.46",
					"route": 20425,
					"route_section_id": "20425#85",
					"sequence_number": 21,
					"route_path": "standard",
					"section_requirement": null
				},
				{
					"entry_time": "07:31:30.46",
					"exit_time": "07:32:03.1",
					"route": 20425,
					"route_section_id": "20425#90",
					"sequence_number": 22,
					"route_path": "standard",
					"section_requirement": null
				},
				{
					"entry_time": "07:32:03.1",
					"exit_time": "07:32:31.66",
					"route": 20425,
					"route_section_id": "20425#95",
					"sequence_number": 23,
					"route_path": "standard",
					"section_requirement": null
				},
				{
					"entry_time": "07:32:31.66",
					"exit_time": "07:32:56.14",
					"route": 20425,
					"route_section_id": "20425#100",
					"sequence_number": 24,
					"route_path": "standard",
					"section_requirement": null
				},
				{
					"entry_time": "07:32:56.14",
					"exit_time": "07:33:30.14",
					"route": 20425,
					"route_section_id": "20425#102",
					"sequence_number": 25,
					"route_path": "standard",
					"section_requirement": "KIL_Halt"
				},
				{
					"entry_time": "07:33:30.14",
					"exit_time": "07:34:17.06",
					"route": 20425,
					"route_section_id": "20425#105",
					"sequence_number": 26,
					"route_path": "standard",
					"section_requirement": null
				},
				{
					"entry_time": "07:34:17.06",
					"exit_time": "07:34:26.24",
					"route": 20425,
					"route_section_id": "20425#110",
					"sequence_number": 27,
					"route_path": "standard",
					"section_requirement": null
				},
				{
					"entry_time": "07:34:26.24",
					"exit_time": "07:34:37.46",
					"route": 20425,
					"route_section_id": "20425#115",
					"sequence_number": 28,
					"route_path": "standard",
					"section_requirement": null
				},
				{
					"entry_time": "07:34:37.46",
					"exit_time": "07:35:02.96",
					"route": 20425,
					"route_section_id": "20425#120",
					"sequence_number": 29,
					"route_path": "standard",
					"section_requirement": null
				},
				{
					"entry_time": "07:35:02.96",
					"exit_time": "07:35:36.96",
					"route": 20425,
					"route_section_id": "20425#122",
					"sequence_number": 30,
					"route_path": "standard",
					"section_requirement": "RUES_Halt"
				},
				{
					"entry_time": "07:35:36.96",
					"exit_time": "07:36:47.34",
					"route": 20425,
					"route_section_id": "20425#125",
					"sequence_number": 31,
					"route_path": "standard",
					"section_requirement": null
				},
				{
					"entry_time": "07:36:47.34",
					"exit_time": "07:37:04.68",
					"route": 20425,
					"route_section_id": "20425#130",
					"sequence_number": 32,
					"route_path": "standard",
					"section_requirement": null
				},
				{
					"entry_time": "07:37:04.68",
					"exit_time": "07:37:11.82",
					"route": 20425,
					"route_section_id": "20425#135",
					"sequence_number": 33,
					"route_path": "standard",
					"section_requirement": null
				},
				{
					"entry_time": "07:37:11.82",
					"exit_time": "07:37:33.24",
					"route": 20425,
					"route_section_id": "20425#140",
					"sequence_number": 34,
					"route_path": "standard",
					"section_requirement": null
				},
				{
					"entry_time": "07:37:33.24",
					"exit_time": "07:39:00",
					"route": 20425,
					"route_section_id": "20425#142",
					"sequence_number": 35,
					"route_path": "standard",
					"section_requirement": "TW_Halt"
				},
				{
					"entry_time": "07:39:00",
					"exit_time": "07:39:52.02",
					"route": 20425,
					"route_section_id": "20425#145",
					"sequence_number": 36,
					"route_path": "standard",
					"section_requirement": null
				},
				{
					"entry_time": "07:39:52.02",
					"exit_time": "07:40:07.32",
					"route": 20425,
					"route_section_id": "20425#150",
					"sequence_number": 37,
					"route_path": "standard",
					"section_requirement": null
				},
				{
					"entry_time": "07:40:07.32",
					"exit_time": "07:40:46.08",
					"route": 20425,
					"route_section_id": "20425#155",
					"sequence_number": 38,
					"route_path": "standard",
					"section_requirement": null
				},
				{
					"entry_time": "07:40:46.08",
					"exit_time": "07:41:24.84",
					"route": 20425,
					"route_section_id": "20425#160",
					"sequence_number": 39,
					"route_path": "standard",
					"section_requirement": null
				},
				{
					"entry_time": "07:41:24.84",
					"exit_time": "07:41:35.04",
					"route": 20425,
					"route_section_id": "20425#162",
					"sequence_number": 40,
					"route_path": "standard",
					"section_requirement": null
				},
				{
					"entry_time": "07:41:35.04",
					"exit_time": "07:42:52.56",
					"route": 20425,
					"route_section_id": "20425#165",
					"sequence_number": 41,
					"route_path": "standard",
					"section_requirement": null
				},
				{
					"entry_time": "07:42:52.56",
					"exit_time": "07:43:15",
					"route": 20425,
					"route_section_id": "20425#170",
					"sequence_number": 42,
					"route_path": "standard",
					"section_requirement": null
				},
				{
					"entry_time": "07:43:15",
					"exit_time": "07:43:36.42",
					"route": 20425,
					"route_section_id": "20425#175",
					"sequence_number": 43,
					"route_path": "standard",
					"section_requirement": null
				},
				{
					"entry_time": "07:43:36.42",
					"exit_time": "07:43:46.62",
					"route": 20425,
					"route_section_id": "20425#177",
					"sequence_number": 44,
					"route_path": "standard",
					"section_requirement": null
				},
				{
					"entry_time": "07:43:46.62",
					"exit_time": "07:44:38.64",
					"route": 20425,
					"route_section_id": "20425#180",
					"sequence_number": 45,
					"route_path": "standard",
					"section_requirement": null
				},
				{
					"entry_time": "07:44:38.64",
					"exit_time": "07:44:47.82",
					"route": 20425,
					"route_section_id": "20425#185",
					"sequence_number": 46,
					"route_path": "standard",
					"section_requirement": null
				},
				{
					"entry_time": "07:44:47.82",
					"exit_time": "07:45:15.36",
					"route": 20425,
					"route_section_id": "20425#190",
					"sequence_number": 47,
					"route_path": "standard",
					"section_requirement": null
				},
				{
					"entry_time": "07:45:15.36",
					"exit_time": "07:45:59.22",
					"route": 20425,
					"route_section_id": "20425#195",
					"sequence_number": 48,
					"route_path": "standard",
					"section_requirement": null
				},
				{
					"entry_time": "07:45:59.22",
					"exit_time": "07:46:22.68",
					"route": 20425,
					"route_section_id": "20425#200",
					"sequence_number": 49,
					"route_path": "standard",
					"section_requirement": null
				},
				{
					"entry_time": "07:46:22.68",
					"exit_time": "07:46:36.96",
					"route": 20425,
					"route_section_id": "20425#205",
					"sequence_number": 50,
					"route_path": "standard",
					"section_requirement": null
				},
				{
					"entry_time": "07:46:36.96",
					"exit_time": "07:46:47.16",
					"route": 20425,
					"route_section_id": "20425#210",
					"sequence_number": 51,
					"route_path": "standard",
					"section_requirement": null
				},
				{
					"entry_time": "07:46:47.16",
					"exit_time": "07:47:09.6",
					"route": 20425,
					"route_section_id": "20425#215",
					"sequence_number": 52,
					"route_path": "standard",
					"section_requirement": null
				},
				{
					"entry_time": "07:47:09.6",
					"exit_time": "07:47:44.28",
					"route": 20425,
					"route_section_id": "20425#220",
					"sequence_number": 53,
					"route_path": "standard",
					"section_requirement": null
				},
				{
					"entry_time": "07:47:44.28",
					"exit_time": "07:48:35.28",
					"route": 20425,
					"route_section_id": "20425#225",
					"sequence_number": 54,
					"route_path": "standard",
					"section_requirement": null
				},
				{
					"entry_time": "07:48:35.28",
					"exit_time": "07:49:12",
					"route": 20425,
					"route_section_id": "20425#230",
					"sequence_number": 55,
					"route_path": "standard",
					"section_requirement": null
				},
				{
					"entry_time": "07:49:12",
					"exit_time": "07:49:26.28",
					"route": 20425,
					"route_section_id": "20425#235",
					"sequence_number": 56,
					"route_path": "standard",
					"section_requirement": null
				},
				{
					"entry_time": "07:49:26.28",
					"exit_time": "07:49:57.9",
					"route": 20425,
					"route_section_id": "20425#240",
					"sequence_number": 57,
					"route_path": "standard",
					"section_requirement": null
				},
				{
					"entry_time": "07:49:57.9",
					"exit_time": "07:50:07.08",
					"route": 20425,
					"route_section_id": "20425#245",
					"sequence_number": 58,
					"route_path": "standard",
					"section_requirement": null
				},
				{
					"entry_time": "07:50:07.08",
					"exit_time": "07:50:25.44",
					"route": 20425,
					"route_section_id": "20425#250",
					"sequence_number": 59,
					"route_path": "standard",
					"section_requirement": null
				},
				{
					"entry_time": "07:50:25.44",
					"exit_time": "07:50:52.98",
					"route": 20425,
					"route_section_id": "20425#255",
					"sequence_number": 60,
					"route_path": "standard",
					"section_requirement": null
				},
				{
					"entry_time": "07:50:52.98",
					"exit_time": "07:51:03.18",
					"route": 20425,
					"route_section_id": "20425#257",
					"sequence_number": 61,
					"route_path": "standard",
					"section_requirement": null
				},
				{
					"entry_time": "07:51:03.18",
					"exit_time": "07:52:08.46",
					"route": 20425,
					"route_section_id": "20425#260",
					"sequence_number": 62,
					"route_path": "standard",
					"section_requirement": null
				},
				{
					"entry_time": "07:52:08.46",
					"exit_time": "07:52:17.64",
					"route": 20425,
					"route_section_id": "20425#265",
					"sequence_number": 63,
					"route_path": "standard",
					"section_requirement": null
				},
				{
					"entry_time": "07:52:17.64",
					"exit_time": "07:52:33.96",
					"route": 20425,
					"route_section_id": "20425#270",
					"sequence_number": 64,
					"route_path": "standard",
					"section_requirement": null
				},
				{
					"entry_time": "07:52:33.96",
					"exit_time": "07:52:47.22",
					"route": 20425,
					"route_section_id": "20425#275",
					"sequence_number": 65,
					"route_path": "standard",
					"section_requirement": null
				},
				{
					"entry_time": "07:52:47.22",
					"exit_time": "07:53:10.68",
					"route": 20425,
					"route_section_id": "20425#280",
					"sequence_number": 66,
					"route_path": "standard",
					"section_requirement": null
				},
				{
					"entry_time": "07:53:10.68",
					"exit_time": "07:53:23.94",
					"route": 20425,
					"route_section_id": "20425#285",
					"sequence_number": 67,
					"route_path": "standard",
					"section_requirement": null
				},
				{
					"entry_time": "07:53:23.94",
					"exit_time": "07:53:51.48",
					"route": 20425,
					"route_section_id": "20425#290",
					"sequence_number": 68,
					"route_path": "standard",
					"section_requirement": null
				},
				{
					"entry_time": "07:53:51.48",
					"exit_time": "07:54:06.48",
					"route": 20425,
					"route_section_id": "20425#295",
					"sequence_number": 69,
					"route_path": "standard",
					"section_requirement": "ZG_Halt"
				}
			]
		}
	]
}