time|Type|cat|Tripid
05:25d1|In|Cat1|4
05:25d1|In|Cat1|5
05:31d1|In|Cat7|7
05:31d1|In|Cat7|8
05:33d1|In|Cat5|10
05:51d1|Out|Cat7|13
05:51d1|Out|Cat7|14
06:02d1|Out|Cat5|16
06:09d1|Out|Cat1|21
06:14d1|In|Cat2|22
06:24d1|In|Cat7|28
06:28d1|Out|Cat1|30
06:41d1|In|Cat11|37
06:47d1|In|Cat4|45
06:52d1|In|Cat1|46
06:55d1|In|Cat4|48
06:58d1|In|Cat1|52
06:59d1|In|Cat1|53
07:00d1|In|Cat11|55
07:00d1|Out|Cat1|56
07:00d1|Out|Cat2|57
07:02d1|Out|Cat7|58
07:03d1|In|Cat7|63
07:06d1|Out|Cat4|66
07:08d1|In|Cat7|67
07:08d1|Out|Cat1|68
07:12d1|Out|Cat7|69
07:14d1|In|Cat3|71
07:15d1|Out|Cat4|72
07:17d1|Out|Cat7|75
07:18d1|In|Cat3|76
07:19d1|Out|Cat1|77
07:20d1|In|Cat1|78
07:25d1|Out|Cat1|79
07:28d1|In|Cat1|82
07:28d1|Out|Cat3|86
07:29d1|In|Cat5|87
07:31d1|Out|Cat3|88
07:32d1|Out|Cat11|89
07:33d1|In|Cat1|90
07:35d1|Out|Cat1|95
07:35d1|Out|Cat5|92
07:36d1|Out|Cat1|97
07:44d1|In|Cat1|102
07:54d1|In|Cat7|105
07:59d1|Out|Cat7|106
07:59d1|In|Cat5|116
07:59d1|In|Cat5|117
07:59d1|In|Cat5|118
08:00d1|Out|Cat1|119
08:02d1|Out|Cat5|121
08:05d1|In|Cat5|124
08:06d1|Out|Cat5|126
08:06d1|Out|Cat5|127
08:06d1|Out|Cat5|128
08:08d1|In|Cat7|130
08:18d1|In|Cat7|137
08:18d1|In|Cat7|138
08:25d1|In|Cat1|142
08:25d1|In|Cat1|143
08:28d1|Out|Cat1|146
08:29d1|In|Cat3|148
08:29d1|In|Cat5|147
08:33d1|In|Cat3|149
08:35d1|In|Cat1|150
08:36d1|Out|Cat1|157
08:36d1|Out|Cat1|158
08:36d1|Out|Cat5|153
08:36d1|Out|Cat7|159
08:36d1|Out|Cat7|160
08:54d1|Out|Cat7|169
08:55d1|In|Cat4|172
08:58d1|In|Cat1|175
09:00d1|Out|Cat1|177
09:05d1|In|Cat1|179
09:05d1|Out|Cat4|181
09:14d1|In|Cat4|183
09:18d1|In|Cat7|184
09:18d1|In|Cat7|185
09:19d1|Out|Cat1|186
09:21d1|Out|Cat11|187
09:25d1|In|Cat4|188
09:25d1|In|Cat4|190
09:31d1|In|Cat1|192
09:39d1|Out|Cat7|194
09:39d1|Out|Cat7|195
09:48d1|In|Cat7|199
09:48d1|In|Cat7|200
09:55d1|In|Cat4|201
09:58d1|In|Cat5|203
10:02d1|Out|Cat4|206
10:11d1|Out|Cat7|207
10:11d1|Out|Cat7|208
10:13d1|Out|Cat5|209
10:14d1|In|Cat4|210
10:15d1|Out|Cat1|211
10:16d1|In|Cat7|213
10:16d1|In|Cat7|214
10:20d1|In|Cat8|215
10:25d1|In|Cat5|216
10:25d1|In|Cat5|217
10:25d1|In|Cat5|218
10:26d1|Out|Cat8|219
10:29d1|Out|Cat7|220
11:02d1|Out|Cat4|223
11:06d1|Out|Cat7|224
11:25d1|In|Cat5|229
11:25d1|In|Cat5|230
11:36d1|Out|Cat4|231
11:44d1|In|Cat5|233
11:46d1|In|Cat5|235
11:47d1|Out|Cat5|236
11:47d1|Out|Cat5|237
11:47d1|In|Cat4|238
11:48d1|In|Cat7|240
11:55d1|In|Cat4|241
11:59d1|In|Cat1|242
11:59d1|In|Cat1|243
12:01d1|Out|Cat4|244
12:02d1|Out|Cat5|246
12:02d1|Out|Cat5|247
12:04d1|Out|Cat5|248
12:05d1|Out|Cat4|249
12:06d1|Out|Cat5|250
12:13d1|Out|Cat4|252
12:14d1|In|Cat4|253
12:15d1|Out|Cat1|254
12:15d1|Out|Cat1|255
12:25d1|In|Cat1|262
12:25d1|In|Cat5|259
12:25d1|In|Cat5|260
12:28d1|Out|Cat5|263
12:35d1|Out|Cat5|264
12:36d1|Out|Cat5|267
12:42d1|Out|Cat4|268
12:45d1|Out|Cat1|272
12:47d1|In|Cat4|273
12:50d1|Out|Cat7|274
12:55d1|In|Cat4|276
12:57d1|In|Cat8|278
12:58d1|In|Cat5|279
13:04d1|Out|Cat5|281
13:05d1|In|Cat7|282
13:05d1|In|Cat7|283
13:05d1|In|Cat7|284
13:08d1|Out|Cat8|285
13:14d1|In|Cat5|287
13:15d1|Out|Cat5|288
13:16d1|In|Cat4|290
13:17d1|Out|Cat4|291
13:25d1|In|Cat5|292
13:25d1|In|Cat5|293
13:32d1|Out|Cat4|295
13:33d1|In|Cat4|296
13:35d1|Out|Cat4|297
13:41d1|In|Cat4|299
13:45d1|Out|Cat3|302
13:47d1|In|Cat4|303
13:48d1|In|Cat9|304
13:52d1|In|Cat5|305
13:52d1|Out|Cat7|306
13:52d1|Out|Cat7|307
13:55d1|In|Cat4|310
13:55d1|In|Cat5|308
13:55d1|In|Cat5|309
13:58d1|In|Cat5|312
14:02d1|Out|Cat5|314
14:04d1|In|Cat5|315
14:04d1|In|Cat8|316
14:06d1|In|Cat7|317
14:06d1|In|Cat7|318
14:13d1|Out|Cat4|319
14:14d1|In|Cat1|320
14:18d1|In|Cat7|321
14:19d1|Out|Cat9|322
14:25d1|In|Cat5|323
14:25d1|In|Cat5|324
14:35d1|Out|Cat5|325
14:45d1|Out|Cat7|326
14:50d1|In|Cat5|327
14:53d1|Out|Cat8|328
15:20d1|Out|Cat7|330
15:25d1|In|Cat5|331
15:25d1|In|Cat5|332
15:35d1|Out|Cat1|333
15:35d1|Out|Cat4|334
15:36d1|Out|Cat5|335
15:42d1|Out|Cat4|336
15:45d1|Out|Cat5|339
15:48d1|In|Cat7|340
15:48d1|In|Cat7|341
15:55d1|In|Cat8|342
15:56d1|In|Cat12|343
15:58d1|In|Cat4|344
15:58d1|In|Cat5|345
15:59d1|In|Cat1|346
15:59d1|In|Cat1|347
16:00d1|Out|Cat4|348
16:02d1|Out|Cat5|349
16:05d1|Out|Cat4|353
16:06d1|Out|Cat5|354
16:08d1|Out|Cat5|355
16:11d1|Out|Cat7|356
16:11d1|Out|Cat7|357
16:13d1|Out|Cat5|359
16:14d1|In|Cat3|360
16:15d1|Out|Cat1|361
16:24d1|Out|Cat1|364
16:25d1|In|Cat1|365
16:25d1|In|Cat1|366
16:25d1|In|Cat5|367
16:25d1|In|Cat5|368
16:30d1|Out|Cat5|369
16:35d1|Out|Cat1|370
16:35d1|Out|Cat1|371
16:35d1|Out|Cat4|373
16:39d1|In|Cat8|375
16:42d1|Out|Cat5|376
16:44d1|Out|Cat5|377
16:45d1|Out|Cat3|378
16:47d1|In|Cat4|380
16:50d1|Out|Cat7|381
16:55d1|In|Cat4|382
16:58d1|In|Cat2|383
16:58d1|In|Cat2|384
16:58d1|In|Cat2|385
16:59d1|In|Cat1|386
16:59d1|In|Cat1|387
17:00d1|Out|Cat4|388
17:00d1|Out|Cat4|389
17:02d1|Out|Cat5|391
17:02d1|Out|Cat5|392
17:05d1|Out|Cat5|396
17:06d1|Out|Cat5|397
17:07d1|In|Cat7|399
17:08d1|Out|Cat8|401
17:14d1|In|Cat1|402
17:14d1|In|Cat1|403
17:15d1|Out|Cat1|406
17:15d1|Out|Cat2|407
17:18d1|In|Cat4|410
17:18d1|In|Cat7|411
17:19d1|Out|Cat1|413
17:19d1|Out|Cat1|414
17:21d1|Out|Cat7|415
17:26d1|In|Cat1|416
17:26d1|Out|Cat12|417
17:28d1|Out|Cat2|419
17:33d1|In|Cat2|422
17:35d1|Out|Cat1|424
17:35d1|Out|Cat2|423
17:35d1|Out|Cat2|425
17:36d1|Out|Cat4|428
17:40d1|In|Cat1|430
17:41d1|Out|Cat7|431
17:42d1|Out|Cat3|433
17:45d1|Out|Cat1|437
17:47d1|In|Cat4|440
17:50d1|Out|Cat7|442
17:55d1|In|Cat4|448
17:58d1|In|Cat4|450
17:58d1|In|Cat4|451
17:59d1|In|Cat1|453
18:02d1|Out|Cat1|457
18:04d1|Out|Cat4|460
18:05d1|Out|Cat4|462
18:09d1|In|Cat8|465
18:15d1|Out|Cat4|470
18:16d1|In|Cat1|471
18:19d1|Out|Cat1|474
18:19d1|Out|Cat4|473
18:25d1|In|Cat4|475
18:25d1|In|Cat5|477
18:26d1|Out|Cat8|478
18:28d1|Out|Cat5|479
18:30d1|In|Cat8|480
18:33d1|In|Cat1|482
18:35d1|Out|Cat1|484
18:36d1|Out|Cat4|486
18:38d1|In|Cat7|487
18:41d1|Out|Cat7|489
18:44d1|In|Cat1|490
18:45d1|Out|Cat1|492
18:51d1|In|Cat1|495
18:55d1|In|Cat4|499
18:58d1|In|Cat5|506
18:59d1|In|Cat5|507
19:00d1|Out|Cat1|508
19:00d1|Out|Cat8|509
19:00d1|Out|Cat8|510
19:02d1|Out|Cat4|512
19:04d1|Out|Cat5|513
19:06d1|Out|Cat5|515
19:13d1|In|Cat4|517
19:14d1|In|Cat3|519
19:15d1|Out|Cat4|520
19:16d1|In|Cat4|521
19:16d1|In|Cat4|522
19:19d1|Out|Cat4|524
19:20d1|Out|Cat1|525
19:25d1|In|Cat4|527
19:35d1|Out|Cat3|532
19:35d1|Out|Cat4|530
19:41d1|In|Cat3|534
19:47d1|In|Cat4|535
19:55d1|In|Cat4|538
20:02d1|Out|Cat4|542
20:04d1|Out|Cat4|543
20:06d1|Out|Cat4|544
20:19d1|Out|Cat3|551
20:35d1|In|Cat1|556
20:47d1|Out|Cat1|559
20:48d1|In|Cat7|565
20:48d1|In|Cat7|566
21:14d1|In|Cat1|574
21:16d1|In|Cat4|577
21:19d1|Out|Cat4|579
21:20d1|Out|Cat7|580
21:20d1|Out|Cat7|581
21:35d1|In|Cat4|583
21:40d1|Out|Cat4|584
21:40d1|In|Cat11|585
21:59d1|In|Cat5|587
22:15d1|Out|Cat1|590
22:25d1|Out|Cat11|593
22:35d1|Out|Cat5|594
