{
  "id" : "n060w16",
  "numberOfWeeks" : 16,
  "skills" : [ "HeadNurse", "Nurse", "Caretaker", "Trainee" ],
  "shiftTypes" : [ {
    "id" : "Early",
    "minimumNumberOfConsecutiveAssignments" : 2,
    "maximumNumberOfConsecutiveAssignments" : 112
  }, {
    "id" : "Day",
    "minimumNumberOfConsecutiveAssignments" : 2,
    "maximumNumberOfConsecutiveAssignments" : 112
  }, {
    "id" : "Late",
    "minimumNumberOfConsecutiveAssignments" : 2,
    "maximumNumberOfConsecutiveAssignments" : 5
  }, {
    "id" : "Night",
    "minimumNumberOfConsecutiveAssignments" : 4,
    "maximumNumberOfConsecutiveAssignments" : 5
  } ],
  "forbiddenShiftTypeSuccessions" : [ {
    "precedingShiftType" : "Early",
    "succeedingShiftTypes" : [ ]
  }, {
    "precedingShiftType" : "Day",
    "succeedingShiftTypes" : [ "Early" ]
  }, {
    "precedingShiftType" : "Late",
    "succeedingShiftTypes" : [ "Early", "Day" ]
  }, {
    "precedingShiftType" : "Night",
    "succeedingShiftTypes" : [ "Early", "Day", "Late" ]
  } ],
  "contracts" : [ {
    "id" : "FullTime",
    "minimumNumberOfAssignments" : 60,
    "maximumNumberOfAssignments" : 88,
    "minimumNumberOfConsecutiveWorkingDays" : 3,
    "maximumNumberOfConsecutiveWorkingDays" : 5,
    "minimumNumberOfConsecutiveDaysOff" : 2,
    "maximumNumberOfConsecutiveDaysOff" : 3,
    "maximumNumberOfWorkingWeekends" : 8,
    "completeWeekends" : 1
  }, {
    "id" : "PartTime",
    "minimumNumberOfAssignments" : 28,
    "maximumNumberOfAssignments" : 60,
    "minimumNumberOfConsecutiveWorkingDays" : 5,
    "maximumNumberOfConsecutiveWorkingDays" : 7,
    "minimumNumberOfConsecutiveDaysOff" : 5,
    "maximumNumberOfConsecutiveDaysOff" : 6,
    "maximumNumberOfWorkingWeekends" : 8,
    "completeWeekends" : 1
  }, {
    "id" : "HalfTime",
    "minimumNumberOfAssignments" : 28,
    "maximumNumberOfAssignments" : 44,
    "minimumNumberOfConsecutiveWorkingDays" : 3,
    "maximumNumberOfConsecutiveWorkingDays" : 5,
    "minimumNumberOfConsecutiveDaysOff" : 3,
    "maximumNumberOfConsecutiveDaysOff" : 5,
    "maximumNumberOfWorkingWeekends" : 4,
    "completeWeekends" : 1
  }, {
    "id" : "20Percent",
    "minimumNumberOfAssignments" : 20,
    "maximumNumberOfAssignments" : 32,
    "minimumNumberOfConsecutiveWorkingDays" : 3,
    "maximumNumberOfConsecutiveWorkingDays" : 4,
    "minimumNumberOfConsecutiveDaysOff" : 4,
    "maximumNumberOfConsecutiveDaysOff" : 7,
    "maximumNumberOfWorkingWeekends" : 4,
    "completeWeekends" : 1
  } ],
  "nurses" : [ {
    "id" : "HN_0",
    "contract" : "20Percent",
    "skills" : [ "HeadNurse", "Nurse" ]
  }, {
    "id" : "HN_1",
    "contract" : "FullTime",
    "skills" : [ "HeadNurse", "Nurse" ]
  }, {
    "id" : "HN_2",
    "contract" : "20Percent",
    "skills" : [ "HeadNurse", "Nurse" ]
  }, {
    "id" : "HN_3",
    "contract" : "HalfTime",
    "skills" : [ "HeadNurse", "Nurse" ]
  }, {
    "id" : "HN_4",
    "contract" : "PartTime",
    "skills" : [ "HeadNurse", "Nurse" ]
  }, {
    "id" : "HN_5",
    "contract" : "20Percent",
    "skills" : [ "HeadNurse", "Nurse" ]
  }, {
    "id" : "HN_6",
    "contract" : "HalfTime",
    "skills" : [ "HeadNurse", "Nurse" ]
  }, {
    "id" : "NU_7",
    "contract" : "PartTime",
    "skills" : [ "Nurse", "Caretaker" ]
  }, {
    "id" : "NU_8",
    "contract" : "HalfTime",
    "skills" : [ "Nurse", "Caretaker" ]
  }, {
    "id" : "NU_9",
    "contract" : "PartTime",
    "skills" : [ "Nurse", "Caretaker" ]
  }, {
    "id" : "NU_10",
    "contract" : "20Percent",
    "skills" : [ "Nurse", "Caretaker" ]
  }, {
    "id" : "NU_11",
    "contract" : "PartTime",
    "skills" : [ "Nurse", "Caretaker" ]
  }, {
    "id" : "NU_12",
    "contract" : "20Percent",
    "skills" : [ "Nurse", "Caretaker" ]
  }, {
    "id" : "NU_13",
    "contract" : "FullTime",
    "skills" : [ "Nurse", "Caretaker" ]
  }, {
    "id" : "NU_14",
    "contract" : "20Percent",
    "skills" : [ "Nurse", "Caretaker" ]
  }, {
    "id" : "NU_15",
    "contract" : "PartTime",
    "skills" : [ "Nurse", "Caretaker" ]
  }, {
    "id" : "NU_16",
    "contract" : "20Percent",
    "skills" : [ "Nurse", "Caretaker" ]
  }, {
    "id" : "NU_17",
    "contract" : "PartTime",
    "skills" : [ "Nurse", "Caretaker" ]
  }, {
    "id" : "NU_18",
    "contract" : "FullTime",
    "skills" : [ "Nurse", "Caretaker" ]
  }, {
    "id" : "NU_19",
    "contract" : "PartTime",
    "skills" : [ "Nurse", "Caretaker" ]
  }, {
    "id" : "NU_20",
    "contract" : "20Percent",
    "skills" : [ "Nurse", "Caretaker" ]
  }, {
    "id" : "NU_21",
    "contract" : "20Percent",
    "skills" : [ "Nurse", "Caretaker" ]
  }, {
    "id" : "NU_22",
    "contract" : "PartTime",
    "skills" : [ "Nurse", "Caretaker" ]
  }, {
    "id" : "NU_23",
    "contract" : "20Percent",
    "skills" : [ "Nurse", "Caretaker" ]
  }, {
    "id" : "NU_24",
    "contract" : "20Percent",
    "skills" : [ "Nurse", "Caretaker" ]
  }, {
    "id" : "NU_25",
    "contract" : "PartTime",
    "skills" : [ "Nurse", "Caretaker" ]
  }, {
    "id" : "NU_26",
    "contract" : "PartTime",
    "skills" : [ "Nurse", "Caretaker" ]
  }, {
    "id" : "NU_27",
    "contract" : "FullTime",
    "skills" : [ "Nurse", "Caretaker" ]
  }, {
    "id" : "NU_28",
    "contract" : "FullTime",
    "skills" : [ "Nurse", "Caretaker" ]
  }, {
    "id" : "NU_29",
    "contract" : "FullTime",
    "skills" : [ "Nurse", "Caretaker" ]
  }, {
    "id" : "NU_30",
    "contract" : "20Percent",
    "skills" : [ "Nurse", "Caretaker" ]
  }, {
    "id" : "NU_31",
    "contract" : "FullTime",
    "skills" : [ "Nurse", "Caretaker" ]
  }, {
    "id" : "NU_32",
    "contract" : "HalfTime",
    "skills" : [ "Nurse", "Caretaker" ]
  }, {
    "id" : "NU_33",
    "contract" : "HalfTime",
    "skills" : [ "Nurse", "Caretaker" ]
  }, {
    "id" : "NU_34",
    "contract" : "PartTime",
    "skills" : [ "Nurse", "Caretaker" ]
  }, {
    "id" : "NU_35",
    "contract" : "FullTime",
    "skills" : [ "Nurse", "Caretaker" ]
  }, {
    "id" : "NU_36",
    "contract" : "20Percent",
    "skills" : [ "Nurse", "Caretaker" ]
  }, {
    "id" : "CT_37",
    "contract" : "PartTime",
    "skills" : [ "Caretaker" ]
  }, {
    "id" : "CT_38",
    "contract" : "PartTime",
    "skills" : [ "Caretaker" ]
  }, {
    "id" : "CT_39",
    "contract" : "FullTime",
    "skills" : [ "Caretaker" ]
  }, {
    "id" : "CT_40",
    "contract" : "HalfTime",
    "skills" : [ "Caretaker" ]
  }, {
    "id" : "CT_41",
    "contract" : "FullTime",
    "skills" : [ "Caretaker" ]
  }, {
    "id" : "CT_42",
    "contract" : "PartTime",
    "skills" : [ "Caretaker" ]
  }, {
    "id" : "CT_43",
    "contract" : "HalfTime",
    "skills" : [ "Caretaker" ]
  }, {
    "id" : "CT_44",
    "contract" : "FullTime",
    "skills" : [ "Caretaker" ]
  }, {
    "id" : "CT_45",
    "contract" : "FullTime",
    "skills" : [ "Caretaker" ]
  }, {
    "id" : "CT_46",
    "contract" : "PartTime",
    "skills" : [ "Caretaker" ]
  }, {
    "id" : "CT_47",
    "contract" : "PartTime",
    "skills" : [ "Caretaker" ]
  }, {
    "id" : "CT_48",
    "contract" : "PartTime",
    "skills" : [ "Caretaker" ]
  }, {
    "id" : "CT_49",
    "contract" : "20Percent",
    "skills" : [ "Caretaker" ]
  }, {
    "id" : "CT_50",
    "contract" : "PartTime",
    "skills" : [ "Caretaker" ]
  }, {
    "id" : "CT_51",
    "contract" : "PartTime",
    "skills" : [ "Caretaker" ]
  }, {
    "id" : "TR_52",
    "contract" : "FullTime",
    "skills" : [ "Trainee" ]
  }, {
    "id" : "TR_53",
    "contract" : "HalfTime",
    "skills" : [ "Trainee" ]
  }, {
    "id" : "TR_54",
    "contract" : "20Percent",
    "skills" : [ "Trainee" ]
  }, {
    "id" : "TR_55",
    "contract" : "PartTime",
    "skills" : [ "Trainee" ]
  }, {
    "id" : "TR_56",
    "contract" : "20Percent",
    "skills" : [ "Trainee" ]
  }, {
    "id" : "TR_57",
    "contract" : "HalfTime",
    "skills" : [ "Trainee" ]
  }, {
    "id" : "TR_58",
    "contract" : "HalfTime",
    "skills" : [ "Trainee" ]
  }, {
    "id" : "TR_59",
    "contract" : "PartTime",
    "skills" : [ "Trainee" ]
  } ]
}