time|Type|cat|Tripid
05:25d4|In|Cat1|1786
05:27d4|In|Cat5|1787
05:31d4|In|Cat7|1788
05:31d4|In|Cat7|1789
05:33d4|In|Cat5|1791
05:35d4|Out|Cat5|1792
05:44d4|Out|Cat5|1793
05:51d4|Out|Cat7|1794
05:51d4|Out|Cat7|1795
06:09d4|Out|Cat1|1802
06:24d4|In|Cat7|1807
06:24d4|In|Cat7|1808
06:25d4|In|Cat5|1809
06:31d4|Out|Cat5|1811
06:40d4|In|Cat4|1815
06:41d4|In|Cat11|1816
06:41d4|In|Cat11|1817
06:45d4|Out|Cat4|1823
06:47d4|In|Cat4|1824
06:55d4|In|Cat4|1827
06:58d4|In|Cat1|1831
06:59d4|In|Cat1|1832
06:59d4|In|Cat5|1833
07:00d4|In|Cat11|1834
07:00d4|Out|Cat1|1835
07:02d4|Out|Cat4|1838
07:02d4|Out|Cat5|1837
07:02d4|Out|Cat7|1839
07:02d4|Out|Cat7|1840
07:03d4|In|Cat7|1841
07:03d4|In|Cat7|1842
07:08d4|In|Cat7|1846
07:12d4|Out|Cat7|1848
07:14d4|In|Cat3|1850
07:15d4|Out|Cat4|1851
07:17d4|Out|Cat7|1854
07:18d4|In|Cat3|1855
07:19d4|Out|Cat1|1856
07:20d4|In|Cat1|1857
07:28d4|Out|Cat1|1858
07:28d4|Out|Cat3|1865
07:31d4|Out|Cat3|1867
07:32d4|Out|Cat11|1868
07:44d4|In|Cat1|1880
07:44d4|In|Cat1|1881
07:54d4|In|Cat7|1884
07:55d4|Out|Cat7|1885
07:55d4|Out|Cat7|1886
07:59d4|In|Cat5|1895
07:59d4|In|Cat5|1896
07:59d4|In|Cat5|1897
08:00d4|Out|Cat1|1898
08:00d4|Out|Cat1|1899
08:05d4|In|Cat5|1903
08:06d4|Out|Cat5|1905
08:06d4|Out|Cat5|1906
08:06d4|Out|Cat5|1907
08:08d4|In|Cat7|1908
08:08d4|In|Cat7|1909
08:13d4|Out|Cat5|1910
08:18d4|In|Cat7|1916
08:25d4|In|Cat1|1920
08:25d4|In|Cat1|1921
08:25d4|In|Cat1|1922
08:28d4|Out|Cat1|1923
08:28d4|Out|Cat1|1924
08:29d4|In|Cat3|1925
08:33d4|In|Cat3|1927
08:35d4|In|Cat1|1928
08:36d4|Out|Cat1|1933
08:36d4|Out|Cat1|1934
08:36d4|Out|Cat7|1937
08:36d4|Out|Cat7|1938
08:54d4|Out|Cat7|1947
09:14d4|In|Cat4|1962
09:18d4|In|Cat9|1963
09:21d4|Out|Cat11|1965
09:25d4|In|Cat4|1967
09:25d4|In|Cat4|1968
09:31d4|In|Cat1|1970
09:35d4|Out|Cat4|1971
09:55d4|In|Cat4|1978
10:03d4|In|Cat8|1984
10:11d4|Out|Cat9|1985
10:13d4|Out|Cat4|1986
10:14d4|In|Cat4|1987
10:15d4|Out|Cat1|1988
10:16d4|In|Cat7|1990
10:16d4|In|Cat7|1991
10:26d4|Out|Cat8|1995
10:29d4|Out|Cat7|1996
10:37d4|In|Cat8|1998
10:42d4|Out|Cat11|1999
11:06d4|Out|Cat7|2002
11:37d4|In|Cat4|2011
11:47d4|In|Cat4|2016
11:48d4|In|Cat7|2018
11:55d4|In|Cat4|2019
11:59d4|In|Cat1|2020
11:59d4|In|Cat1|2021
12:01d4|Out|Cat4|2022
12:02d4|Out|Cat4|2024
12:04d4|Out|Cat4|2025
12:08d4|Out|Cat1|2028
12:11d4|In|Cat8|2029
12:14d4|In|Cat4|2031
12:15d4|Out|Cat1|2032
12:25d4|In|Cat1|2037
12:25d4|In|Cat1|2038
12:28d4|Out|Cat4|2040
12:35d4|Out|Cat1|2043
12:35d4|Out|Cat1|2045
12:36d4|Out|Cat4|2046
12:42d4|Out|Cat4|2047
12:45d4|In|Cat4|2049
12:45d4|In|Cat4|2050
12:45d4|In|Cat4|2051
12:47d4|In|Cat4|2053
12:50d4|Out|Cat7|2054
12:55d4|In|Cat4|2056
12:57d4|In|Cat8|2057
13:05d4|In|Cat7|2061
13:05d4|In|Cat7|2062
13:08d4|Out|Cat8|2063
13:13d4|Out|Cat4|2064
13:15d4|Out|Cat4|2066
13:16d4|In|Cat4|2068
13:25d4|In|Cat5|2071
13:33d4|In|Cat4|2074
13:35d4|Out|Cat5|2075
13:41d4|In|Cat4|2077
13:45d4|Out|Cat3|2079
13:47d4|In|Cat4|2080
13:48d4|In|Cat9|2081
13:49d4|Out|Cat7|2082
13:52d4|In|Cat5|2083
13:52d4|In|Cat8|2084
13:52d4|Out|Cat7|2085
13:55d4|In|Cat4|2087
13:55d4|In|Cat5|2088
13:55d4|In|Cat5|2089
13:57d4|In|Cat8|2090
13:58d4|In|Cat1|2091
13:58d4|In|Cat5|2092
14:02d4|Out|Cat1|2093
14:02d4|Out|Cat4|2094
14:06d4|In|Cat7|2096
14:13d4|Out|Cat4|2097
14:14d4|In|Cat1|2098
14:18d4|In|Cat9|2099
14:19d4|Out|Cat9|2100
14:25d4|In|Cat5|2101
14:25d4|In|Cat5|2102
14:35d4|Out|Cat4|2103
14:45d4|Out|Cat7|2104
14:53d4|Out|Cat8|2105
14:56d4|In|Cat3|2106
15:11d4|Out|Cat9|2107
15:25d4|In|Cat5|2109
15:25d4|In|Cat5|2110
15:34d4|In|Cat8|2111
15:35d4|Out|Cat4|2112
15:41d4|Out|Cat1|2116
15:44d4|Out|Cat4|2119
15:45d4|Out|Cat4|2120
15:48d4|In|Cat7|2122
15:56d4|In|Cat12|2123
15:58d4|In|Cat4|2124
15:58d4|In|Cat5|2125
15:59d4|In|Cat1|2127
16:00d4|Out|Cat5|2128
16:02d4|Out|Cat4|2129
16:02d4|Out|Cat5|2131
16:04d4|Out|Cat5|2132
16:05d4|Out|Cat4|2133
16:08d4|Out|Cat4|2135
16:11d4|Out|Cat7|2136
16:12d4|In|Cat8|2138
16:13d4|Out|Cat5|2139
16:14d4|In|Cat3|2141
16:15d4|Out|Cat1|2143
16:18d4|In|Cat5|2144
16:19d4|Out|Cat5|2146
16:25d4|In|Cat1|2150
16:25d4|In|Cat1|2151
16:25d4|In|Cat5|2148
16:25d4|In|Cat5|2149
16:35d4|Out|Cat1|2154
16:35d4|Out|Cat5|2155
16:39d4|In|Cat8|2157
16:42d4|Out|Cat5|2158
16:44d4|Out|Cat5|2159
16:45d4|Out|Cat3|2160
16:47d4|In|Cat4|2161
16:47d4|In|Cat4|2162
16:55d4|In|Cat4|2164
16:58d4|In|Cat2|2166
16:58d4|In|Cat2|2167
16:59d4|In|Cat1|2168
16:59d4|In|Cat1|2169
17:00d4|Out|Cat4|2170
17:00d4|Out|Cat4|2171
17:02d4|Out|Cat4|2174
17:02d4|Out|Cat4|2175
17:02d4|Out|Cat5|2173
17:03d4|Out|Cat2|2176
17:05d4|Out|Cat5|2178
17:06d4|Out|Cat5|2180
17:06d4|Out|Cat5|2181
17:08d4|Out|Cat8|2184
17:14d4|In|Cat1|2185
17:14d4|In|Cat1|2186
17:15d4|Out|Cat2|2189
17:18d4|In|Cat4|2193
17:18d4|In|Cat7|2194
17:19d4|Out|Cat4|2197
17:21d4|Out|Cat7|2198
17:26d4|In|Cat1|2199
17:26d4|Out|Cat12|2200
17:35d4|Out|Cat1|2206
17:35d4|Out|Cat1|2207
17:40d4|In|Cat1|2213
17:42d4|Out|Cat3|2216
17:45d4|Out|Cat1|2220
17:45d4|Out|Cat1|2221
17:47d4|In|Cat4|2223
17:51d4|In|Cat4|2226
17:55d4|In|Cat4|2230
17:58d4|In|Cat4|2234
17:58d4|In|Cat4|2235
17:59d4|In|Cat1|2237
18:01d4|Out|Cat4|2239
18:02d4|Out|Cat1|2242
18:02d4|Out|Cat4|2240
18:05d4|In|Cat5|2246
18:08d4|Out|Cat5|2247
18:16d4|In|Cat1|2254
18:18d4|In|Cat7|2256
18:19d4|Out|Cat1|2257
18:19d4|Out|Cat4|2258
18:25d4|In|Cat4|2259
18:25d4|In|Cat5|2260
18:25d4|In|Cat5|2261
18:25d4|Out|Cat1|2262
18:26d4|Out|Cat8|2263
18:26d4|Out|Cat8|2264
18:28d4|Out|Cat5|2265
18:31d4|Out|Cat5|2266
18:33d4|In|Cat1|2267
18:35d4|Out|Cat1|2268
18:35d4|Out|Cat1|2269
18:38d4|In|Cat7|2272
18:38d4|Out|Cat1|2273
18:41d4|Out|Cat7|2275
18:41d4|Out|Cat7|2276
18:44d4|In|Cat1|2277
18:46d4|Out|Cat4|2280
18:47d4|In|Cat4|2281
18:51d4|In|Cat1|2282
18:55d4|In|Cat4|2285
18:58d4|In|Cat4|2292
18:58d4|In|Cat4|2293
19:00d4|Out|Cat8|2296
19:01d4|Out|Cat4|2297
19:02d4|Out|Cat4|2298
19:04d4|Out|Cat4|2299
19:13d4|In|Cat4|2303
19:14d4|Out|Cat4|2304
19:14d4|In|Cat3|2305
19:15d4|Out|Cat4|2306
19:16d4|In|Cat4|2307
19:16d4|In|Cat4|2308
19:19d4|Out|Cat4|2310
19:20d4|Out|Cat1|2312
19:25d4|In|Cat4|2314
19:35d4|Out|Cat3|2318
19:35d4|Out|Cat4|2317
19:37d4|Out|Cat1|2320
19:41d4|In|Cat3|2321
19:47d4|In|Cat4|2322
19:55d4|In|Cat4|2324
19:59d4|In|Cat5|2328
19:59d4|In|Cat5|2329
20:02d4|Out|Cat5|2330
20:04d4|Out|Cat4|2331
20:06d4|Out|Cat4|2332
20:06d4|Out|Cat5|2333
20:15d4|Out|Cat4|2336
20:17d4|In|Cat7|2338
20:19d4|Out|Cat3|2339
20:25d4|In|Cat5|2341
20:35d4|Out|Cat4|2348
20:35d4|Out|Cat5|2345
20:45d4|In|Cat4|2350
20:47d4|In|Cat4|2351
20:47d4|In|Cat4|2352
20:48d4|In|Cat7|2353
20:48d4|In|Cat7|2354
20:55d4|In|Cat4|2357
21:02d4|Out|Cat4|2359
21:16d4|In|Cat4|2364
21:16d4|In|Cat4|2365
21:19d4|Out|Cat4|2366
21:19d4|Out|Cat4|2367
21:20d4|Out|Cat7|2368
21:35d4|In|Cat4|2370
21:40d4|In|Cat11|2372
21:58d4|In|Cat5|2373
21:59d4|In|Cat5|2374
22:07d4|In|Cat7|2375
22:08d4|Out|Cat4|2376
22:20d4|In|Cat7|2378
22:20d4|In|Cat7|2379
22:25d4|Out|Cat11|2380
22:35d4|Out|Cat5|2381
22:44d4|In|Cat7|2382
22:57d4|In|Cat11|2383
23:25d4|In|Cat4|2384
05:13d5|Out|Cat4|2387
05:13d5|Out|Cat5|2386
05:25d5|In|Cat1|2389
05:27d5|In|Cat5|2390
05:31d5|In|Cat7|2391
05:31d5|In|Cat7|2392
05:33d5|In|Cat5|2394
05:51d5|Out|Cat7|2397
05:51d5|Out|Cat7|2398
06:02d5|Out|Cat4|2399
06:02d5|Out|Cat8|2400
06:04d5|Out|Cat5|2401
06:08d5|Out|Cat5|2403
06:09d5|Out|Cat1|2405
06:09d5|Out|Cat8|2404
06:21d5|In|Cat4|2409
06:24d5|In|Cat7|2410
06:24d5|In|Cat7|2411
06:35d5|Out|Cat4|2415
06:40d5|In|Cat4|2418
06:41d5|In|Cat11|2420
06:41d5|In|Cat11|2421
06:42d5|Out|Cat4|2422
06:45d5|Out|Cat4|2426
06:47d5|In|Cat4|2427
06:55d5|In|Cat4|2430
06:58d5|In|Cat5|2434
06:59d5|In|Cat1|2436
06:59d5|In|Cat5|2435
07:00d5|In|Cat11|2437
07:00d5|Out|Cat1|2438
07:02d5|Out|Cat5|2443
07:02d5|Out|Cat7|2440
07:02d5|Out|Cat7|2441
07:03d5|In|Cat7|2444
07:03d5|In|Cat7|2445
07:04d5|Out|Cat4|2446
07:05d5|Out|Cat5|2447
07:08d5|In|Cat7|2449
07:12d5|Out|Cat7|2451
07:14d5|In|Cat3|2453
07:17d5|Out|Cat7|2457
07:18d5|In|Cat3|2458
07:20d5|In|Cat1|2460
07:25d5|Out|Cat1|2461
07:28d5|In|Cat1|2465
07:28d5|In|Cat1|2466
07:28d5|Out|Cat3|2468
07:29d5|In|Cat5|2469
07:31d5|Out|Cat3|2470
07:32d5|Out|Cat11|2471
07:33d5|In|Cat1|2472
07:35d5|Out|Cat1|2477
07:35d5|Out|Cat1|2478
07:35d5|Out|Cat4|2475
07:35d5|Out|Cat5|2473
07:36d5|Out|Cat1|2479
07:54d5|In|Cat7|2487
07:55d5|Out|Cat7|2488
07:55d5|In|Cat4|2489
08:02d5|Out|Cat4|2502
08:04d5|Out|Cat4|2504
08:05d5|Out|Cat4|2506
08:08d5|In|Cat7|2510
08:08d5|In|Cat7|2511
08:18d5|In|Cat7|2517
08:25d5|In|Cat1|2523
08:25d5|In|Cat1|2524
08:28d5|Out|Cat1|2525
08:28d5|Out|Cat1|2526
08:29d5|In|Cat3|2528
08:33d5|In|Cat3|2529
08:35d5|In|Cat1|2530
08:36d5|Out|Cat1|2535
08:36d5|Out|Cat7|2539
08:36d5|Out|Cat7|2540
08:54d5|Out|Cat7|2549
08:54d5|Out|Cat7|2550
08:55d5|In|Cat4|2551
09:05d5|Out|Cat4|2562
09:14d5|In|Cat4|2564
09:18d5|In|Cat9|2565
09:21d5|Out|Cat11|2567
09:25d5|In|Cat4|2568
09:25d5|In|Cat4|2570
09:39d5|Out|Cat7|2574
09:39d5|Out|Cat7|2575
09:48d5|In|Cat7|2579
09:55d5|In|Cat4|2580
09:58d5|In|Cat5|2582
10:02d5|Out|Cat5|2585
10:11d5|Out|Cat9|2586
10:14d5|In|Cat4|2588
10:16d5|In|Cat7|2590
10:16d5|In|Cat7|2591
10:25d5|In|Cat5|2594
10:29d5|Out|Cat7|2596
11:02d5|Out|Cat5|2598
11:06d5|Out|Cat7|2599
11:15d5|Out|Cat7|2601
11:15d5|Out|Cat7|2602
11:25d5|In|Cat5|2604
11:40d5|Out|Cat11|2606
11:44d5|In|Cat5|2607
11:46d5|Out|Cat5|2609
11:47d5|In|Cat4|2611
11:48d5|In|Cat7|2612
11:55d5|In|Cat4|2613
11:59d5|In|Cat1|2615
12:01d5|Out|Cat5|2616
12:08d5|Out|Cat1|2622
12:14d5|In|Cat4|2624
12:25d5|In|Cat1|2632
12:35d5|Out|Cat4|2636
12:42d5|Out|Cat4|2638
12:44d5|Out|Cat4|2639
12:47d5|In|Cat4|2643
12:50d5|Out|Cat7|2644
12:55d5|In|Cat4|2645
12:55d5|In|Cat5|2646
12:58d5|In|Cat5|2649
13:02d5|Out|Cat5|2650
13:04d5|Out|Cat5|2651
13:05d5|In|Cat7|2652
13:05d5|In|Cat7|2653
13:05d5|In|Cat7|2654
13:11d5|Out|Cat1|2656
13:12d5|Out|Cat7|2657
13:16d5|In|Cat4|2660
13:33d5|In|Cat4|2666
13:36d5|Out|Cat11|2668
13:41d5|In|Cat4|2670
13:45d5|Out|Cat4|2672
13:47d5|In|Cat4|2673
13:48d5|In|Cat9|2674
13:52d5|Out|Cat7|2676
13:55d5|In|Cat4|2677
13:58d5|In|Cat5|2682
14:02d5|Out|Cat4|2683
14:06d5|In|Cat7|2684
14:06d5|In|Cat7|2685
14:13d5|Out|Cat4|2686
14:14d5|In|Cat1|2687
14:18d5|In|Cat7|2688
14:18d5|In|Cat7|2689
14:19d5|Out|Cat9|2690
14:25d5|In|Cat5|2691
14:25d5|In|Cat5|2692
14:28d5|In|Cat7|2693
14:35d5|Out|Cat5|2694
14:45d5|Out|Cat7|2695
14:45d5|Out|Cat7|2696
15:11d5|Out|Cat7|2699
15:11d5|Out|Cat7|2700
15:25d5|In|Cat5|2702
15:25d5|In|Cat5|2703
15:35d5|Out|Cat1|2704
15:36d5|Out|Cat4|2706
15:42d5|Out|Cat5|2708
15:45d5|Out|Cat3|2710
15:48d5|In|Cat7|2711
15:48d5|In|Cat7|2712
15:56d5|In|Cat12|2713
15:58d5|In|Cat4|2714
15:58d5|In|Cat5|2715
15:59d5|In|Cat1|2716
15:59d5|In|Cat1|2717
16:00d5|Out|Cat4|2718
16:00d5|Out|Cat4|2719
16:02d5|Out|Cat5|2722
16:04d5|Out|Cat4|2723
16:05d5|Out|Cat4|2724
16:06d5|Out|Cat4|2725
16:08d5|Out|Cat4|2726
16:11d5|Out|Cat7|2727
16:11d5|Out|Cat7|2728
16:13d5|Out|Cat5|2730
16:14d5|In|Cat5|2731
16:19d5|Out|Cat1|2735
16:19d5|Out|Cat5|2734
16:24d5|Out|Cat1|2737
16:25d5|In|Cat1|2740
16:25d5|In|Cat1|2741
16:25d5|In|Cat5|2738
16:25d5|In|Cat5|2739
16:35d5|Out|Cat1|2744
16:35d5|Out|Cat5|2745
16:36d5|Out|Cat4|2746
16:42d5|Out|Cat5|2749
16:44d5|Out|Cat5|2750
16:45d5|Out|Cat4|2751
16:47d5|In|Cat4|2752
16:47d5|In|Cat4|2753
16:50d5|Out|Cat7|2754
16:55d5|In|Cat4|2755
16:58d5|In|Cat2|2757
16:58d5|In|Cat2|2758
16:59d5|In|Cat1|2760
16:59d5|In|Cat1|2761
17:00d5|Out|Cat4|2763
17:02d5|Out|Cat4|2765
17:02d5|Out|Cat4|2766
17:04d5|Out|Cat4|2768
17:05d5|Out|Cat5|2769
17:07d5|In|Cat7|2773
17:14d5|In|Cat1|2776
17:14d5|In|Cat1|2777
17:15d5|Out|Cat1|2779
17:15d5|Out|Cat2|2778
17:21d5|Out|Cat7|2788
17:26d5|In|Cat1|2789
17:26d5|Out|Cat12|2790
17:28d5|Out|Cat1|2791
17:33d5|In|Cat2|2794
17:35d5|Out|Cat2|2795
17:35d5|Out|Cat2|2796
17:36d5|Out|Cat1|2799
17:40d5|In|Cat1|2802
17:42d5|Out|Cat3|2805
17:44d5|In|Cat1|2806
17:44d5|In|Cat1|2807
17:45d5|Out|Cat1|2809
17:45d5|Out|Cat1|2810
17:50d5|Out|Cat1|2813
17:50d5|Out|Cat7|2814
17:52d5|Out|Cat7|2816
17:52d5|Out|Cat7|2817
17:55d5|In|Cat4|2820
17:58d5|In|Cat4|2823
17:58d5|In|Cat4|2824
17:59d5|In|Cat5|2826
18:00d5|Out|Cat1|2828
18:02d5|Out|Cat1|2833
18:02d5|Out|Cat7|2830
18:04d5|Out|Cat5|2835
18:05d5|In|Cat5|2836
18:06d5|Out|Cat4|2838
18:08d5|Out|Cat5|2839
18:14d5|In|Cat3|2841
18:15d5|Out|Cat4|2842
18:16d5|In|Cat1|2844
18:18d5|In|Cat7|2845
18:18d5|In|Cat7|2846
18:19d5|Out|Cat1|2848
18:19d5|Out|Cat4|2847
18:25d5|In|Cat4|2851
18:28d5|Out|Cat3|2853
18:31d5|Out|Cat4|2854
18:33d5|In|Cat1|2855
18:35d5|Out|Cat1|2857
18:38d5|In|Cat7|2860
18:41d5|Out|Cat7|2862
18:41d5|Out|Cat7|2863
18:44d5|In|Cat1|2864
18:46d5|Out|Cat1|2866
18:51d5|In|Cat1|2871
18:51d5|Out|Cat7|2872
18:55d5|In|Cat4|2874
18:59d5|In|Cat4|2882
18:59d5|In|Cat4|2883
19:00d5|Out|Cat1|2885
19:01d5|Out|Cat4|2886
19:02d5|Out|Cat4|2887
19:04d5|Out|Cat4|2888
19:14d5|In|Cat5|2894
19:16d5|In|Cat4|2897
19:19d5|Out|Cat5|2899
19:25d5|In|Cat4|2905
19:35d5|Out|Cat4|2908
19:35d5|Out|Cat4|2909
19:41d5|In|Cat3|2911
19:47d5|In|Cat4|2912
19:55d5|In|Cat4|2916
19:59d5|In|Cat5|2919
20:02d5|Out|Cat4|2920
20:04d5|Out|Cat4|2921
20:06d5|Out|Cat5|2923
20:17d5|In|Cat7|2928
20:19d5|Out|Cat3|2929
20:25d5|In|Cat1|2930
20:25d5|In|Cat1|2931
20:35d5|In|Cat1|2934
20:47d5|Out|Cat1|2936
20:47d5|In|Cat4|2943
20:55d5|In|Cat4|2945
20:55d5|In|Cat5|2947
20:58d5|In|Cat5|2948
21:02d5|Out|Cat4|2950
21:02d5|Out|Cat5|2949
21:14d5|In|Cat1|2952
21:15d5|Out|Cat1|2953
21:16d5|In|Cat4|2954
21:16d5|In|Cat4|2955
21:18d5|In|Cat7|2956
21:19d5|Out|Cat4|2957
21:19d5|Out|Cat5|2958
21:25d5|In|Cat5|2959
21:35d5|In|Cat4|2960
21:35d5|Out|Cat5|2961
21:40d5|In|Cat11|2962
21:58d5|In|Cat5|2964
21:59d5|In|Cat5|2965
22:07d5|In|Cat7|2966
22:08d5|Out|Cat5|2967
22:15d5|Out|Cat5|2968
22:20d5|In|Cat7|2969
22:20d5|In|Cat7|2970
22:28d5|Out|Cat11|2971
22:44d5|In|Cat7|2973
22:48d5|In|Cat7|2974
22:48d5|In|Cat7|2975
22:57d5|In|Cat11|2978
23:25d5|In|Cat4|2979
05:26d6|In|Cat5|2981
05:31d6|In|Cat7|2982
05:31d6|In|Cat7|2983
05:35d6|Out|Cat4|2984
05:41d6|In|Cat5|2985
06:31d6|Out|Cat5|2989
06:35d6|Out|Cat4|2991
06:35d6|Out|Cat5|2990
06:41d6|In|Cat4|2992
06:41d6|In|Cat4|2993
06:45d6|Out|Cat3|2996
06:45d6|Out|Cat4|2997
07:00d6|In|Cat11|2999
07:04d6|Out|Cat4|3002
07:17d6|Out|Cat7|3005
07:20d6|Out|Cat1|3006
07:25d6|In|Cat4|3007
07:41d6|In|Cat4|3015
07:42d6|Out|Cat4|3016
07:55d6|In|Cat1|3020
07:59d6|In|Cat5|3022
08:02d6|Out|Cat4|3023
08:02d6|Out|Cat4|3025
08:02d6|Out|Cat5|3024
08:14d6|In|Cat1|3028
08:14d6|In|Cat1|3029
08:15d6|Out|Cat4|3030
08:16d6|In|Cat4|3031
08:25d6|In|Cat2|3035
08:36d6|Out|Cat7|3037
08:36d6|Out|Cat7|3038
08:42d6|Out|Cat7|3040
08:42d6|Out|Cat7|3041
08:59d6|In|Cat1|3047
08:59d6|In|Cat1|3048
09:02d6|Out|Cat2|3049
09:02d6|Out|Cat4|3050
09:14d6|In|Cat1|3051
09:18d6|In|Cat4|3053
09:18d6|In|Cat4|3054
09:21d6|Out|Cat11|3056
09:25d6|In|Cat2|3058
09:30d6|In|Cat9|3059
09:35d6|Out|Cat1|3062
09:35d6|Out|Cat2|3061
09:35d6|Out|Cat4|3060
09:39d6|Out|Cat7|3063
09:39d6|Out|Cat7|3064
09:44d6|In|Cat3|3065
09:48d6|In|Cat7|3066
10:11d6|Out|Cat9|3074
10:15d6|Out|Cat3|3075
10:16d6|In|Cat7|3076
10:16d6|In|Cat7|3077
10:29d6|Out|Cat7|3081
10:58d6|In|Cat5|3088
11:06d6|In|Cat1|3089
11:06d6|Out|Cat7|3090
11:06d6|Out|Cat7|3091
11:13d6|Out|Cat7|3093
11:15d6|Out|Cat7|3094
11:15d6|Out|Cat7|3095
11:19d6|Out|Cat4|3096
11:19d6|Out|Cat5|3097
11:24d6|Out|Cat11|3098
11:48d6|In|Cat7|3103
11:48d6|In|Cat7|3104
11:49d6|Out|Cat1|3105
11:58d6|In|Cat5|3107
12:02d6|Out|Cat5|3110
12:30d6|Out|Cat1|3121
12:35d6|Out|Cat1|3123
12:45d6|Out|Cat1|3127
12:50d6|Out|Cat7|3130
12:59d6|In|Cat1|3134
13:05d6|In|Cat7|3136
13:05d6|In|Cat7|3137
13:05d6|In|Cat7|3138
13:14d6|In|Cat1|3142
13:25d6|In|Cat3|3146
13:35d6|Out|Cat1|3149
13:48d6|In|Cat7|3155
13:52d6|Out|Cat7|3156
13:57d6|Out|Cat1|3159
13:58d6|In|Cat2|3161
13:59d6|In|Cat1|3162
14:06d6|In|Cat7|3164
14:06d6|In|Cat7|3165
14:14d6|In|Cat2|3167
14:25d6|In|Cat4|3171
14:35d6|Out|Cat2|3172
14:35d6|Out|Cat4|3173
14:37d6|In|Cat7|3175
14:37d6|In|Cat7|3176
14:45d6|Out|Cat7|3177
14:54d6|Out|Cat7|3179
15:11d6|Out|Cat7|3184
15:44d6|In|Cat4|3189
15:44d6|In|Cat4|3190
15:48d6|In|Cat7|3192
15:48d6|In|Cat7|3193
15:56d6|In|Cat12|3195
16:02d6|Out|Cat4|3197
16:06d6|Out|Cat4|3199
16:11d6|Out|Cat7|3200
16:11d6|Out|Cat7|3201
16:35d6|Out|Cat3|3206
16:59d6|In|Cat1|3210
17:02d6|Out|Cat1|3212
17:15d6|Out|Cat1|3214
17:26d6|Out|Cat12|3218
17:31d6|Out|Cat1|3220
17:41d6|In|Cat4|3224
17:42d6|Out|Cat4|3225
17:52d6|Out|Cat7|3228
17:52d6|Out|Cat7|3229
18:02d6|Out|Cat2|3234
18:02d6|Out|Cat7|3235
18:11d6|Out|Cat7|3236
18:11d6|Out|Cat7|3237
18:59d6|In|Cat2|3250
19:13d6|Out|Cat1|3252
19:14d6|In|Cat1|3253
19:15d6|Out|Cat2|3254
19:25d6|In|Cat2|3258
19:59d6|In|Cat1|3266
19:59d6|In|Cat1|3267
20:14d6|In|Cat2|3268
20:17d6|In|Cat7|3269
20:17d6|In|Cat7|3270
20:34d6|In|Cat2|3272
20:35d6|Out|Cat1|3273
20:35d6|Out|Cat1|3274
20:48d6|In|Cat7|3278
20:48d6|In|Cat7|3279
20:59d6|In|Cat3|3283
21:06d6|Out|Cat2|3285
21:15d6|Out|Cat3|3287
21:20d6|Out|Cat7|3288
21:40d6|In|Cat11|3289
22:07d6|In|Cat7|3290
22:14d6|In|Cat2|3291
22:14d6|In|Cat2|3292
22:23d6|In|Cat7|3293
22:23d6|In|Cat7|3294
22:28d6|Out|Cat11|3295
22:44d6|In|Cat7|3296
22:57d6|In|Cat11|3297
22:57d6|In|Cat11|3298
23:39d6|In|Cat7|3299
05:31d7|In|Cat7|3300
05:31d7|In|Cat7|3301
07:00d7|In|Cat11|3305
07:17d7|Out|Cat7|3306
08:15d7|Out|Cat2|3308
08:15d7|Out|Cat2|3309
08:36d7|Out|Cat7|3310
08:36d7|Out|Cat7|3311
08:42d7|Out|Cat7|3312
08:42d7|Out|Cat7|3313
09:02d7|Out|Cat1|3314
09:13d7|Out|Cat7|3319
09:14d7|In|Cat1|3320
09:18d7|In|Cat7|3322
09:21d7|Out|Cat11|3323
09:30d7|In|Cat7|3324
09:39d7|Out|Cat7|3327
09:49d7|Out|Cat1|3329
10:11d7|Out|Cat7|3336
10:25d7|In|Cat5|3338
10:25d7|In|Cat5|3339
10:29d7|Out|Cat7|3341
10:48d7|In|Cat7|3342
10:48d7|In|Cat7|3343
10:58d7|In|Cat5|3344
11:03d7|Out|Cat1|3345
11:06d7|In|Cat7|3346
11:10d7|Out|Cat7|3347
11:10d7|Out|Cat7|3348
11:10d7|Out|Cat5|3349
11:10d7|Out|Cat5|3350
11:13d7|Out|Cat7|3351
11:15d7|Out|Cat7|3352
11:15d7|Out|Cat7|3353
11:26d7|Out|Cat2|3355
11:34d7|Out|Cat1|3356
11:44d7|In|Cat2|3361
11:44d7|In|Cat2|3362
11:49d7|Out|Cat7|3364
11:58d7|In|Cat1|3365
12:19d7|Out|Cat1|3368
12:35d7|Out|Cat5|3370
12:58d7|In|Cat5|3373
12:59d7|In|Cat2|3374
12:59d7|In|Cat2|3375
13:02d7|Out|Cat5|3376
13:05d7|In|Cat7|3378
13:15d7|Out|Cat2|3380
13:15d7|Out|Cat2|3381
13:21d7|Out|Cat11|3384
13:48d7|In|Cat7|3385
13:48d7|In|Cat7|3386
13:52d7|Out|Cat7|3387
13:52d7|Out|Cat7|3388
13:58d7|In|Cat5|3392
14:02d7|Out|Cat5|3393
14:06d7|In|Cat7|3394
14:06d7|In|Cat7|3395
14:14d7|In|Cat5|3396
14:17d7|Out|Cat2|3397
14:19d7|Out|Cat7|3398
14:35d7|Out|Cat2|3399
14:35d7|Out|Cat2|3400
14:37d7|In|Cat7|3401
14:41d7|Out|Cat7|3402
14:45d7|In|Cat7|3403
14:45d7|In|Cat7|3404
14:53d7|Out|Cat7|3405
14:53d7|Out|Cat7|3406
14:58d7|In|Cat5|3408
14:59d7|In|Cat2|3409
15:07d7|In|Cat7|3410
15:11d7|Out|Cat7|3411
15:11d7|Out|Cat7|3412
15:41d7|In|Cat5|3413
15:45d7|Out|Cat5|3415
15:48d7|In|Cat7|3416
15:48d7|In|Cat7|3417
15:56d7|In|Cat12|3419
16:00d7|Out|Cat11|3421
16:11d7|Out|Cat7|3425
16:16d7|Out|Cat7|3426
16:27d7|Out|Cat2|3428
16:35d7|Out|Cat5|3430
16:35d7|Out|Cat5|3432
16:59d7|In|Cat1|3436
17:15d7|Out|Cat1|3441
17:26d7|Out|Cat12|3445
17:34d7|In|Cat7|3447
17:34d7|In|Cat7|3448
17:44d7|In|Cat1|3452
17:44d7|In|Cat1|3453
17:45d7|In|Cat7|3454
17:45d7|In|Cat7|3455
17:52d7|Out|Cat7|3456
17:52d7|Out|Cat7|3457
18:02d7|Out|Cat7|3461
18:11d7|Out|Cat7|3468
18:11d7|Out|Cat7|3469
18:35d7|Out|Cat1|3476
18:35d7|Out|Cat1|3477
19:14d7|In|Cat4|3493
19:19d7|Out|Cat4|3496
19:25d7|In|Cat4|3497
19:35d7|Out|Cat4|3500
20:34d7|In|Cat1|3517
20:59d7|In|Cat1|3528
21:15d7|Out|Cat1|3535
21:15d7|Out|Cat1|3536
21:40d7|In|Cat11|3542
22:25d7|Out|Cat11|3548
