Time|Type|Unit Type|Trip
05:27d3|Out|Cat4|671
05:49d3|In|Cat4|671
05:57d3|Out|Cat4|675
05:59d3|In|Cat4|672
06:07d3|Out|Cat4|676
06:09d3|In|Cat4|673
06:19d3|In|Cat4|674
06:19d3|In|Cat4|675
06:29d3|In|Cat4|676
06:39d3|In|Cat4|677
06:47d3|Out|Cat4|682
06:47d3|Out|Cat4|683
06:49d3|In|Cat4|678
06:54d3|In|Cat3|608
06:54d3|Out|Cat3|609
06:57d3|Out|Cat4|684
06:57d3|Out|Cat4|685
06:59d3|In|Cat4|679
07:07d3|Out|Cat4|686
07:09d3|In|Cat4|680
07:14d3|Out|Cat3|610
07:15d3|In|Cat1|545
07:15d3|In|Cat1|546
07:17d3|Out|Cat4|687
07:19d3|In|Cat4|681
07:23d3|In|Cat2|589
07:23d3|Out|Cat3|605
07:23d3|Out|Cat3|606
07:27d3|Out|Cat4|688
07:27d3|Out|Cat4|689
07:29d3|In|Cat4|682
07:30d3|Out|Cat1|538
07:34d3|In|Cat3|611
07:37d3|Out|Cat4|690
07:39d3|In|Cat4|683
07:39d3|In|Cat4|684
07:43d3|Out|Cat3|607
07:45d3|In|Cat1|547
07:45d3|In|Cat1|548
07:47d3|Out|Cat4|692
07:47d3|Out|Cat4|693
07:49d3|In|Cat4|685
07:54d3|In|Cat3|612
07:57d3|Out|Cat4|694
07:59d3|In|Cat4|686
08:00d3|Out|Cat1|539
08:00d3|Out|Cat1|540
08:03d3|Out|Cat3|608
08:05d3|Out|Cat2|581
08:05d3|Out|Cat2|582
08:09d3|In|Cat4|687
08:14d3|In|Cat3|613
08:15d3|In|Cat1|549
08:15d3|In|Cat1|550
08:17d3|Out|Cat4|697
08:19d3|In|Cat4|688
08:23d3|In|Cat2|590
08:23d3|Out|Cat3|609
08:23d3|Out|Cat3|610
08:27d3|Out|Cat4|698
08:29d3|In|Cat4|689
08:30d3|Out|Cat1|541
08:34d3|In|Cat3|614
08:37d3|Out|Cat4|699
08:39d3|In|Cat4|690
08:39d3|In|Cat4|691
08:43d3|Out|Cat3|611
08:43d3|Out|Cat3|612
08:45d3|In|Cat1|551
08:47d3|Out|Cat4|701
08:47d3|Out|Cat4|702
08:49d3|In|Cat4|692
08:54d3|In|Cat3|615
08:54d3|In|Cat3|616
08:59d3|In|Cat4|693
09:00d3|Out|Cat1|542
09:03d3|Out|Cat3|613
09:05d3|Out|Cat2|583
09:07d3|Out|Cat4|705
09:09d3|In|Cat4|694
09:14d3|In|Cat3|617
09:14d3|In|Cat3|618
09:15d3|In|Cat1|552
09:17d3|Out|Cat4|706
09:19d3|In|Cat4|695
09:19d3|In|Cat4|696
09:23d3|In|Cat2|591
09:23d3|Out|Cat3|614
09:27d3|Out|Cat4|707
09:29d3|In|Cat4|697
09:30d3|Out|Cat1|543
09:30d3|Out|Cat1|544
09:34d3|In|Cat3|619
09:34d3|In|Cat3|620
09:37d3|Out|Cat4|708
09:39d3|In|Cat4|698
09:39d3|In|Cat4|699
09:43d3|Out|Cat3|615
09:45d3|In|Cat1|553
09:45d3|In|Cat1|554
09:47d3|Out|Cat4|709
09:47d3|Out|Cat4|710
09:49d3|In|Cat4|700
09:54d3|In|Cat3|621
09:57d3|Out|Cat4|711
09:59d3|In|Cat4|701
10:00d3|Out|Cat1|545
10:00d3|Out|Cat1|546
10:03d3|Out|Cat3|616
10:05d3|Out|Cat2|585
10:07d3|Out|Cat4|712
10:07d3|Out|Cat4|713
10:09d3|In|Cat4|702
10:09d3|In|Cat4|703
10:14d3|Out|Cat3|622
10:14d3|Out|Cat3|623
10:15d3|In|Cat1|555
10:17d3|Out|Cat4|714
10:19d3|In|Cat4|704
10:19d3|In|Cat4|705
10:23d3|In|Cat2|592
10:23d3|Out|Cat3|617
10:27d3|Out|Cat4|715
10:27d3|Out|Cat4|716
10:29d3|In|Cat4|706
10:29d3|In|Cat4|707
10:30d3|Out|Cat1|547
10:30d3|Out|Cat1|548
10:34d3|In|Cat3|624
10:37d3|Out|Cat4|717
10:39d3|In|Cat4|708
10:43d3|Out|Cat3|618
10:43d3|In|Cat3|619
10:45d3|In|Cat1|556
10:47d3|Out|Cat4|718
10:49d3|In|Cat4|709
10:54d3|In|Cat3|625
10:57d3|Out|Cat4|719
10:59d3|In|Cat4|710
11:00d3|Out|Cat1|549
11:03d3|Out|Cat3|620
11:05d3|Out|Cat2|586
11:07d3|Out|Cat4|720
11:09d3|In|Cat4|711
11:14d3|In|Cat3|626
11:15d3|In|Cat1|557
11:15d3|In|Cat1|558
11:17d3|Out|Cat4|721
11:19d3|In|Cat4|712
11:19d3|In|Cat4|713
11:23d3|In|Cat2|593
11:23d3|Out|Cat3|621
11:27d3|Out|Cat4|722
11:27d3|Out|Cat4|723
11:29d3|In|Cat4|714
11:30d3|Out|Cat1|550
11:34d3|In|Cat3|627
11:37d3|Out|Cat4|724
11:39d3|In|Cat4|715
11:43d3|Out|Cat3|622
11:43d3|Out|Cat3|623
11:45d3|In|Cat1|559
11:47d3|Out|Cat4|725
11:47d3|Out|Cat4|726
11:49d3|In|Cat4|716
11:49d3|In|Cat4|717
11:54d3|In|Cat3|628
11:57d3|Out|Cat4|727
11:57d3|Out|Cat4|728
11:59d3|In|Cat4|718
12:00d3|Out|Cat1|551
12:00d3|Out|Cat1|552
12:03d3|Out|Cat3|624
12:05d3|Out|Cat2|588
12:07d3|Out|Cat4|729
12:07d3|Out|Cat4|730
12:09d3|In|Cat4|719
12:09d3|In|Cat4|720
12:14d3|In|Cat3|629
12:14d3|In|Cat3|630
12:15d3|In|Cat1|560
12:17d3|Out|Cat4|731
12:19d3|In|Cat4|721
12:23d3|In|Cat2|594
12:23d3|Out|Cat3|625
12:23d3|Out|Cat3|626
12:27d3|Out|Cat4|732
12:27d3|Out|Cat4|733
12:29d3|In|Cat4|722
12:30d3|Out|Cat1|553
12:34d3|In|Cat3|631
12:37d3|Out|Cat4|734
12:39d3|In|Cat4|723
12:43d3|Out|Cat3|627
12:45d3|In|Cat1|561
12:45d3|In|Cat1|562
12:47d3|Out|Cat4|735
12:47d3|Out|Cat4|736
12:49d3|In|Cat4|724
12:54d3|In|Cat3|632
12:57d3|Out|Cat4|737
12:59d3|In|Cat4|725
12:59d3|In|Cat4|726
13:00d3|Out|Cat1|554
13:03d3|Out|Cat3|628
13:05d3|Out|Cat2|589
13:07d3|Out|Cat4|739
13:09d3|In|Cat4|727
13:14d3|In|Cat3|633
13:14d3|In|Cat3|634
13:15d3|In|Cat1|563
13:17d3|Out|Cat4|740
13:17d3|Out|Cat4|741
13:19d3|In|Cat4|728
13:23d3|In|Cat2|595
13:23d3|Out|Cat3|629
13:27d3|Out|Cat4|742
13:29d3|In|Cat4|729
13:30d3|Out|Cat1|555
13:34d3|In|Cat3|635
13:34d3|In|Cat3|636
13:37d3|Out|Cat4|743
13:39d3|In|Cat4|730
13:43d3|Out|Cat3|630
13:45d3|In|Cat1|564
13:45d3|In|Cat1|565
13:47d3|Out|Cat4|744
13:49d3|In|Cat4|731
13:54d3|In|Cat3|637
13:57d3|Out|Cat4|745
13:59d3|In|Cat4|732
13:59d3|In|Cat4|733
14:00d3|Out|Cat1|556
14:03d3|Out|Cat3|631
14:05d3|Out|Cat2|590
14:07d3|Out|Cat4|747
14:07d3|Out|Cat4|748
14:09d3|In|Cat4|734
14:09d3|In|Cat4|735
14:14d3|In|Cat3|638
14:15d3|In|Cat1|566
14:15d3|In|Cat1|567
14:17d3|Out|Cat4|749
14:19d3|In|Cat4|736
14:23d3|In|Cat2|596
14:23d3|Out|Cat3|632
14:27d3|Out|Cat4|750
14:27d3|Out|Cat4|751
14:29d3|In|Cat4|737
14:30d3|Out|Cat1|557
14:34d3|In|Cat3|639
14:37d3|Out|Cat4|752
14:39d3|In|Cat4|738
14:43d3|Out|Cat3|633
14:45d3|In|Cat1|568
14:47d3|Out|Cat4|753
14:49d3|In|Cat4|739
14:49d3|In|Cat4|740
14:54d3|In|Cat3|640
14:54d3|Out|Cat3|641
14:57d3|Out|Cat4|754
14:59d3|In|Cat4|741
15:00d3|Out|Cat1|558
15:00d3|Out|Cat1|559
15:03d3|Out|Cat3|634
15:05d3|Out|Cat2|591
15:07d3|Out|Cat4|755
15:09d3|In|Cat4|742
15:09d3|In|Cat4|743
15:14d3|In|Cat3|642
15:15d3|In|Cat1|569
15:17d3|Out|Cat4|756
15:19d3|In|Cat4|744
15:23d3|In|Cat2|597
15:23d3|In|Cat2|598
15:23d3|Out|Cat3|635
15:23d3|Out|Cat3|636
15:27d3|Out|Cat4|757
15:29d3|In|Cat4|745
15:30d3|Out|Cat1|560
15:34d3|In|Cat3|643
15:34d3|In|Cat3|644
15:37d3|Out|Cat4|758
15:39d3|In|Cat4|746
15:39d3|In|Cat4|747
15:43d3|Out|Cat3|637
15:43d3|Out|Cat3|638
15:45d3|In|Cat1|570
15:47d3|Out|Cat4|759
15:49d3|In|Cat4|748
15:54d3|In|Cat3|645
15:57d3|Out|Cat4|760
15:57d3|Out|Cat4|761
15:59d3|In|Cat4|749
16:00d3|Out|Cat1|561
16:00d3|Out|Cat1|562
16:03d3|Out|Cat3|639
16:05d3|Out|Cat2|592
16:07d3|Out|Cat4|762
16:09d3|In|Cat4|750
16:14d3|In|Cat3|646
16:14d3|In|Cat3|647
16:15d3|In|Cat1|571
16:15d3|In|Cat1|572
16:17d3|Out|Cat4|763
16:19d3|In|Cat4|751
16:19d3|In|Cat4|752
16:23d3|In|Cat2|599
16:23d3|Out|Cat3|640
16:23d3|Out|Cat3|641
16:27d3|Out|Cat4|764
16:27d3|Out|Cat4|765
16:29d3|In|Cat4|753
16:30d3|Out|Cat1|563
16:34d3|In|Cat3|648
16:37d3|Out|Cat4|766
16:37d3|Out|Cat4|767
16:39d3|In|Cat4|754
16:43d3|In|Cat3|642
16:43d3|In|Cat3|643
16:45d3|In|Cat1|573
16:47d3|Out|Cat4|768
16:47d3|Out|Cat4|769
16:49d3|In|Cat4|755
16:49d3|In|Cat4|756
16:54d3|Out|Cat3|649
16:57d3|Out|Cat4|770
16:59d3|In|Cat4|757
16:59d3|In|Cat4|758
17:00d3|Out|Cat1|564
17:00d3|Out|Cat1|565
17:03d3|Out|Cat3|644
17:05d3|Out|Cat2|593
17:05d3|Out|Cat2|594
17:07d3|Out|Cat4|771
17:09d3|In|Cat4|759
17:14d3|In|Cat3|650
17:15d3|In|Cat1|574
17:15d3|In|Cat1|575
17:17d3|Out|Cat4|772
17:19d3|In|Cat4|760
17:23d3|In|Cat2|600
17:23d3|Out|Cat3|645
17:27d3|Out|Cat4|773
17:27d3|Out|Cat4|774
17:29d3|In|Cat4|761
17:29d3|In|Cat4|762
17:30d3|Out|Cat1|566
17:30d3|Out|Cat1|567
17:34d3|In|Cat3|651
17:37d3|Out|Cat4|775
17:39d3|In|Cat4|763
17:39d3|In|Cat4|764
17:43d3|Out|Cat3|646
17:45d3|In|Cat1|576
17:47d3|Out|Cat4|776
17:49d3|In|Cat4|765
17:54d3|In|Cat3|652
17:57d3|Out|Cat4|777
17:59d3|In|Cat4|766
18:00d3|Out|Cat1|568
18:00d3|Out|Cat1|569
18:03d3|Out|Cat3|647
18:05d3|Out|Cat2|595
18:07d3|Out|Cat4|778
18:07d3|Out|Cat4|779
18:09d3|In|Cat4|767
18:09d3|In|Cat4|768
18:14d3|In|Cat3|653
18:15d3|In|Cat1|577
18:17d3|Out|Cat4|780
18:19d3|In|Cat4|769
18:23d3|In|Cat2|601
18:23d3|In|Cat2|602
18:23d3|Out|Cat3|648
18:27d3|Out|Cat4|781
18:29d3|In|Cat4|770
18:30d3|Out|Cat1|570
18:34d3|In|Cat3|654
18:37d3|Out|Cat4|782
18:39d3|In|Cat4|771
18:39d3|In|Cat4|772
18:43d3|Out|Cat3|649
18:45d3|In|Cat1|578
18:47d3|Out|Cat4|783
18:47d3|Out|Cat4|784
18:49d3|In|Cat4|773
18:49d3|In|Cat4|774
18:54d3|In|Cat3|655
18:57d3|Out|Cat4|785
18:57d3|Out|Cat4|786
18:59d3|In|Cat4|775
18:59d3|In|Cat4|776
19:00d3|Out|Cat1|571
19:03d3|Out|Cat3|650
19:05d3|Out|Cat2|596
19:05d3|Out|Cat2|597
19:07d3|Out|Cat4|787
19:07d3|Out|Cat4|788
19:09d3|In|Cat4|777
19:09d3|In|Cat4|778
19:14d3|In|Cat3|656
19:14d3|In|Cat3|657
19:15d3|In|Cat1|579
19:15d3|In|Cat1|580
19:17d3|Out|Cat4|789
19:19d3|In|Cat4|779
19:23d3|In|Cat2|603
19:23d3|Out|Cat3|651
19:23d3|Out|Cat3|652
19:27d3|Out|Cat4|790
19:29d3|In|Cat4|780
19:30d3|Out|Cat1|572
19:34d3|In|Cat3|658
19:34d3|In|Cat3|659
19:37d3|Out|Cat4|791
19:39d3|In|Cat4|781
19:43d3|Out|Cat3|653
19:43d3|Out|Cat3|654
19:45d3|In|Cat1|581
19:47d3|Out|Cat4|792
19:49d3|In|Cat4|782
19:54d3|In|Cat3|660
19:57d3|Out|Cat4|793
19:59d3|In|Cat4|783
19:59d3|In|Cat4|784
20:00d3|Out|Cat1|573
20:00d3|Out|Cat1|574
20:03d3|Out|Cat3|655
20:03d3|Out|Cat3|656
20:05d3|Out|Cat2|598
20:07d3|Out|Cat4|794
20:09d3|In|Cat4|785
20:14d3|In|Cat3|661
20:15d3|In|Cat1|582
20:15d3|In|Cat1|583
20:17d3|Out|Cat4|795
20:17d3|Out|Cat4|796
20:19d3|In|Cat4|786
20:23d3|In|Cat2|604
20:23d3|In|Cat3|657
20:23d3|In|Cat3|658
20:27d3|Out|Cat4|797
20:29d3|In|Cat4|787
20:30d3|Out|Cat1|575
20:30d3|Out|Cat1|576
20:34d3|In|Cat3|662
20:37d3|Out|Cat4|798
20:39d3|In|Cat4|788
20:43d3|Out|Cat3|659
20:45d3|In|Cat1|584
20:47d3|Out|Cat4|799
20:49d3|In|Cat4|789
20:49d3|In|Cat4|790
20:54d3|In|Cat3|663
20:57d3|Out|Cat4|800
20:59d3|In|Cat4|791
20:59d3|In|Cat4|792
21:00d3|Out|Cat1|577
21:00d3|Out|Cat1|578
21:03d3|Out|Cat3|660
21:05d3|Out|Cat2|599
21:07d3|Out|Cat4|801
21:07d3|Out|Cat4|802
21:09d3|In|Cat4|793
21:14d3|In|Cat3|664
21:15d3|In|Cat1|585
21:17d3|Out|Cat4|803
21:19d3|In|Cat4|794
21:19d3|In|Cat4|795
21:23d3|In|Cat2|605
21:23d3|Out|Cat3|661
21:23d3|Out|Cat3|662
21:27d3|Out|Cat4|804
21:27d3|Out|Cat4|805
21:29d3|In|Cat4|796
21:29d3|In|Cat4|797
21:30d3|Out|Cat1|579
21:34d3|In|Cat3|665
21:37d3|Out|Cat4|806
21:37d3|Out|Cat4|807
21:39d3|In|Cat4|798
21:43d3|Out|Cat3|663
21:43d3|Out|Cat3|664
21:45d3|In|Cat1|586
21:47d3|Out|Cat4|808
21:49d3|In|Cat4|799
21:54d3|In|Cat3|666
21:57d3|Out|Cat4|809
21:57d3|Out|Cat4|810
21:59d3|In|Cat4|800
22:03d3|Out|Cat3|665
22:05d3|Out|Cat2|601
22:07d3|Out|Cat4|811
22:07d3|Out|Cat4|812
22:09d3|In|Cat4|801
22:09d3|In|Cat4|802
22:14d3|In|Cat3|667
22:15d3|In|Cat1|587
22:15d3|In|Cat1|588
22:17d3|Out|Cat4|813
22:17d3|Out|Cat4|814
22:19d3|In|Cat4|803
22:19d3|In|Cat4|804
22:23d3|In|Cat2|606
22:23d3|In|Cat2|607
22:23d3|Out|Cat3|666
22:23d3|Out|Cat3|667
22:27d3|Out|Cat4|815
22:29d3|In|Cat4|805
22:34d3|In|Cat3|668
22:37d3|Out|Cat4|816
22:39d3|In|Cat4|806
22:43d3|In|Cat3|668
22:43d3|Out|Cat3|669
22:47d3|Out|Cat4|817
22:49d3|In|Cat4|807
22:54d3|In|Cat3|669
22:57d3|Out|Cat4|818
22:57d3|Out|Cat4|819
22:59d3|In|Cat4|808
23:07d3|Out|Cat4|820
23:07d3|Out|Cat4|821
23:09d3|In|Cat4|809
23:14d3|In|Cat3|670
23:17d3|Out|Cat4|822
23:19d3|In|Cat4|810
23:27d3|Out|Cat4|823
23:29d3|In|Cat4|811
23:39d3|In|Cat4|812
23:49d3|In|Cat4|813
05:27d4|Out|Cat4|952
05:27d4|Out|Cat4|953
05:49d4|In|Cat4|946
05:59d4|In|Cat4|947
05:59d4|In|Cat4|948
06:07d4|Out|Cat4|959
06:07d4|Out|Cat4|960
06:09d4|In|Cat4|949
06:17d4|Out|Cat4|961
06:19d4|In|Cat4|950
06:23d4|Out|Cat3|889
06:23d4|Out|Cat3|890
06:27d4|Out|Cat4|962
06:27d4|Out|Cat4|963
06:29d4|In|Cat4|951
06:30d4|Out|Cat1|824
06:37d4|Out|Cat4|964
06:39d4|In|Cat4|952
06:43d4|Out|Cat3|891
06:47d4|Out|Cat4|965
06:49d4|In|Cat4|953
06:54d4|In|Cat3|879
06:57d4|Out|Cat4|966
06:59d4|In|Cat4|954
07:00d4|Out|Cat1|825
07:00d4|Out|Cat1|826
07:05d4|Out|Cat2|869
07:07d4|Out|Cat4|968
07:07d4|Out|Cat4|969
07:09d4|In|Cat4|955
07:14d4|In|Cat3|880
07:15d4|In|Cat1|814
07:17d4|Out|Cat4|970
07:19d4|In|Cat4|956
07:19d4|In|Cat4|957
07:23d4|In|Cat2|857
07:23d4|Out|Cat3|894
07:27d4|Out|Cat4|971
07:29d4|In|Cat4|958
07:30d4|Out|Cat1|827
07:34d4|In|Cat3|881
07:34d4|In|Cat3|882
07:37d4|Out|Cat4|972
07:39d4|In|Cat4|959
07:43d4|Out|Cat3|895
07:45d4|In|Cat1|815
07:45d4|In|Cat1|816
07:47d4|Out|Cat4|973
07:49d4|In|Cat4|960
07:54d4|In|Cat3|883
07:54d4|In|Cat3|884
07:57d4|Out|Cat4|974
07:57d4|Out|Cat4|975
07:59d4|In|Cat4|961
07:59d4|In|Cat4|962
08:00d4|Out|Cat1|828
08:00d4|Out|Cat1|829
08:03d4|Out|Cat3|896
08:05d4|Out|Cat2|870
08:05d4|Out|Cat2|871
08:07d4|Out|Cat4|976
08:09d4|In|Cat4|963
08:14d4|In|Cat3|885
08:14d4|In|Cat3|886
08:15d4|In|Cat1|817
08:17d4|Out|Cat4|977
08:19d4|In|Cat4|964
08:23d4|In|Cat2|858
08:23d4|In|Cat2|859
08:23d4|Out|Cat3|897
08:27d4|Out|Cat4|978
08:29d4|In|Cat4|965
08:30d4|Out|Cat1|830
08:34d4|In|Cat3|887
08:34d4|In|Cat3|888
08:37d4|Out|Cat4|979
08:37d4|Out|Cat4|980
08:39d4|In|Cat4|966
08:43d4|Out|Cat3|898
08:43d4|Out|Cat3|899
08:45d4|In|Cat1|818
08:45d4|In|Cat1|819
08:47d4|Out|Cat4|981
08:49d4|In|Cat4|967
08:49d4|In|Cat4|968
08:54d4|In|Cat3|889
08:57d4|Out|Cat4|982
08:59d4|In|Cat4|969
09:00d4|Out|Cat1|831
09:03d4|Out|Cat3|900
09:05d4|Out|Cat2|872
09:07d4|Out|Cat4|983
09:09d4|In|Cat4|970
09:14d4|In|Cat3|890
09:14d4|In|Cat3|891
09:15d4|In|Cat1|820
09:17d4|Out|Cat4|984
09:19d4|In|Cat4|971
09:23d4|In|Cat2|860
09:23d4|Out|Cat3|901
09:23d4|Out|Cat3|902
09:27d4|Out|Cat4|985
09:29d4|In|Cat4|972
09:30d4|Out|Cat1|832
09:34d4|In|Cat3|892
09:37d4|Out|Cat4|986
09:39d4|In|Cat4|973
09:43d4|Out|Cat3|903
09:43d4|Out|Cat3|904
09:45d4|In|Cat1|821
09:45d4|In|Cat1|822
09:47d4|Out|Cat4|987
09:47d4|Out|Cat4|988
09:49d4|In|Cat4|974
09:54d4|In|Cat3|893
09:54d4|In|Cat3|894
09:57d4|Out|Cat4|989
09:59d4|In|Cat4|975
10:00d4|Out|Cat1|833
10:00d4|Out|Cat1|834
10:03d4|Out|Cat3|905
10:05d4|Out|Cat2|873
10:07d4|Out|Cat4|990
10:09d4|In|Cat4|976
10:09d4|In|Cat4|977
10:14d4|In|Cat3|895
10:14d4|In|Cat3|896
10:15d4|In|Cat1|823
10:17d4|Out|Cat4|991
10:17d4|Out|Cat4|992
10:19d4|In|Cat4|978
10:23d4|In|Cat2|861
10:23d4|In|Cat2|862
10:23d4|Out|Cat3|906
10:27d4|Out|Cat4|993
10:27d4|Out|Cat4|994
10:29d4|In|Cat4|979
10:29d4|In|Cat4|980
10:30d4|Out|Cat1|835
10:34d4|In|Cat3|897
10:37d4|Out|Cat4|995
10:39d4|In|Cat4|981
10:43d4|Out|Cat3|907
10:45d4|In|Cat1|824
10:45d4|In|Cat1|825
10:47d4|Out|Cat4|996
10:49d4|In|Cat4|982
10:49d4|In|Cat4|983
10:54d4|In|Cat3|898
10:54d4|In|Cat3|899
10:57d4|Out|Cat4|997
10:57d4|Out|Cat4|998
10:59d4|In|Cat4|984
10:59d4|In|Cat4|985
11:00d4|Out|Cat1|836
11:00d4|Out|Cat1|837
11:03d4|Out|Cat3|908
11:05d4|Out|Cat2|874
11:07d4|Out|Cat4|999
11:09d4|In|Cat4|986
11:14d4|In|Cat3|900
11:15d4|In|Cat1|826
11:17d4|Out|Cat4|1000
11:19d4|In|Cat4|987
11:19d4|In|Cat4|988
11:23d4|In|Cat2|863
11:23d4|Out|Cat3|909
11:23d4|Out|Cat3|910
11:27d4|Out|Cat4|1001
11:29d4|In|Cat4|989
11:30d4|Out|Cat1|838
11:34d4|In|Cat3|901
11:37d4|Out|Cat4|1002
11:37d4|Out|Cat4|1003
11:39d4|In|Cat4|990
11:39d4|In|Cat4|991
11:43d4|Out|Cat3|911
11:43d4|Out|Cat3|912
11:45d4|In|Cat1|827
11:45d4|In|Cat1|828
11:47d4|Out|Cat4|1004
11:49d4|In|Cat4|992
11:54d4|In|Cat3|902
11:57d4|Out|Cat4|1005
11:57d4|Out|Cat4|1006
11:59d4|In|Cat4|993
11:59d4|In|Cat4|994
12:00d4|Out|Cat1|839
12:00d4|Out|Cat1|840
12:03d4|Out|Cat3|913
12:03d4|Out|Cat3|914
12:05d4|Out|Cat2|875
12:07d4|Out|Cat4|1007
12:09d4|In|Cat4|995
12:09d4|In|Cat4|996
12:14d4|In|Cat3|903
12:15d4|In|Cat1|829
12:15d4|In|Cat1|830
12:17d4|Out|Cat4|1008
12:17d4|Out|Cat4|1009
12:19d4|In|Cat4|997
12:19d4|In|Cat4|998
12:23d4|In|Cat2|864
12:23d4|In|Cat2|865
12:23d4|Out|Cat3|915
12:27d4|Out|Cat4|1010
12:29d4|In|Cat4|999
12:30d4|Out|Cat1|841
12:34d4|In|Cat3|904
12:37d4|Out|Cat4|1011
12:39d4|In|Cat4|1000
12:39d4|In|Cat4|1001
12:43d4|Out|Cat3|916
12:43d4|Out|Cat3|917
12:45d4|In|Cat1|831
12:45d4|In|Cat1|832
12:47d4|Out|Cat4|1012
12:49d4|In|Cat4|1002
12:54d4|In|Cat3|905
12:57d4|Out|Cat4|1013
12:59d4|In|Cat4|1003
13:00d4|Out|Cat1|842
13:00d4|Out|Cat1|843
13:03d4|Out|Cat3|918
13:05d4|Out|Cat2|876
13:07d4|Out|Cat4|1014
13:07d4|Out|Cat4|1015
13:09d4|In|Cat4|1004
13:14d4|In|Cat3|906
13:15d4|In|Cat1|833
13:15d4|In|Cat1|834
13:17d4|Out|Cat4|1016
13:19d4|In|Cat4|1005
13:23d4|In|Cat2|866
13:23d4|Out|Cat3|919
13:27d4|Out|Cat4|1017
13:29d4|In|Cat4|1006
13:30d4|Out|Cat1|844
13:34d4|In|Cat3|907
13:37d4|Out|Cat4|1018
13:39d4|In|Cat4|1007
13:43d4|Out|Cat3|920
13:45d4|In|Cat1|835
13:47d4|Out|Cat4|1019
13:47d4|Out|Cat4|1020
13:49d4|In|Cat4|1008
13:54d4|In|Cat3|908
13:57d4|Out|Cat4|1021
13:59d4|In|Cat4|1009
14:00d4|Out|Cat1|845
14:00d4|Out|Cat1|846
14:03d4|Out|Cat3|921
14:05d4|Out|Cat2|877
14:07d4|Out|Cat4|1022
14:09d4|In|Cat4|1010
14:14d4|In|Cat3|909
14:15d4|In|Cat1|836
14:17d4|Out|Cat4|1023
14:17d4|Out|Cat4|1024
14:19d4|In|Cat4|1011
14:23d4|In|Cat2|867
14:23d4|Out|Cat3|922
14:27d4|Out|Cat4|1025
14:29d4|In|Cat4|1012
14:30d4|Out|Cat1|847
14:34d4|In|Cat3|910
14:37d4|Out|Cat4|1026
14:39d4|In|Cat4|1013
14:39d4|In|Cat4|1014
14:43d4|Out|Cat3|923
14:45d4|In|Cat1|837
14:47d4|Out|Cat4|1027
14:49d4|In|Cat4|1015
14:49d4|In|Cat4|1016
14:54d4|In|Cat3|911
14:57d4|Out|Cat4|1028
14:59d4|In|Cat4|1017
15:00d4|Out|Cat1|848
15:03d4|Out|Cat3|924
15:05d4|Out|Cat2|878
15:07d4|Out|Cat4|1029
15:07d4|Out|Cat4|1030
15:09d4|In|Cat4|1018
15:14d4|In|Cat3|912
15:15d4|In|Cat1|838
15:17d4|Out|Cat4|1031
15:19d4|In|Cat4|1019
15:19d4|In|Cat4|1020
15:23d4|In|Cat2|868
15:23d4|In|Cat2|869
15:23d4|Out|Cat3|925
15:27d4|Out|Cat4|1032
15:29d4|In|Cat4|1021
15:30d4|Out|Cat1|849
15:30d4|Out|Cat1|850
15:34d4|In|Cat3|913
15:37d4|Out|Cat4|1033
15:39d4|In|Cat4|1022
15:43d4|Out|Cat3|926
15:45d4|In|Cat1|839
15:47d4|Out|Cat4|1034
15:49d4|In|Cat4|1023
15:54d4|In|Cat3|914
15:57d4|Out|Cat4|1035
15:57d4|Out|Cat4|1036
15:59d4|In|Cat4|1024
16:00d4|Out|Cat1|851
16:03d4|Out|Cat3|927
16:05d4|Out|Cat2|879
16:07d4|Out|Cat4|1037
16:09d4|In|Cat4|1025
16:14d4|In|Cat3|915
16:14d4|In|Cat3|916
16:15d4|In|Cat1|840
16:17d4|Out|Cat4|1038
16:19d4|In|Cat4|1026
16:23d4|In|Cat2|870
16:23d4|Out|Cat3|928
16:27d4|Out|Cat4|1039
16:29d4|In|Cat4|1027
16:30d4|Out|Cat1|852
16:34d4|In|Cat3|917
16:37d4|Out|Cat4|1040
16:39d4|In|Cat4|1028
16:39d4|In|Cat4|1029
16:43d4|Out|Cat3|929
16:45d4|In|Cat1|841
16:45d4|In|Cat1|842
16:47d4|Out|Cat4|1041
16:49d4|In|Cat4|1030
16:54d4|In|Cat3|918
16:54d4|In|Cat3|919
16:57d4|Out|Cat4|1042
16:59d4|In|Cat4|1031
16:59d4|In|Cat4|1032
17:00d4|Out|Cat1|853
17:00d4|Out|Cat1|854
17:03d4|Out|Cat3|930
17:05d4|Out|Cat2|880
17:07d4|Out|Cat4|1043
17:09d4|In|Cat4|1033
17:14d4|In|Cat3|920
17:15d4|In|Cat1|843
17:17d4|Out|Cat4|1044
17:19d4|In|Cat4|1034
17:23d4|In|Cat2|871
17:23d4|Out|Cat3|931
17:27d4|Out|Cat4|1045
17:29d4|In|Cat4|1035
17:30d4|Out|Cat1|855
17:34d4|In|Cat3|921
17:37d4|Out|Cat4|1046
17:37d4|Out|Cat4|1047
17:39d4|In|Cat4|1036
17:43d4|Out|Cat3|932
17:45d4|In|Cat1|844
17:47d4|Out|Cat4|1048
17:49d4|In|Cat4|1037
17:54d4|In|Cat3|922
17:57d4|Out|Cat4|1049
17:57d4|Out|Cat4|1050
17:59d4|In|Cat4|1038
18:00d4|Out|Cat1|856
18:00d4|Out|Cat1|857
18:03d4|Out|Cat3|933
18:05d4|Out|Cat2|881
18:07d4|Out|Cat4|1051
18:09d4|In|Cat4|1039
18:14d4|In|Cat3|923
18:15d4|In|Cat1|845
18:17d4|Out|Cat4|1052
18:19d4|In|Cat4|1040
18:23d4|In|Cat2|872
18:23d4|In|Cat2|873
18:23d4|Out|Cat3|934
18:27d4|Out|Cat4|1053
18:29d4|In|Cat4|1042
18:30d4|Out|Cat1|858
18:30d4|Out|Cat1|859
18:34d4|In|Cat3|924
18:37d4|Out|Cat4|1054
18:39d4|In|Cat4|1043
18:43d4|Out|Cat3|935
18:45d4|In|Cat1|846
18:47d4|Out|Cat4|1055
18:49d4|In|Cat4|1044
18:54d4|In|Cat3|925
18:57d4|Out|Cat4|1056
18:57d4|Out|Cat4|1057
18:59d4|In|Cat4|1045
18:59d4|In|Cat4|1046
19:00d4|Out|Cat1|860
19:03d4|Out|Cat3|936
19:03d4|Out|Cat3|937
19:05d4|Out|Cat2|882
19:07d4|Out|Cat4|1058
19:07d4|Out|Cat4|1059
19:09d4|In|Cat4|1047
19:14d4|In|Cat3|926
19:15d4|In|Cat1|848
19:17d4|Out|Cat4|1060
19:19d4|In|Cat4|1048
19:23d4|In|Cat2|874
19:23d4|Out|Cat3|938
19:27d4|Out|Cat4|1061
19:29d4|In|Cat4|1049
19:29d4|In|Cat4|1050
19:30d4|Out|Cat1|862
19:34d4|In|Cat3|927
19:37d4|Out|Cat4|1062
19:37d4|Out|Cat4|1063
19:39d4|In|Cat4|1051
19:43d4|Out|Cat3|939
19:45d4|In|Cat1|849
19:45d4|In|Cat1|850
19:47d4|Out|Cat4|1064
19:49d4|In|Cat4|1052
19:54d4|In|Cat3|928
19:54d4|In|Cat3|929
19:57d4|Out|Cat4|1065
19:59d4|In|Cat4|1053
20:00d4|Out|Cat1|863
20:03d4|Out|Cat3|940
20:03d4|Out|Cat3|941
20:05d4|Out|Cat2|883
20:05d4|Out|Cat2|884
20:07d4|Out|Cat4|1066
20:09d4|In|Cat4|1054
20:14d4|In|Cat3|930
20:14d4|In|Cat3|931
20:15d4|In|Cat1|851
20:17d4|Out|Cat4|1067
20:17d4|Out|Cat4|1068
20:19d4|In|Cat4|1055
20:23d4|In|Cat2|875
20:23d4|Out|Cat3|942
20:27d4|Out|Cat4|1069
20:29d4|In|Cat4|1056
20:29d4|In|Cat4|1057
20:30d4|Out|Cat1|864
20:30d4|Out|Cat1|865
20:34d4|In|Cat3|932
20:37d4|Out|Cat4|1070
20:39d4|In|Cat4|1058
20:43d4|Out|Cat3|943
20:45d4|In|Cat1|852
20:45d4|In|Cat1|853
20:47d4|Out|Cat4|1071
20:47d4|Out|Cat4|1072
20:49d4|In|Cat4|1059
20:54d4|In|Cat3|933
20:54d4|In|Cat3|934
20:57d4|Out|Cat4|1073
20:59d4|In|Cat4|1060
21:00d4|Out|Cat1|866
21:03d4|Out|Cat3|944
21:03d4|Out|Cat3|945
21:05d4|Out|Cat2|885
21:05d4|Out|Cat2|886
21:07d4|Out|Cat4|1074
21:09d4|In|Cat4|1061
21:14d4|In|Cat3|935
21:14d4|In|Cat3|936
21:15d4|In|Cat1|854
21:17d4|Out|Cat4|1075
21:19d4|In|Cat4|1062
21:19d4|In|Cat4|1063
21:23d4|In|Cat2|876
21:23d4|In|Cat2|877
21:23d4|Out|Cat3|946
21:27d4|Out|Cat4|1076
21:27d4|Out|Cat4|1077
21:29d4|In|Cat4|1064
21:30d4|Out|Cat1|867
21:30d4|Out|Cat1|868
21:34d4|In|Cat3|937
21:37d4|Out|Cat4|1078
21:37d4|Out|Cat4|1079
21:39d4|In|Cat4|1065
21:43d4|Out|Cat3|947
21:43d4|Out|Cat3|948
21:45d4|In|Cat1|855
21:47d4|Out|Cat4|1080
21:49d4|In|Cat4|1066
21:54d4|In|Cat3|938
21:54d4|In|Cat3|939
21:57d4|Out|Cat4|1081
21:59d4|In|Cat4|1067
22:03d4|Out|Cat3|949
22:05d4|Out|Cat2|887
22:05d4|Out|Cat2|888
22:07d4|Out|Cat4|1082
22:09d4|In|Cat4|1068
22:14d4|In|Cat3|940
22:14d4|In|Cat3|941
22:15d4|In|Cat1|856
22:17d4|Out|Cat4|1083
22:19d4|In|Cat4|1069
22:23d4|In|Cat2|878
22:23d4|Out|Cat3|950
22:27d4|Out|Cat4|1084
22:27d4|Out|Cat4|1085
22:29d4|In|Cat4|1070
22:34d4|In|Cat3|942
22:37d4|Out|Cat4|1086
22:39d4|In|Cat4|1071
22:43d4|Out|Cat3|951
22:47d4|Out|Cat4|1087
22:47d4|Out|Cat4|1088
22:49d4|In|Cat4|1072
22:54d4|Out|Cat3|943
22:54d4|Out|Cat3|944
22:57d4|Out|Cat4|1089
22:59d4|In|Cat4|1073
22:59d4|In|Cat4|1074
23:07d4|Out|Cat4|1090
23:09d4|In|Cat4|1075
23:09d4|In|Cat4|1076
23:14d4|In|Cat3|945
23:17d4|Out|Cat4|1091
23:17d4|Out|Cat4|1092
23:19d4|In|Cat4|1077
23:19d4|In|Cat4|1078
23:27d4|Out|Cat4|1093
23:29d4|In|Cat4|1079
23:39d4|In|Cat4|1080
23:39d4|In|Cat4|1081
23:49d4|In|Cat4|1082
23:49d4|In|Cat4|1083
05:27d5|Out|Cat4|1224
05:37d5|Out|Cat4|1225
05:47d5|Out|Cat4|1226
05:49d5|In|Cat4|1219
05:49d5|In|Cat4|1220
05:57d5|Out|Cat4|1227
05:59d5|In|Cat4|1221
06:07d5|Out|Cat4|1228
06:09d5|In|Cat4|1222
06:17d5|Out|Cat4|1229
06:17d5|Out|Cat4|1230
06:19d5|In|Cat4|1223
06:23d5|Out|Cat3|1157
06:27d5|Out|Cat4|1231
06:27d5|Out|Cat4|1232
06:29d5|In|Cat4|1224
06:30d5|Out|Cat1|1094
06:37d5|Out|Cat4|1233
06:39d5|In|Cat4|1225
06:39d5|In|Cat4|1226
06:43d5|Out|Cat3|1158
06:47d5|Out|Cat4|1234
06:49d5|In|Cat4|1227
06:49d5|In|Cat4|1228
06:54d5|In|Cat3|1154
06:57d5|Out|Cat4|1235
06:59d5|In|Cat4|1229
06:59d5|In|Cat4|1230
07:00d5|Out|Cat1|1095
07:03d5|Out|Cat3|1159
07:03d5|Out|Cat3|1160
07:05d5|Out|Cat2|1134
07:07d5|Out|Cat4|1236
07:09d5|In|Cat4|1231
07:14d5|In|Cat3|1155
07:15d5|In|Cat1|1084
07:17d5|Out|Cat4|1237
07:19d5|In|Cat4|1232
07:23d5|In|Cat2|1131
07:23d5|Out|Cat3|1161
07:23d5|Out|Cat3|1162
07:27d5|Out|Cat4|1238
07:29d5|In|Cat4|1233
07:30d5|Out|Cat1|1096
07:34d5|In|Cat3|1157
07:37d5|Out|Cat4|1239
07:39d5|In|Cat4|1234
07:43d5|Out|Cat3|1163
07:45d5|In|Cat1|1085
07:47d5|Out|Cat4|1240
07:49d5|In|Cat4|1235
07:49d5|In|Cat4|1236
07:54d5|In|Cat3|1158
07:57d5|Out|Cat4|1241
07:59d5|In|Cat4|1237
08:00d5|Out|Cat1|1097
08:03d5|Out|Cat3|1164
08:05d5|Out|Cat2|1135
08:07d5|Out|Cat4|1242
08:09d5|In|Cat4|1238
08:14d5|In|Cat3|1159
08:15d5|In|Cat1|1086
08:15d5|In|Cat1|1087
08:17d5|Out|Cat4|1243
08:17d5|Out|Cat4|1244
08:19d5|In|Cat4|1239
08:23d5|In|Cat2|1132
08:23d5|In|Cat2|1133
08:23d5|Out|Cat3|1165
08:23d5|Out|Cat3|1166
08:27d5|Out|Cat4|1245
08:29d5|In|Cat4|1240
08:30d5|Out|Cat1|1098
08:34d5|In|Cat3|1160
08:37d5|Out|Cat4|1246
08:39d5|In|Cat4|1241
08:43d5|Out|Cat3|1167
08:45d5|In|Cat1|1088
08:47d5|Out|Cat4|1247
08:49d5|In|Cat4|1242
08:54d5|In|Cat3|1161
08:54d5|In|Cat3|1162
08:57d5|Out|Cat4|1248
08:59d5|Out|Cat4|1243
08:59d5|Out|Cat4|1244
09:00d5|Out|Cat1|1099
09:03d5|Out|Cat3|1168
09:05d5|Out|Cat2|1136
09:05d5|Out|Cat2|1137
09:07d5|Out|Cat4|1249
09:09d5|In|Cat4|1245
09:14d5|In|Cat3|1163
09:15d5|In|Cat1|1089
09:15d5|In|Cat1|1090
09:17d5|Out|Cat4|1250
09:19d5|In|Cat4|1246
09:19d5|In|Cat4|1247
09:23d5|In|Cat2|1134
09:23d5|Out|Cat3|1169
09:23d5|Out|Cat3|1170
09:27d5|Out|Cat4|1251
09:29d5|In|Cat4|1248
09:30d5|Out|Cat1|1100
09:30d5|Out|Cat1|1101
09:34d5|In|Cat3|1164
09:37d5|Out|Cat4|1252
09:37d5|Out|Cat4|1253
09:39d5|In|Cat4|1249
09:43d5|Out|Cat3|1171
09:43d5|In|Cat3|1172
09:45d5|In|Cat1|1091
09:45d5|In|Cat1|1092
09:47d5|Out|Cat4|1254
09:47d5|Out|Cat4|1255
09:49d5|In|Cat4|1250
09:54d5|In|Cat3|1165
09:57d5|Out|Cat4|1256
09:59d5|In|Cat4|1251
09:59d5|In|Cat4|1252
10:00d5|Out|Cat1|1102
10:03d5|Out|Cat3|1173
10:03d5|Out|Cat3|1174
10:05d5|Out|Cat2|1138
10:05d5|Out|Cat2|1139
10:07d5|Out|Cat4|1257
10:09d5|In|Cat4|1253
10:14d5|In|Cat3|1166
10:15d5|In|Cat1|1093
10:15d5|In|Cat1|1094
10:17d5|Out|Cat4|1258
10:19d5|In|Cat4|1254
10:19d5|In|Cat4|1255
10:23d5|In|Cat2|1135
10:23d5|Out|Cat3|1175
10:23d5|In|Cat3|1176
10:27d5|Out|Cat4|1259
10:27d5|Out|Cat4|1260
10:29d5|In|Cat4|1256
10:30d5|Out|Cat1|1103
10:34d5|Out|Cat3|1167
10:37d5|Out|Cat4|1261
10:39d5|In|Cat4|1257
10:43d5|In|Cat3|1177
10:45d5|In|Cat1|1095
10:47d5|Out|Cat4|1262
10:49d5|In|Cat4|1258
10:54d5|In|Cat3|1168
10:57d5|Out|Cat4|1263
10:57d5|Out|Cat4|1264
10:59d5|In|Cat4|1259
11:00d5|Out|Cat1|1104
11:03d5|Out|Cat3|1178
11:05d5|Out|Cat2|1140
11:05d5|Out|Cat2|1141
11:07d5|Out|Cat4|1265
11:09d5|In|Cat4|1260
11:14d5|In|Cat3|1169
11:14d5|In|Cat3|1170
11:15d5|In|Cat1|1096
11:15d5|In|Cat1|1097
11:17d5|Out|Cat4|1266
11:17d5|Out|Cat4|1267
11:19d5|In|Cat4|1261
11:19d5|In|Cat4|1262
11:23d5|In|Cat2|1136
11:23d5|Out|Cat3|1179
11:27d5|Out|Cat4|1268
11:29d5|In|Cat4|1263
11:30d5|Out|Cat1|1105
11:30d5|Out|Cat1|1106
11:34d5|In|Cat3|1171
11:37d5|Out|Cat4|1269
11:37d5|Out|Cat4|1270
11:39d5|In|Cat4|1264
11:43d5|Out|Cat3|1180
11:45d5|In|Cat1|1098
11:45d5|In|Cat1|1099
11:47d5|Out|Cat4|1271
11:49d5|In|Cat4|1265
11:54d5|In|Cat3|1172
11:57d5|Out|Cat4|1272
11:59d5|In|Cat4|1266
12:00d5|Out|Cat1|1107
12:00d5|Out|Cat1|1108
12:03d5|Out|Cat3|1181
12:05d5|Out|Cat2|1142
12:05d5|Out|Cat2|1143
12:07d5|Out|Cat4|1273
12:09d5|In|Cat4|1267
12:14d5|In|Cat3|1173
12:15d5|In|Cat1|1100
12:15d5|In|Cat1|1101
12:17d5|Out|Cat4|1274
12:17d5|Out|Cat4|1275
12:19d5|In|Cat4|1268
12:23d5|In|Cat2|1137
12:23d5|Out|Cat3|1182
12:27d5|Out|Cat4|1276
12:29d5|In|Cat4|1269
12:30d5|Out|Cat1|1109
12:30d5|Out|Cat1|1110
12:34d5|In|Cat3|1174
12:34d5|In|Cat3|1175
12:37d5|Out|Cat4|1277
12:39d5|In|Cat4|1270
12:43d5|Out|Cat3|1183
12:45d5|In|Cat1|1102
12:47d5|Out|Cat4|1278
12:47d5|Out|Cat4|1279
12:49d5|In|Cat4|1271
12:57d5|Out|Cat4|1280
12:59d5|In|Cat4|1272
13:00d5|Out|Cat1|1111
13:00d5|Out|Cat1|1112
13:03d5|Out|Cat3|1184
13:05d5|Out|Cat2|1144
13:07d5|In|Cat4|1281
13:07d5|In|Cat4|1282
13:09d5|In|Cat4|1273
13:14d5|In|Cat3|1177
13:15d5|In|Cat1|1103
13:15d5|In|Cat1|1104
13:17d5|Out|Cat4|1283
13:17d5|Out|Cat4|1284
13:19d5|In|Cat4|1274
13:23d5|In|Cat2|1138
13:23d5|Out|Cat3|1185
13:23d5|Out|Cat3|1186
13:27d5|Out|Cat4|1285
13:29d5|In|Cat4|1275
13:30d5|Out|Cat1|1113
13:34d5|In|Cat3|1178
13:37d5|Out|Cat4|1286
13:37d5|Out|Cat4|1287
13:39d5|In|Cat4|1276
13:39d5|In|Cat4|1277
13:43d5|Out|Cat3|1187
13:45d5|In|Cat1|1105
13:45d5|In|Cat1|1106
13:47d5|Out|Cat4|1288
13:49d5|In|Cat4|1278
13:54d5|In|Cat3|1179
13:57d5|Out|Cat4|1289
13:59d5|In|Cat4|1279
14:00d5|Out|Cat1|1114
14:03d5|Out|Cat3|1188
14:05d5|Out|Cat2|1145
14:07d5|Out|Cat4|1290
14:09d5|In|Cat4|1280
14:14d5|In|Cat3|1180
14:15d5|In|Cat1|1107
14:17d5|Out|Cat4|1291
14:17d5|Out|Cat4|1292
14:19d5|In|Cat4|1281
14:23d5|In|Cat2|1139
14:23d5|Out|Cat3|1189
14:27d5|Out|Cat4|1293
14:29d5|In|Cat4|1282
14:29d5|In|Cat4|1283
14:30d5|Out|Cat1|1115
14:34d5|In|Cat3|1181
14:37d5|Out|Cat4|1295
14:39d5|In|Cat4|1284
14:43d5|Out|Cat3|1190
14:45d5|In|Cat1|1108
14:47d5|Out|Cat4|1296
14:49d5|In|Cat4|1285
14:54d5|In|Cat3|1182
14:54d5|In|Cat3|1183
14:57d5|Out|Cat4|1297
14:59d5|In|Cat4|1286
14:59d5|In|Cat4|1287
15:00d5|Out|Cat1|1116
15:03d5|Out|Cat3|1191
15:05d5|Out|Cat2|1146
15:07d5|Out|Cat4|1299
15:09d5|In|Cat4|1288
15:14d5|In|Cat3|1184
15:14d5|In|Cat3|1185
15:15d5|In|Cat1|1109
15:17d5|Out|Cat4|1300
15:19d5|In|Cat4|1289
15:23d5|In|Cat2|1140
15:23d5|In|Cat2|1141
15:23d5|Out|Cat3|1192
15:23d5|Out|Cat3|1193
15:27d5|Out|Cat4|1301
15:29d5|In|Cat4|1290
15:29d5|In|Cat4|1291
15:30d5|Out|Cat1|1117
15:34d5|In|Cat3|1186
15:34d5|In|Cat3|1187
15:37d5|Out|Cat4|1302
15:39d5|In|Cat4|1292
15:43d5|Out|Cat3|1194
15:43d5|Out|Cat3|1195
15:45d5|In|Cat1|1110
15:47d5|Out|Cat4|1303
15:49d5|In|Cat4|1293
15:54d5|In|Cat3|1188
15:57d5|Out|Cat4|1304
16:00d5|Out|Cat1|1118
16:03d5|Out|Cat3|1196
16:05d5|Out|Cat2|1147
16:05d5|Out|Cat2|1148
16:07d5|Out|Cat4|1305
16:14d5|In|Cat3|1189
16:15d5|In|Cat1|1111
16:17d5|Out|Cat4|1306
16:17d5|Out|Cat4|1307
16:19d5|In|Cat4|1299
16:19d5|In|Cat4|1300
16:23d5|In|Cat2|1142
16:23d5|In|Cat2|1143
16:23d5|Out|Cat3|1197
16:27d5|Out|Cat4|1308
16:29d5|In|Cat4|1301
16:30d5|Out|Cat1|1119
16:34d5|In|Cat3|1190
16:37d5|Out|Cat4|1309
16:39d5|In|Cat4|1302
16:43d5|Out|Cat3|1198
16:45d5|In|Cat1|1112
16:45d5|In|Cat1|1113
16:47d5|Out|Cat4|1310
16:49d5|In|Cat4|1303
16:54d5|In|Cat3|1191
16:57d5|Out|Cat4|1311
16:59d5|In|Cat4|1305
17:00d5|Out|Cat1|1120
17:00d5|Out|Cat1|1121
17:03d5|Out|Cat3|1199
17:05d5|Out|Cat2|1149
17:07d5|Out|Cat4|1312
17:09d5|In|Cat4|1306
17:14d5|In|Cat3|1192
17:14d5|In|Cat3|1193
17:15d5|In|Cat1|1114
17:15d5|In|Cat1|1115
17:17d5|Out|Cat4|1313
17:19d5|In|Cat4|1307
17:23d5|In|Cat2|1144
17:23d5|Out|Cat3|1200
17:23d5|Out|Cat3|1201
17:27d5|Out|Cat4|1314
17:29d5|In|Cat4|1308
17:29d5|In|Cat4|1309
17:30d5|Out|Cat1|1122
17:34d5|In|Cat3|1194
17:34d5|In|Cat3|1195
17:37d5|Out|Cat4|1315
17:39d5|In|Cat4|1310
17:43d5|Out|Cat3|1202
17:43d5|Out|Cat3|1203
17:45d5|In|Cat1|1116
17:47d5|Out|Cat4|1316
17:49d5|In|Cat4|1311
17:49d5|In|Cat4|1312
17:54d5|In|Cat3|1196
17:54d5|In|Cat3|1197
17:57d5|Out|Cat4|1317
17:59d5|In|Cat4|1313
18:00d5|Out|Cat1|1123
18:03d5|Out|Cat3|1204
18:05d5|Out|Cat2|1150
18:05d5|Out|Cat2|1151
18:07d5|Out|Cat4|1318
18:09d5|In|Cat4|1314
18:14d5|In|Cat3|1198
18:14d5|In|Cat3|1199
18:15d5|In|Cat1|1117
18:15d5|In|Cat1|1118
18:17d5|Out|Cat4|1319
18:19d5|In|Cat4|1315
18:23d5|In|Cat2|1146
18:23d5|Out|Cat3|1205
18:23d5|Out|Cat3|1206
18:27d5|Out|Cat4|1320
18:27d5|Out|Cat4|1321
18:29d5|In|Cat4|1317
18:29d5|In|Cat4|1318
18:30d5|Out|Cat1|1124
18:34d5|In|Cat3|1200
18:37d5|Out|Cat4|1322
18:39d5|In|Cat4|1319
18:43d5|Out|Cat3|1207
18:45d5|In|Cat1|1119
18:47d5|Out|Cat4|1323
18:49d5|In|Cat4|1320
18:54d5|In|Cat3|1201
18:57d5|Out|Cat4|1324
18:59d5|In|Cat4|1321
19:00d5|Out|Cat1|1125
19:00d5|Out|Cat1|1126
19:03d5|Out|Cat3|1208
19:03d5|Out|Cat3|1209
19:05d5|Out|Cat2|1152
19:07d5|Out|Cat4|1325
19:09d5|In|Cat4|1322
19:09d5|In|Cat4|1323
19:14d5|In|Cat3|1202
19:15d5|In|Cat1|1120
19:15d5|In|Cat1|1121
19:17d5|Out|Cat4|1326
19:17d5|Out|Cat4|1327
19:23d5|In|Cat2|1148
19:23d5|Out|Cat3|1210
19:27d5|Out|Cat4|1328
19:27d5|Out|Cat4|1329
19:29d5|In|Cat4|1326
19:29d5|In|Cat4|1327
19:30d5|Out|Cat1|1127
19:30d5|Out|Cat1|1128
19:34d5|In|Cat3|1203
19:34d5|In|Cat3|1204
19:37d5|Out|Cat4|1330
19:37d5|Out|Cat4|1331
19:39d5|In|Cat4|1328
19:39d5|In|Cat4|1329
19:43d5|Out|Cat3|1211
19:45d5|In|Cat1|1122
19:47d5|Out|Cat4|1332
19:47d5|Out|Cat4|1333
19:49d5|In|Cat4|1330
19:49d5|In|Cat4|1331
19:54d5|In|Cat3|1205
19:54d5|In|Cat3|1206
19:57d5|Out|Cat4|1334
19:59d5|In|Cat4|1332
19:59d5|In|Cat4|1333
20:00d5|Out|Cat1|1129
20:00d5|Out|Cat1|1130
20:03d5|Out|Cat3|1212
20:05d5|Out|Cat2|1153
20:07d5|Out|Cat4|1335
20:07d5|Out|Cat4|1336
20:09d5|In|Cat4|1334
20:14d5|In|Cat3|1207
20:15d5|In|Cat1|1123
20:15d5|In|Cat1|1124
20:17d5|Out|Cat4|1337
20:19d5|In|Cat4|1335
20:23d5|In|Cat2|1149
20:23d5|In|Cat2|1150
20:23d5|Out|Cat3|1213
20:23d5|Out|Cat3|1214
20:27d5|Out|Cat4|1338
20:27d5|Out|Cat4|1339
20:29d5|In|Cat4|1336
20:30d5|Out|Cat1|1131
20:34d5|In|Cat3|1208
20:37d5|Out|Cat4|1340
20:37d5|Out|Cat4|1341
20:39d5|In|Cat4|1337
20:43d5|Out|Cat3|1215
20:43d5|Out|Cat3|1216
20:45d5|In|Cat1|1125
20:47d5|Out|Cat4|1342
20:49d5|In|Cat4|1338
20:54d5|In|Cat3|1209
20:57d5|Out|Cat4|1343
20:59d5|In|Cat4|1339
20:59d5|In|Cat4|1340
21:00d5|Out|Cat1|1132
21:03d5|Out|Cat3|1217
21:03d5|Out|Cat3|1218
21:05d5|Out|Cat2|1154
21:07d5|Out|Cat4|1344
21:09d5|In|Cat4|1341
21:09d5|In|Cat4|1342
21:14d5|In|Cat3|1210
21:15d5|In|Cat1|1126
21:15d5|In|Cat1|1127
21:17d5|Out|Cat4|1345
21:19d5|In|Cat4|1343
21:19d5|In|Cat4|1344
21:23d5|In|Cat2|1151
21:23d5|Out|Cat3|1219
21:27d5|Out|Cat4|1346
21:29d5|In|Cat4|1345
21:30d5|Out|Cat1|1133
21:34d5|In|Cat3|1211
21:34d5|In|Cat3|1212
21:37d5|Out|Cat4|1347
21:39d5|In|Cat4|1346
21:39d5|In|Cat4|1347
21:43d5|Out|Cat3|1220
21:45d5|In|Cat1|1128
21:47d5|Out|Cat4|1348
21:49d5|In|Cat4|1348
21:54d5|In|Cat3|1213
21:57d5|Out|Cat4|1349
21:57d5|Out|Cat4|1350
21:59d5|In|Cat4|1350
22:03d5|Out|Cat3|1221
22:05d5|Out|Cat2|1155
22:05d5|Out|Cat2|1156
22:07d5|Out|Cat4|1351
22:07d5|Out|Cat4|1352
22:09d5|In|Cat4|1351
22:14d5|In|Cat3|1214
22:15d5|In|Cat1|1129
22:15d5|In|Cat1|1130
22:17d5|Out|Cat4|1353
22:19d5|In|Cat4|1352
22:23d5|In|Cat2|1153
22:23d5|Out|Cat3|1222
22:27d5|Out|Cat4|1354
22:29d5|In|Cat4|1353
22:34d5|In|Cat3|1215
22:37d5|Out|Cat4|1355
22:39d5|In|Cat4|1354
22:43d5|Out|Cat3|1223
22:47d5|Out|Cat4|1356
22:49d5|In|Cat4|1355
22:49d5|In|Cat4|1356
22:54d5|In|Cat3|1216
22:57d5|Out|Cat4|1357
22:57d5|Out|Cat4|1358
22:59d5|In|Cat4|1357
23:07d5|Out|Cat4|1359
23:07d5|Out|Cat4|1360
23:09d5|In|Cat4|1358
23:14d5|In|Cat3|1217
23:14d5|In|Cat3|1218
23:17d5|Out|Cat4|1361
23:19d5|In|Cat4|1359
23:27d5|Out|Cat4|1362
23:27d5|Out|Cat4|1363
23:29d5|In|Cat4|1360
23:39d5|In|Cat4|1361
23:49d5|In|Cat4|1362
05:27d6|Out|Cat4|1494
05:27d6|Out|Cat4|1495
05:49d6|In|Cat4|1492
05:57d6|Out|Cat4|1499
05:59d6|In|Cat4|1493
06:07d6|Out|Cat4|1500
06:09d6|In|Cat4|1494
06:17d6|Out|Cat4|1501
06:19d6|In|Cat4|1495
06:23d6|Out|Cat3|1428
06:23d6|Out|Cat3|1429
06:27d6|Out|Cat4|1502
06:29d6|In|Cat4|1496
06:30d6|Out|Cat1|1364
06:37d6|Out|Cat4|1504
06:39d6|In|Cat4|1497
06:43d6|Out|Cat3|1430
06:47d6|Out|Cat4|1505
06:49d6|In|Cat4|1498
06:49d6|In|Cat4|1499
06:54d6|In|Cat3|1424
06:57d6|Out|Cat4|1507
06:59d6|In|Cat4|1500
07:00d6|Out|Cat1|1365
07:03d6|Out|Cat3|1431
07:05d6|Out|Cat2|1410
07:07d6|Out|Cat4|1508
07:07d6|Out|Cat4|1509
07:09d6|In|Cat4|1501
07:14d6|In|Cat3|1425
07:15d6|In|Cat1|1363
07:17d6|Out|Cat4|1510
07:19d6|In|Cat4|1502
07:23d6|In|Cat2|1403
07:23d6|Out|Cat3|1432
07:27d6|Out|Cat4|1511
07:29d6|In|Cat4|1503
07:30d6|Out|Cat1|1366
07:34d6|In|Cat3|1426
07:34d6|In|Cat3|1427
07:37d6|Out|Cat4|1512
07:39d6|In|Cat4|1504
07:43d6|Out|Cat3|1433
07:45d6|In|Cat1|1364
07:47d6|Out|Cat4|1513
07:49d6|In|Cat4|1505
07:54d6|In|Cat3|1428
07:54d6|In|Cat3|1429
07:57d6|Out|Cat4|1515
07:59d6|In|Cat4|1506
08:00d6|Out|Cat1|1367
08:03d6|Out|Cat3|1434
08:05d6|Out|Cat2|1411
08:07d6|Out|Cat4|1517
08:09d6|In|Cat4|1507
08:09d6|In|Cat4|1508
08:14d6|In|Cat3|1430
08:15d6|In|Cat1|1365
08:17d6|Out|Cat4|1518
08:19d6|In|Cat4|1509
08:19d6|In|Cat4|1510
08:23d6|In|Cat2|1404
08:23d6|In|Cat2|1405
08:23d6|Out|Cat3|1435
08:27d6|Out|Cat4|1519
08:29d6|In|Cat4|1511
08:30d6|Out|Cat1|1368
08:30d6|Out|Cat1|1369
08:34d6|In|Cat3|1431
08:34d6|In|Cat3|1432
08:37d6|Out|Cat4|1520
08:37d6|Out|Cat4|1521
08:39d6|In|Cat4|1512
08:39d6|In|Cat4|1513
08:43d6|Out|Cat3|1436
08:45d6|In|Cat1|1366
08:47d6|Out|Cat4|1522
08:49d6|In|Cat4|1514
08:54d6|In|Cat3|1433
08:57d6|Out|Cat4|1523
08:57d6|Out|Cat4|1524
08:59d6|In|Cat4|1515
09:00d6|Out|Cat1|1370
09:00d6|Out|Cat1|1371
09:03d6|Out|Cat3|1437
09:03d6|Out|Cat3|1438
09:05d6|Out|Cat2|1412
09:07d6|Out|Cat4|1525
09:07d6|Out|Cat4|1526
09:09d6|In|Cat4|1516
09:14d6|In|Cat3|1434
09:15d6|In|Cat1|1367
09:15d6|In|Cat1|1368
09:17d6|Out|Cat4|1527
09:17d6|Out|Cat4|1528
09:19d6|In|Cat4|1517
09:23d6|In|Cat2|1406
09:23d6|In|Cat2|1407
09:23d6|Out|Cat3|1439
09:29d6|In|Cat4|1518
09:30d6|Out|Cat1|1372
09:34d6|In|Cat3|1435
09:37d6|Out|Cat4|1530
09:39d6|In|Cat4|1519
09:43d6|Out|Cat3|1440
09:43d6|Out|Cat3|1441
09:45d6|In|Cat1|1369
09:45d6|In|Cat1|1370
09:47d6|Out|Cat4|1531
09:49d6|In|Cat4|1520
09:54d6|In|Cat3|1436
09:54d6|In|Cat3|1437
09:57d6|Out|Cat4|1533
09:59d6|In|Cat4|1521
10:00d6|Out|Cat1|1373
10:03d6|Out|Cat3|1442
10:03d6|Out|Cat3|1443
10:05d6|Out|Cat2|1413
10:07d6|Out|Cat4|1535
10:09d6|In|Cat4|1522
10:14d6|In|Cat3|1438
10:14d6|In|Cat3|1439
10:15d6|In|Cat1|1371
10:17d6|Out|Cat4|1536
10:19d6|In|Cat4|1523
10:23d6|In|Cat2|1408
10:23d6|Out|Cat3|1444
10:27d6|Out|Cat4|1538
10:29d6|In|Cat4|1524
10:30d6|Out|Cat1|1374
10:34d6|In|Cat3|1440
10:34d6|In|Cat3|1441
10:37d6|Out|Cat4|1540
10:39d6|In|Cat4|1525
10:43d6|Out|Cat3|1445
10:45d6|In|Cat1|1372
10:47d6|Out|Cat4|1542
10:49d6|In|Cat4|1526
10:54d6|In|Cat3|1442
10:54d6|In|Cat3|1443
10:57d6|Out|Cat4|1544
10:59d6|In|Cat4|1527
11:00d6|Out|Cat1|1375
11:00d6|Out|Cat1|1376
11:03d6|Out|Cat3|1446
11:05d6|Out|Cat2|1414
11:07d6|Out|Cat4|1545
11:09d6|In|Cat4|1528
11:09d6|In|Cat4|1529
11:14d6|In|Cat3|1444
11:14d6|In|Cat3|1445
11:15d6|In|Cat1|1373
11:17d6|Out|Cat4|1547
11:17d6|Out|Cat4|1548
11:19d6|In|Cat4|1530
11:23d6|In|Cat2|1409
11:23d6|Out|Cat3|1447
11:27d6|Out|Cat4|1549
11:29d6|In|Cat4|1531
11:29d6|In|Cat4|1532
11:30d6|Out|Cat1|1377
11:30d6|Out|Cat1|1378
11:34d6|Out|Cat3|1446
11:34d6|Out|Cat3|1447
11:37d6|Out|Cat4|1550
11:39d6|In|Cat4|1533
11:43d6|Out|Cat3|1448
11:45d6|In|Cat1|1374
11:47d6|Out|Cat4|1551
11:49d6|In|Cat4|1534
11:54d6|Out|Cat3|1448
11:57d6|Out|Cat4|1552
11:59d6|In|Cat4|1535
12:00d6|Out|Cat1|1379
12:03d6|Out|Cat3|1449
12:03d6|Out|Cat3|1450
12:05d6|Out|Cat2|1415
12:05d6|Out|Cat2|1416
12:07d6|Out|Cat4|1553
12:09d6|In|Cat4|1536
12:14d6|In|Cat3|1449
12:15d6|In|Cat1|1375
12:17d6|Out|Cat4|1554
12:19d6|In|Cat4|1537
12:23d6|In|Cat2|1410
12:23d6|Out|Cat3|1451
12:27d6|Out|Cat4|1555
12:29d6|In|Cat4|1538
12:30d6|Out|Cat1|1380
12:34d6|In|Cat3|1450
12:34d6|In|Cat3|1451
12:37d6|Out|Cat4|1556
12:39d6|In|Cat4|1539
12:43d6|Out|Cat3|1452
12:43d6|Out|Cat3|1453
12:45d6|In|Cat1|1376
12:45d6|In|Cat1|1377
12:47d6|Out|Cat4|1557
12:49d6|In|Cat4|1540
12:54d6|In|Cat3|1452
12:57d6|Out|Cat4|1558
12:59d6|In|Cat4|1541
12:59d6|In|Cat4|1542
13:00d6|Out|Cat1|1381
13:00d6|Out|Cat1|1382
13:03d6|Out|Cat3|1454
13:05d6|Out|Cat2|1417
13:07d6|Out|Cat4|1559
13:07d6|Out|Cat4|1560
13:09d6|In|Cat4|1543
13:14d6|In|Cat3|1453
13:14d6|In|Cat3|1454
13:15d6|In|Cat1|1378
13:17d6|Out|Cat4|1561
13:19d6|In|Cat4|1544
13:23d6|In|Cat2|1411
13:23d6|Out|Cat3|1455
13:27d6|Out|Cat4|1562
13:29d6|In|Cat4|1545
13:29d6|In|Cat4|1546
13:30d6|Out|Cat1|1383
13:30d6|Out|Cat1|1384
13:34d6|In|Cat3|1455
13:37d6|Out|Cat4|1563
13:37d6|Out|Cat4|1564
13:39d6|In|Cat4|1547
13:39d6|In|Cat4|1548
13:43d6|Out|Cat3|1456
13:45d6|In|Cat1|1379
13:45d6|In|Cat1|1380
13:47d6|Out|Cat4|1565
13:49d6|In|Cat4|1549
13:57d6|Out|Cat4|1566
13:59d6|In|Cat4|1551
14:00d6|Out|Cat1|1385
14:03d6|Out|Cat3|1457
14:05d6|Out|Cat2|1418
14:05d6|Out|Cat2|1419
14:07d6|Out|Cat4|1567
14:07d6|Out|Cat4|1568
14:09d6|In|Cat4|1552
14:14d6|In|Cat3|1458
14:15d6|In|Cat1|1381
14:17d6|Out|Cat4|1569
14:19d6|In|Cat4|1553
14:23d6|In|Cat2|1413
14:23d6|Out|Cat3|1458
14:27d6|Out|Cat4|1570
14:27d6|Out|Cat4|1571
14:29d6|In|Cat4|1554
14:30d6|Out|Cat1|1386
14:30d6|Out|Cat1|1387
14:34d6|In|Cat3|1459
14:37d6|Out|Cat4|1572
14:39d6|In|Cat4|1555
14:39d6|In|Cat4|1556
14:43d6|Out|Cat3|1459
14:43d6|Out|Cat3|1460
14:45d6|In|Cat1|1382
14:45d6|In|Cat1|1383
14:47d6|Out|Cat4|1573
14:49d6|In|Cat4|1557
14:54d6|In|Cat3|1460
14:57d6|Out|Cat4|1574
14:59d6|In|Cat4|1558
14:59d6|In|Cat4|1559
15:00d6|Out|Cat1|1388
15:00d6|Out|Cat1|1389
15:03d6|Out|Cat3|1461
15:05d6|Out|Cat2|1420
15:07d6|Out|Cat4|1575
15:09d6|In|Cat4|1560
15:14d6|In|Cat3|1461
15:15d6|In|Cat1|1384
15:17d6|Out|Cat4|1576
15:19d6|In|Cat4|1561
15:23d6|In|Cat2|1414
15:23d6|Out|Cat3|1462
15:23d6|In|Cat3|1463
15:27d6|Out|Cat4|1577
15:29d6|In|Cat4|1562
15:29d6|In|Cat4|1563
15:30d6|Out|Cat1|1390
15:30d6|Out|Cat1|1391
15:34d6|In|Cat3|1462
15:37d6|Out|Cat4|1578
15:37d6|Out|Cat4|1579
15:39d6|In|Cat4|1564
15:39d6|In|Cat4|1565
15:43d6|Out|Cat3|1464
15:43d6|Out|Cat3|1465
15:45d6|In|Cat1|1385
15:45d6|In|Cat1|1386
15:47d6|Out|Cat4|1580
15:49d6|In|Cat4|1566
15:54d6|In|Cat3|1463
15:57d6|Out|Cat4|1581
15:57d6|Out|Cat4|1582
15:59d6|In|Cat4|1567
15:59d6|In|Cat4|1568
16:00d6|Out|Cat1|1392
16:00d6|Out|Cat1|1393
16:03d6|Out|Cat3|1466
16:05d6|Out|Cat2|1421
16:07d6|Out|Cat4|1583
16:09d6|In|Cat4|1569
16:14d6|In|Cat3|1464
16:14d6|In|Cat3|1465
16:15d6|In|Cat1|1387
16:17d6|Out|Cat4|1584
16:19d6|In|Cat4|1570
16:23d6|In|Cat2|1416
16:23d6|Out|Cat3|1467
16:23d6|Out|Cat3|1468
16:27d6|Out|Cat4|1585
16:29d6|In|Cat4|1571
16:30d6|Out|Cat1|1394
16:30d6|Out|Cat1|1395
16:34d6|In|Cat3|1466
16:37d6|Out|Cat4|1586
16:39d6|In|Cat4|1572
16:43d6|Out|Cat3|1469
16:45d6|In|Cat1|1388
16:47d6|Out|Cat4|1587
16:49d6|In|Cat4|1573
16:54d6|In|Cat3|1467
16:54d6|In|Cat3|1468
16:57d6|Out|Cat4|1588
16:59d6|In|Cat4|1574
16:59d6|In|Cat4|1575
17:00d6|Out|Cat1|1396
17:03d6|Out|Cat3|1470
17:05d6|Out|Cat2|1422
17:07d6|Out|Cat4|1589
17:07d6|Out|Cat4|1590
17:09d6|In|Cat4|1576
17:14d6|In|Cat3|1469
17:15d6|In|Cat1|1389
17:15d6|In|Cat1|1390
17:17d6|Out|Cat4|1591
17:17d6|Out|Cat4|1592
17:19d6|In|Cat4|1577
17:19d6|In|Cat4|1578
17:23d6|In|Cat2|1417
17:23d6|Out|Cat3|1471
17:27d6|Out|Cat4|1593
17:29d6|In|Cat4|1579
17:30d6|Out|Cat1|1397
17:30d6|Out|Cat1|1398
17:34d6|In|Cat3|1470
17:37d6|Out|Cat4|1594
17:39d6|In|Cat4|1580
17:43d6|Out|Cat3|1472
17:43d6|Out|Cat3|1473
17:45d6|In|Cat1|1391
17:45d6|In|Cat1|1392
17:47d6|Out|Cat4|1595
17:49d6|In|Cat4|1581
17:54d6|In|Cat3|1471
17:54d6|In|Cat3|1472
17:57d6|Out|Cat4|1596
17:59d6|In|Cat4|1582
18:00d6|Out|Cat1|1399
18:00d6|Out|Cat1|1400
18:03d6|Out|Cat3|1474
18:05d6|Out|Cat2|1423
18:07d6|Out|Cat4|1597
18:09d6|In|Cat4|1583
18:14d6|In|Cat3|1473
18:15d6|In|Cat1|1393
18:15d6|In|Cat1|1394
18:17d6|Out|Cat4|1598
18:17d6|Out|Cat4|1599
18:19d6|In|Cat4|1584
18:19d6|In|Cat4|1585
18:23d6|In|Cat2|1418
18:23d6|Out|Cat3|1475
18:27d6|Out|Cat4|1600
18:29d6|In|Cat4|1586
18:30d6|Out|Cat1|1401
18:34d6|In|Cat3|1474
18:37d6|Out|Cat4|1601
18:39d6|In|Cat4|1587
18:39d6|In|Cat4|1588
18:43d6|Out|Cat3|1476
18:45d6|In|Cat1|1395
18:47d6|Out|Cat4|1602
18:49d6|In|Cat4|1589
18:54d6|In|Cat3|1475
18:57d6|Out|Cat4|1603
18:59d6|In|Cat4|1590
19:00d6|Out|Cat1|1402
19:03d6|Out|Cat3|1477
19:03d6|Out|Cat3|1478
19:05d6|Out|Cat2|1424
19:07d6|Out|Cat4|1604
19:09d6|In|Cat4|1591
19:14d6|In|Cat3|1476
19:15d6|In|Cat1|1396
19:17d6|Out|Cat4|1605
19:19d6|In|Cat4|1592
19:23d6|In|Cat2|1419
19:23d6|Out|Cat3|1479
19:27d6|Out|Cat4|1606
19:27d6|Out|Cat4|1607
19:29d6|In|Cat4|1593
19:30d6|Out|Cat1|1403
19:34d6|In|Cat3|1477
19:37d6|Out|Cat4|1608
19:39d6|In|Cat4|1594
19:43d6|Out|Cat3|1480
19:45d6|In|Cat1|1397
19:47d6|Out|Cat4|1609
19:47d6|Out|Cat4|1610
19:49d6|In|Cat4|1595
19:54d6|In|Cat3|1478
19:57d6|Out|Cat4|1611
19:59d6|In|Cat4|1596
20:00d6|Out|Cat1|1404
20:00d6|Out|Cat1|1405
20:03d6|Out|Cat3|1481
20:05d6|Out|Cat2|1425
20:07d6|Out|Cat4|1612
20:07d6|Out|Cat4|1613
20:09d6|In|Cat4|1597
20:14d6|In|Cat3|1479
20:15d6|In|Cat1|1398
20:17d6|Out|Cat4|1614
20:19d6|In|Cat4|1598
20:23d6|In|Cat2|1420
20:23d6|Out|Cat3|1482
20:23d6|In|Cat3|1483
20:27d6|Out|Cat4|1615
20:29d6|In|Cat4|1599
20:30d6|Out|Cat1|1406
20:34d6|In|Cat3|1480
20:37d6|Out|Cat4|1616
20:37d6|Out|Cat4|1617
20:39d6|In|Cat4|1600
20:43d6|Out|Cat3|1484
20:43d6|Out|Cat3|1485
20:45d6|In|Cat1|1399
20:47d6|Out|Cat4|1618
20:47d6|Out|Cat4|1619
20:49d6|In|Cat4|1601
20:54d6|In|Cat3|1481
20:54d6|In|Cat3|1482
20:57d6|Out|Cat4|1620
20:59d6|In|Cat4|1602
21:00d6|Out|Cat1|1407
21:00d6|Out|Cat1|1408
21:03d6|In|Cat3|1486
21:05d6|Out|Cat2|1426
21:07d6|Out|Cat4|1621
21:09d6|In|Cat4|1603
21:09d6|In|Cat4|1604
21:14d6|In|Cat3|1483
21:15d6|In|Cat1|1400
21:17d6|Out|Cat4|1622
21:19d6|In|Cat4|1605
21:23d6|In|Cat2|1421
21:23d6|Out|Cat3|1487
21:23d6|Out|Cat3|1488
21:27d6|Out|Cat4|1623
21:29d6|In|Cat4|1606
21:30d6|Out|Cat1|1409
21:34d6|In|Cat3|1484
21:37d6|Out|Cat4|1624
21:39d6|In|Cat4|1607
21:43d6|In|Cat3|1489
21:43d6|In|Cat3|1490
21:45d6|In|Cat1|1401
21:47d6|Out|Cat4|1625
21:49d6|In|Cat4|1608
21:54d6|In|Cat3|1485
21:57d6|Out|Cat4|1626
21:59d6|In|Cat4|1609
22:03d6|Out|Cat3|1491
22:05d6|Out|Cat2|1427
22:07d6|Out|Cat4|1627
22:09d6|In|Cat4|1610
22:15d6|In|Cat1|1402
22:17d6|Out|Cat4|1628
22:19d6|In|Cat4|1611
22:23d6|In|Cat2|1423
22:23d6|Out|Cat3|1492
22:27d6|Out|Cat4|1629
22:29d6|In|Cat4|1612
22:37d6|Out|Cat4|1630
22:37d6|Out|Cat4|1631
22:39d6|In|Cat4|1613
22:47d6|Out|Cat4|1632
22:49d6|In|Cat4|1614
22:57d6|Out|Cat4|1634
22:59d6|In|Cat4|1615
22:59d6|In|Cat4|1616
23:07d6|Out|Cat4|1635
23:07d6|Out|Cat4|1636
23:09d6|In|Cat4|1617
23:09d6|In|Cat4|1618
23:17d6|Out|Cat4|1637
23:17d6|Out|Cat4|1638
23:19d6|In|Cat4|1619
23:27d6|Out|Cat4|1639
