{
  "id" : "n030w8",
  "numberOfWeeks" : 8,
  "skills" : [ "HeadNurse", "Nurse", "Caretaker", "Trainee" ],
  "shiftTypes" : [ {
    "id" : "Early",
    "minimumNumberOfConsecutiveAssignments" : 2,
    "maximumNumberOfConsecutiveAssignments" : 5
  }, {
    "id" : "Day",
    "minimumNumberOfConsecutiveAssignments" : 2,
    "maximumNumberOfConsecutiveAssignments" : 56
  }, {
    "id" : "Late",
    "minimumNumberOfConsecutiveAssignments" : 2,
    "maximumNumberOfConsecutiveAssignments" : 5
  }, {
    "id" : "Night",
    "minimumNumberOfConsecutiveAssignments" : 3,
    "maximumNumberOfConsecutiveAssignments" : 5
  } ],
  "forbiddenShiftTypeSuccessions" : [ {
    "precedingShiftType" : "Early",
    "succeedingShiftTypes" : [ ]
  }, {
    "precedingShiftType" : "Day",
    "succeedingShiftTypes" : [ "Early" ]
  }, {
    "precedingShiftType" : "Late",
    "succeedingShiftTypes" : [ "Early", "Day" ]
  }, {
    "precedingShiftType" : "Night",
    "succeedingShiftTypes" : [ "Early", "Day", "Late" ]
  } ],
  "contracts" : [ {
    "id" : "FullTime",
    "minimumNumberOfAssignments" : 25,
    "maximumNumberOfAssignments" : 40,
    "minimumNumberOfConsecutiveWorkingDays" : 3,
    "maximumNumberOfConsecutiveWorkingDays" : 5,
    "minimumNumberOfConsecutiveDaysOff" : 2,
    "maximumNumberOfConsecutiveDaysOff" : 3,
    "maximumNumberOfWorkingWeekends" : 4,
    "completeWeekends" : 1
  }, {
    "id" : "PartTime",
    "minimumNumberOfAssignments" : 15,
    "maximumNumberOfAssignments" : 25,
    "minimumNumberOfConsecutiveWorkingDays" : 3,
    "maximumNumberOfConsecutiveWorkingDays" : 5,
    "minimumNumberOfConsecutiveDaysOff" : 2,
    "maximumNumberOfConsecutiveDaysOff" : 4,
    "maximumNumberOfWorkingWeekends" : 4,
    "completeWeekends" : 1
  }, {
    "id" : "HalfTime",
    "minimumNumberOfAssignments" : 10,
    "maximumNumberOfAssignments" : 20,
    "minimumNumberOfConsecutiveWorkingDays" : 2,
    "maximumNumberOfConsecutiveWorkingDays" : 4,
    "minimumNumberOfConsecutiveDaysOff" : 2,
    "maximumNumberOfConsecutiveDaysOff" : 5,
    "maximumNumberOfWorkingWeekends" : 2,
    "completeWeekends" : 1
  } ],
  "nurses" : [ {
    "id" : "HN_0",
    "contract" : "FullTime",
    "skills" : [ "HeadNurse", "Nurse", "Caretaker" ]
  }, {
    "id" : "HN_1",
    "contract" : "HalfTime",
    "skills" : [ "HeadNurse", "Nurse", "Caretaker" ]
  }, {
    "id" : "HN_2",
    "contract" : "HalfTime",
    "skills" : [ "HeadNurse", "Nurse" ]
  }, {
    "id" : "HN_3",
    "contract" : "PartTime",
    "skills" : [ "HeadNurse", "Nurse" ]
  }, {
    "id" : "NU_4",
    "contract" : "HalfTime",
    "skills" : [ "Nurse", "Caretaker" ]
  }, {
    "id" : "NU_5",
    "contract" : "HalfTime",
    "skills" : [ "Nurse", "Caretaker" ]
  }, {
    "id" : "NU_6",
    "contract" : "FullTime",
    "skills" : [ "Nurse", "Caretaker" ]
  }, {
    "id" : "NU_7",
    "contract" : "PartTime",
    "skills" : [ "Nurse", "Caretaker" ]
  }, {
    "id" : "NU_8",
    "contract" : "FullTime",
    "skills" : [ "Nurse", "Caretaker" ]
  }, {
    "id" : "NU_9",
    "contract" : "HalfTime",
    "skills" : [ "Nurse", "Caretaker" ]
  }, {
    "id" : "NU_10",
    "contract" : "PartTime",
    "skills" : [ "Nurse", "Caretaker" ]
  }, {
    "id" : "NU_11",
    "contract" : "FullTime",
    "skills" : [ "Nurse", "Caretaker" ]
  }, {
    "id" : "NU_12",
    "contract" : "PartTime",
    "skills" : [ "Nurse", "Caretaker" ]
  }, {
    "id" : "NU_13",
    "contract" : "HalfTime",
    "skills" : [ "Nurse", "Caretaker" ]
  }, {
    "id" : "NU_14",
    "contract" : "FullTime",
    "skills" : [ "Nurse", "Caretaker" ]
  }, {
    "id" : "NU_15",
    "contract" : "FullTime",
    "skills" : [ "Nurse", "Caretaker" ]
  }, {
    "id" : "NU_16",
    "contract" : "HalfTime",
    "skills" : [ "Nurse", "Caretaker" ]
  }, {
    "id" : "CT_17",
    "contract" : "FullTime",
    "skills" : [ "Caretaker" ]
  }, {
    "id" : "CT_18",
    "contract" : "HalfTime",
    "skills" : [ "Caretaker" ]
  }, {
    "id" : "CT_19",
    "contract" : "FullTime",
    "skills" : [ "Caretaker" ]
  }, {
    "id" : "CT_20",
    "contract" : "PartTime",
    "skills" : [ "Caretaker" ]
  }, {
    "id" : "CT_21",
    "contract" : "PartTime",
    "skills" : [ "Caretaker" ]
  }, {
    "id" : "CT_22",
    "contract" : "FullTime",
    "skills" : [ "Caretaker" ]
  }, {
    "id" : "CT_23",
    "contract" : "FullTime",
    "skills" : [ "Caretaker" ]
  }, {
    "id" : "CT_24",
    "contract" : "FullTime",
    "skills" : [ "Caretaker" ]
  }, {
    "id" : "TR_25",
    "contract" : "PartTime",
    "skills" : [ "Trainee" ]
  }, {
    "id" : "TR_26",
    "contract" : "PartTime",
    "skills" : [ "Trainee" ]
  }, {
    "id" : "TR_27",
    "contract" : "HalfTime",
    "skills" : [ "Trainee" ]
  }, {
    "id" : "TR_28",
    "contract" : "FullTime",
    "skills" : [ "Trainee" ]
  }, {
    "id" : "TR_29",
    "contract" : "HalfTime",
    "skills" : [ "Trainee" ]
  } ]
}