{
  "week" : 0,
  "scenario" : "n012w8",
  "nurseHistory" : [ {
    "nurse" : "Alice",
    "numberOfAssignments" : 0,
    "numberOfWorkingWeekends" : 0,
    "lastAssignedShiftType" : "Day",
    "numberOfConsecutiveAssignments" : 1,
    "numberOfConsecutiveWorkingDays" : 4,
    "numberOfConsecutiveDaysOff" : 0
  }, {
    "nurse" : "Bob",
    "numberOfAssignments" : 0,
    "numberOfWorkingWeekends" : 0,
    "lastAssignedShiftType" : "Day",
    "numberOfConsecutiveAssignments" : 2,
    "numberOfConsecutiveWorkingDays" : 4,
    "numberOfConsecutiveDaysOff" : 0
  }, {
    "nurse" : "John",
    "numberOfAssignments" : 0,
    "numberOfWorkingWeekends" : 0,
    "lastAssignedShiftType" : "Late",
    "numberOfConsecutiveAssignments" : 2,
    "numberOfConsecutiveWorkingDays" : 2,
    "numberOfConsecutiveDaysOff" : 0
  }, {
    "nurse" : "Kate",
    "numberOfAssignments" : 0,
    "numberOfWorkingWeekends" : 0,
    "lastAssignedShiftType" : "Night",
    "numberOfConsecutiveAssignments" : 2,
    "numberOfConsecutiveWorkingDays" : 3,
    "numberOfConsecutiveDaysOff" : 0
  }, {
    "nurse" : "Mary",
    "numberOfAssignments" : 0,
    "numberOfWorkingWeekends" : 0,
    "lastAssignedShiftType" : "None",
    "numberOfConsecutiveAssignments" : 0,
    "numberOfConsecutiveWorkingDays" : 0,
    "numberOfConsecutiveDaysOff" : 1
  }, {
    "nurse" : "Paul",
    "numberOfAssignments" : 0,
    "numberOfWorkingWeekends" : 0,
    "lastAssignedShiftType" : "None",
    "numberOfConsecutiveAssignments" : 0,
    "numberOfConsecutiveWorkingDays" : 0,
    "numberOfConsecutiveDaysOff" : 2
  }, {
    "nurse" : "Arthur",
    "numberOfAssignments" : 0,
    "numberOfWorkingWeekends" : 0,
    "lastAssignedShiftType" : "Early",
    "numberOfConsecutiveAssignments" : 2,
    "numberOfConsecutiveWorkingDays" : 2,
    "numberOfConsecutiveDaysOff" : 0
  }, {
    "nurse" : "Pier",
    "numberOfAssignments" : 0,
    "numberOfWorkingWeekends" : 0,
    "lastAssignedShiftType" : "None",
    "numberOfConsecutiveAssignments" : 0,
    "numberOfConsecutiveWorkingDays" : 0,
    "numberOfConsecutiveDaysOff" : 2
  }, {
    "nurse" : "Lucy",
    "numberOfAssignments" : 0,
    "numberOfWorkingWeekends" : 0,
    "lastAssignedShiftType" : "None",
    "numberOfConsecutiveAssignments" : 0,
    "numberOfConsecutiveWorkingDays" : 0,
    "numberOfConsecutiveDaysOff" : 5
  }, {
    "nurse" : "Maggie",
    "numberOfAssignments" : 0,
    "numberOfWorkingWeekends" : 0,
    "lastAssignedShiftType" : "None",
    "numberOfConsecutiveAssignments" : 0,
    "numberOfConsecutiveWorkingDays" : 0,
    "numberOfConsecutiveDaysOff" : 2
  }, {
    "nurse" : "Patrick",
    "numberOfAssignments" : 0,
    "numberOfWorkingWeekends" : 0,
    "lastAssignedShiftType" : "None",
    "numberOfConsecutiveAssignments" : 0,
    "numberOfConsecutiveWorkingDays" : 0,
    "numberOfConsecutiveDaysOff" : 2
  }, {
    "nurse" : "Jane",
    "numberOfAssignments" : 0,
    "numberOfWorkingWeekends" : 0,
    "lastAssignedShiftType" : "None",
    "numberOfConsecutiveAssignments" : 0,
    "numberOfConsecutiveWorkingDays" : 0,
    "numberOfConsecutiveDaysOff" : 2
  } ]
}