{
  "week" : 0,
  "scenario" : "n021w4_2",
  "nurseHistory" : [ {
    "nurse" : "HN_0",
    "numberOfAssignments" : 0,
    "numberOfWorkingWeekends" : 0,
    "lastAssignedShiftType" : "Night",
    "numberOfConsecutiveAssignments" : 1,
    "numberOfConsecutiveWorkingDays" : 5,
    "numberOfConsecutiveDaysOff" : 0
  }, {
    "nurse" : "HN_1",
    "numberOfAssignments" : 0,
    "numberOfWorkingWeekends" : 0,
    "lastAssignedShiftType" : "None",
    "numberOfConsecutiveAssignments" : 0,
    "numberOfConsecutiveWorkingDays" : 0,
    "numberOfConsecutiveDaysOff" : 3
  }, {
    "nurse" : "HN_2",
    "numberOfAssignments" : 0,
    "numberOfWorkingWeekends" : 0,
    "lastAssignedShiftType" : "None",
    "numberOfConsecutiveAssignments" : 0,
    "numberOfConsecutiveWorkingDays" : 0,
    "numberOfConsecutiveDaysOff" : 3
  }, {
    "nurse" : "NU_3",
    "numberOfAssignments" : 0,
    "numberOfWorkingWeekends" : 0,
    "lastAssignedShiftType" : "Day",
    "numberOfConsecutiveAssignments" : 2,
    "numberOfConsecutiveWorkingDays" : 2,
    "numberOfConsecutiveDaysOff" : 0
  }, {
    "nurse" : "NU_4",
    "numberOfAssignments" : 0,
    "numberOfWorkingWeekends" : 0,
    "lastAssignedShiftType" : "Night",
    "numberOfConsecutiveAssignments" : 2,
    "numberOfConsecutiveWorkingDays" : 2,
    "numberOfConsecutiveDaysOff" : 0
  }, {
    "nurse" : "NU_5",
    "numberOfAssignments" : 0,
    "numberOfWorkingWeekends" : 0,
    "lastAssignedShiftType" : "Late",
    "numberOfConsecutiveAssignments" : 5,
    "numberOfConsecutiveWorkingDays" : 5,
    "numberOfConsecutiveDaysOff" : 0
  }, {
    "nurse" : "NU_6",
    "numberOfAssignments" : 0,
    "numberOfWorkingWeekends" : 0,
    "lastAssignedShiftType" : "Day",
    "numberOfConsecutiveAssignments" : 1,
    "numberOfConsecutiveWorkingDays" : 5,
    "numberOfConsecutiveDaysOff" : 0
  }, {
    "nurse" : "NU_7",
    "numberOfAssignments" : 0,
    "numberOfWorkingWeekends" : 0,
    "lastAssignedShiftType" : "Night",
    "numberOfConsecutiveAssignments" : 4,
    "numberOfConsecutiveWorkingDays" : 4,
    "numberOfConsecutiveDaysOff" : 0
  }, {
    "nurse" : "NU_8",
    "numberOfAssignments" : 0,
    "numberOfWorkingWeekends" : 0,
    "lastAssignedShiftType" : "Early",
    "numberOfConsecutiveAssignments" : 2,
    "numberOfConsecutiveWorkingDays" : 4,
    "numberOfConsecutiveDaysOff" : 0
  }, {
    "nurse" : "NU_9",
    "numberOfAssignments" : 0,
    "numberOfWorkingWeekends" : 0,
    "lastAssignedShiftType" : "Night",
    "numberOfConsecutiveAssignments" : 2,
    "numberOfConsecutiveWorkingDays" : 2,
    "numberOfConsecutiveDaysOff" : 0
  }, {
    "nurse" : "NU_10",
    "numberOfAssignments" : 0,
    "numberOfWorkingWeekends" : 0,
    "lastAssignedShiftType" : "None",
    "numberOfConsecutiveAssignments" : 0,
    "numberOfConsecutiveWorkingDays" : 0,
    "numberOfConsecutiveDaysOff" : 3
  }, {
    "nurse" : "CT_11",
    "numberOfAssignments" : 0,
    "numberOfWorkingWeekends" : 0,
    "lastAssignedShiftType" : "None",
    "numberOfConsecutiveAssignments" : 0,
    "numberOfConsecutiveWorkingDays" : 0,
    "numberOfConsecutiveDaysOff" : 5
  }, {
    "nurse" : "CT_12",
    "numberOfAssignments" : 0,
    "numberOfWorkingWeekends" : 0,
    "lastAssignedShiftType" : "None",
    "numberOfConsecutiveAssignments" : 0,
    "numberOfConsecutiveWorkingDays" : 0,
    "numberOfConsecutiveDaysOff" : 2
  }, {
    "nurse" : "CT_13",
    "numberOfAssignments" : 0,
    "numberOfWorkingWeekends" : 0,
    "lastAssignedShiftType" : "Late",
    "numberOfConsecutiveAssignments" : 5,
    "numberOfConsecutiveWorkingDays" : 5,
    "numberOfConsecutiveDaysOff" : 0
  }, {
    "nurse" : "CT_14",
    "numberOfAssignments" : 0,
    "numberOfWorkingWeekends" : 0,
    "lastAssignedShiftType" : "None",
    "numberOfConsecutiveAssignments" : 0,
    "numberOfConsecutiveWorkingDays" : 0,
    "numberOfConsecutiveDaysOff" : 3
  }, {
    "nurse" : "CT_15",
    "numberOfAssignments" : 0,
    "numberOfWorkingWeekends" : 0,
    "lastAssignedShiftType" : "None",
    "numberOfConsecutiveAssignments" : 0,
    "numberOfConsecutiveWorkingDays" : 0,
    "numberOfConsecutiveDaysOff" : 5
  }, {
    "nurse" : "TR_16",
    "numberOfAssignments" : 0,
    "numberOfWorkingWeekends" : 0,
    "lastAssignedShiftType" : "None",
    "numberOfConsecutiveAssignments" : 0,
    "numberOfConsecutiveWorkingDays" : 0,
    "numberOfConsecutiveDaysOff" : 2
  }, {
    "nurse" : "TR_17",
    "numberOfAssignments" : 0,
    "numberOfWorkingWeekends" : 0,
    "lastAssignedShiftType" : "Day",
    "numberOfConsecutiveAssignments" : 2,
    "numberOfConsecutiveWorkingDays" : 2,
    "numberOfConsecutiveDaysOff" : 0
  }, {
    "nurse" : "TR_18",
    "numberOfAssignments" : 0,
    "numberOfWorkingWeekends" : 0,
    "lastAssignedShiftType" : "Late",
    "numberOfConsecutiveAssignments" : 1,
    "numberOfConsecutiveWorkingDays" : 3,
    "numberOfConsecutiveDaysOff" : 0
  }, {
    "nurse" : "TR_19",
    "numberOfAssignments" : 0,
    "numberOfWorkingWeekends" : 0,
    "lastAssignedShiftType" : "Night",
    "numberOfConsecutiveAssignments" : 4,
    "numberOfConsecutiveWorkingDays" : 4,
    "numberOfConsecutiveDaysOff" : 0
  }, {
    "nurse" : "TR_20",
    "numberOfAssignments" : 0,
    "numberOfWorkingWeekends" : 0,
    "lastAssignedShiftType" : "None",
    "numberOfConsecutiveAssignments" : 0,
    "numberOfConsecutiveWorkingDays" : 0,
    "numberOfConsecutiveDaysOff" : 2
  } ]
}