<WeekData 
xsi:noNamespaceSchemaLocation="WeekData.xsd" xmlns:xsi="http://www.w3.org/2001/XMLSchema-instance">
    <Scenario>n110w32</Scenario>
    <Requirements>
        <Requirement>
            <ShiftType>Early</ShiftType>
            <Skill>HeadNurse</Skill>
            <RequirementOnMonday>
                <Minimum>1</Minimum>
                <Optimal>1</Optimal>
            </RequirementOnMonday>
            <RequirementOnTuesday>
                <Minimum>1</Minimum>
                <Optimal>2</Optimal>
            </RequirementOnTuesday>
            <RequirementOnWednesday>
                <Minimum>2</Minimum>
                <Optimal>2</Optimal>
            </RequirementOnWednesday>
            <RequirementOnThursday>
                <Minimum>2</Minimum>
                <Optimal>2</Optimal>
            </RequirementOnThursday>
            <RequirementOnFriday>
                <Minimum>2</Minimum>
                <Optimal>2</Optimal>
            </RequirementOnFriday>
            <RequirementOnSaturday>
                <Minimum>1</Minimum>
                <Optimal>1</Optimal>
            </RequirementOnSaturday>
            <RequirementOnSunday>
                <Minimum>0</Minimum>
                <Optimal>0</Optimal>
            </RequirementOnSunday>
        </Requirement>
        <Requirement>
            <ShiftType>Early</ShiftType>
            <Skill>Nurse</Skill>
            <RequirementOnMonday>
                <Minimum>1</Minimum>
                <Optimal>3</Optimal>
            </RequirementOnMonday>
            <RequirementOnTuesday>
                <Minimum>4</Minimum>
                <Optimal>4</Optimal>
            </RequirementOnTuesday>
            <RequirementOnWednesday>
                <Minimum>3</Minimum>
                <Optimal>3</Optimal>
            </RequirementOnWednesday>
            <RequirementOnThursday>
                <Minimum>2</Minimum>
                <Optimal>2</Optimal>
            </RequirementOnThursday>
            <RequirementOnFriday>
                <Minimum>2</Minimum>
                <Optimal>3</Optimal>
            </RequirementOnFriday>
            <RequirementOnSaturday>
                <Minimum>2</Minimum>
                <Optimal>2</Optimal>
            </RequirementOnSaturday>
            <RequirementOnSunday>
                <Minimum>2</Minimum>
                <Optimal>2</Optimal>
            </RequirementOnSunday>
        </Requirement>
        <Requirement>
            <ShiftType>Early</ShiftType>
            <Skill>Caretaker</Skill>
            <RequirementOnMonday>
                <Minimum>3</Minimum>
                <Optimal>6</Optimal>
            </RequirementOnMonday>
            <RequirementOnTuesday>
                <Minimum>5</Minimum>
                <Optimal>7</Optimal>
            </RequirementOnTuesday>
            <RequirementOnWednesday>
                <Minimum>6</Minimum>
                <Optimal>7</Optimal>
            </RequirementOnWednesday>
            <RequirementOnThursday>
                <Minimum>4</Minimum>
                <Optimal>6</Optimal>
            </RequirementOnThursday>
            <RequirementOnFriday>
                <Minimum>6</Minimum>
                <Optimal>8</Optimal>
            </RequirementOnFriday>
            <RequirementOnSaturday>
                <Minimum>3</Minimum>
                <Optimal>3</Optimal>
            </RequirementOnSaturday>
            <RequirementOnSunday>
                <Minimum>2</Minimum>
                <Optimal>2</Optimal>
            </RequirementOnSunday>
        </Requirement>
        <Requirement>
            <ShiftType>Early</ShiftType>
            <Skill>Trainee</Skill>
            <RequirementOnMonday>
                <Minimum>3</Minimum>
                <Optimal>3</Optimal>
            </RequirementOnMonday>
            <RequirementOnTuesday>
                <Minimum>3</Minimum>
                <Optimal>4</Optimal>
            </RequirementOnTuesday>
            <RequirementOnWednesday>
                <Minimum>3</Minimum>
                <Optimal>3</Optimal>
            </RequirementOnWednesday>
            <RequirementOnThursday>
                <Minimum>2</Minimum>
                <Optimal>3</Optimal>
            </RequirementOnThursday>
            <RequirementOnFriday>
                <Minimum>2</Minimum>
                <Optimal>3</Optimal>
            </RequirementOnFriday>
            <RequirementOnSaturday>
                <Minimum>0</Minimum>
                <Optimal>1</Optimal>
            </RequirementOnSaturday>
            <RequirementOnSunday>
                <Minimum>1</Minimum>
                <Optimal>1</Optimal>
            </RequirementOnSunday>
        </Requirement>
        <Requirement>
            <ShiftType>Day</ShiftType>
            <Skill>HeadNurse</Skill>
            <RequirementOnMonday>
                <Minimum>1</Minimum>
                <Optimal>2</Optimal>
            </RequirementOnMonday>
            <RequirementOnTuesday>
                <Minimum>2</Minimum>
                <Optimal>2</Optimal>
            </RequirementOnTuesday>
            <RequirementOnWednesday>
                <Minimum>0</Minimum>
                <Optimal>1</Optimal>
            </RequirementOnWednesday>
            <RequirementOnThursday>
                <Minimum>2</Minimum>
                <Optimal>2</Optimal>
            </RequirementOnThursday>
            <RequirementOnFriday>
                <Minimum>0</Minimum>
                <Optimal>1</Optimal>
            </RequirementOnFriday>
            <RequirementOnSaturday>
                <Minimum>1</Minimum>
                <Optimal>1</Optimal>
            </RequirementOnSaturday>
            <RequirementOnSunday>
                <Minimum>0</Minimum>
                <Optimal>1</Optimal>
            </RequirementOnSunday>
        </Requirement>
        <Requirement>
            <ShiftType>Day</ShiftType>
            <Skill>Nurse</Skill>
            <RequirementOnMonday>
                <Minimum>3</Minimum>
                <Optimal>3</Optimal>
            </RequirementOnMonday>
            <RequirementOnTuesday>
                <Minimum>1</Minimum>
                <Optimal>1</Optimal>
            </RequirementOnTuesday>
            <RequirementOnWednesday>
                <Minimum>1</Minimum>
                <Optimal>3</Optimal>
            </RequirementOnWednesday>
            <RequirementOnThursday>
                <Minimum>3</Minimum>
                <Optimal>3</Optimal>
            </RequirementOnThursday>
            <RequirementOnFriday>
                <Minimum>2</Minimum>
                <Optimal>3</Optimal>
            </RequirementOnFriday>
            <RequirementOnSaturday>
                <Minimum>1</Minimum>
                <Optimal>1</Optimal>
            </RequirementOnSaturday>
            <RequirementOnSunday>
                <Minimum>2</Minimum>
                <Optimal>2</Optimal>
            </RequirementOnSunday>
        </Requirement>
        <Requirement>
            <ShiftType>Day</ShiftType>
            <Skill>Caretaker</Skill>
            <RequirementOnMonday>
                <Minimum>7</Minimum>
                <Optimal>9</Optimal>
            </RequirementOnMonday>
            <RequirementOnTuesday>
                <Minimum>5</Minimum>
                <Optimal>8</Optimal>
            </RequirementOnTuesday>
            <RequirementOnWednesday>
                <Minimum>5</Minimum>
                <Optimal>7</Optimal>
            </RequirementOnWednesday>
            <RequirementOnThursday>
                <Minimum>6</Minimum>
                <Optimal>8</Optimal>
            </RequirementOnThursday>
            <RequirementOnFriday>
                <Minimum>6</Minimum>
                <Optimal>8</Optimal>
            </RequirementOnFriday>
            <RequirementOnSaturday>
                <Minimum>2</Minimum>
                <Optimal>2</Optimal>
            </RequirementOnSaturday>
            <RequirementOnSunday>
                <Minimum>3</Minimum>
                <Optimal>4</Optimal>
            </RequirementOnSunday>
        </Requirement>
        <Requirement>
            <ShiftType>Day</ShiftType>
            <Skill>Trainee</Skill>
            <RequirementOnMonday>
                <Minimum>2</Minimum>
                <Optimal>3</Optimal>
            </RequirementOnMonday>
            <RequirementOnTuesday>
                <Minimum>4</Minimum>
                <Optimal>4</Optimal>
            </RequirementOnTuesday>
            <RequirementOnWednesday>
                <Minimum>4</Minimum>
                <Optimal>4</Optimal>
            </RequirementOnWednesday>
            <RequirementOnThursday>
                <Minimum>4</Minimum>
                <Optimal>4</Optimal>
            </RequirementOnThursday>
            <RequirementOnFriday>
                <Minimum>2</Minimum>
                <Optimal>3</Optimal>
            </RequirementOnFriday>
            <RequirementOnSaturday>
                <Minimum>1</Minimum>
                <Optimal>2</Optimal>
            </RequirementOnSaturday>
            <RequirementOnSunday>
                <Minimum>0</Minimum>
                <Optimal>1</Optimal>
            </RequirementOnSunday>
        </Requirement>
        <Requirement>
            <ShiftType>Late</ShiftType>
            <Skill>HeadNurse</Skill>
            <RequirementOnMonday>
                <Minimum>1</Minimum>
                <Optimal>1</Optimal>
            </RequirementOnMonday>
            <RequirementOnTuesday>
                <Minimum>1</Minimum>
                <Optimal>1</Optimal>
            </RequirementOnTuesday>
            <RequirementOnWednesday>
                <Minimum>1</Minimum>
                <Optimal>1</Optimal>
            </RequirementOnWednesday>
            <RequirementOnThursday>
                <Minimum>0</Minimum>
                <Optimal>0</Optimal>
            </RequirementOnThursday>
            <RequirementOnFriday>
                <Minimum>2</Minimum>
                <Optimal>2</Optimal>
            </RequirementOnFriday>
            <RequirementOnSaturday>
                <Minimum>1</Minimum>
                <Optimal>1</Optimal>
            </RequirementOnSaturday>
            <RequirementOnSunday>
                <Minimum>0</Minimum>
                <Optimal>1</Optimal>
            </RequirementOnSunday>
        </Requirement>
        <Requirement>
            <ShiftType>Late</ShiftType>
            <Skill>Nurse</Skill>
            <RequirementOnMonday>
                <Minimum>1</Minimum>
                <Optimal>1</Optimal>
            </RequirementOnMonday>
            <RequirementOnTuesday>
                <Minimum>1</Minimum>
                <Optimal>1</Optimal>
            </RequirementOnTuesday>
            <RequirementOnWednesday>
                <Minimum>3</Minimum>
                <Optimal>3</Optimal>
            </RequirementOnWednesday>
            <RequirementOnThursday>
                <Minimum>1</Minimum>
                <Optimal>2</Optimal>
            </RequirementOnThursday>
            <RequirementOnFriday>
                <Minimum>1</Minimum>
                <Optimal>2</Optimal>
            </RequirementOnFriday>
            <RequirementOnSaturday>
                <Minimum>2</Minimum>
                <Optimal>2</Optimal>
            </RequirementOnSaturday>
            <RequirementOnSunday>
                <Minimum>1</Minimum>
                <Optimal>2</Optimal>
            </RequirementOnSunday>
        </Requirement>
        <Requirement>
            <ShiftType>Late</ShiftType>
            <Skill>Caretaker</Skill>
            <RequirementOnMonday>
                <Minimum>5</Minimum>
                <Optimal>6</Optimal>
            </RequirementOnMonday>
            <RequirementOnTuesday>
                <Minimum>7</Minimum>
                <Optimal>7</Optimal>
            </RequirementOnTuesday>
            <RequirementOnWednesday>
                <Minimum>6</Minimum>
                <Optimal>8</Optimal>
            </RequirementOnWednesday>
            <RequirementOnThursday>
                <Minimum>6</Minimum>
                <Optimal>7</Optimal>
            </RequirementOnThursday>
            <RequirementOnFriday>
                <Minimum>6</Minimum>
                <Optimal>8</Optimal>
            </RequirementOnFriday>
            <RequirementOnSaturday>
                <Minimum>2</Minimum>
                <Optimal>3</Optimal>
            </RequirementOnSaturday>
            <RequirementOnSunday>
                <Minimum>4</Minimum>
                <Optimal>4</Optimal>
            </RequirementOnSunday>
        </Requirement>
        <Requirement>
            <ShiftType>Late</ShiftType>
            <Skill>Trainee</Skill>
            <RequirementOnMonday>
                <Minimum>3</Minimum>
                <Optimal>5</Optimal>
            </RequirementOnMonday>
            <RequirementOnTuesday>
                <Minimum>3</Minimum>
                <Optimal>3</Optimal>
            </RequirementOnTuesday>
            <RequirementOnWednesday>
                <Minimum>3</Minimum>
                <Optimal>3</Optimal>
            </RequirementOnWednesday>
            <RequirementOnThursday>
                <Minimum>3</Minimum>
                <Optimal>4</Optimal>
            </RequirementOnThursday>
            <RequirementOnFriday>
                <Minimum>2</Minimum>
                <Optimal>3</Optimal>
            </RequirementOnFriday>
            <RequirementOnSaturday>
                <Minimum>1</Minimum>
                <Optimal>2</Optimal>
            </RequirementOnSaturday>
            <RequirementOnSunday>
                <Minimum>1</Minimum>
                <Optimal>1</Optimal>
            </RequirementOnSunday>
        </Requirement>
        <Requirement>
            <ShiftType>Night</ShiftType>
            <Skill>HeadNurse</Skill>
            <RequirementOnMonday>
                <Minimum>1</Minimum>
                <Optimal>1</Optimal>
            </RequirementOnMonday>
            <RequirementOnTuesday>
                <Minimum>0</Minimum>
                <Optimal>1</Optimal>
            </RequirementOnTuesday>
            <RequirementOnWednesday>
                <Minimum>1</Minimum>
                <Optimal>2</Optimal>
            </RequirementOnWednesday>
            <RequirementOnThursday>
                <Minimum>1</Minimum>
                <Optimal>2</Optimal>
            </RequirementOnThursday>
            <RequirementOnFriday>
                <Minimum>2</Minimum>
                <Optimal>2</Optimal>
            </RequirementOnFriday>
            <RequirementOnSaturday>
                <Minimum>0</Minimum>
                <Optimal>1</Optimal>
            </RequirementOnSaturday>
            <RequirementOnSunday>
                <Minimum>0</Minimum>
                <Optimal>0</Optimal>
            </RequirementOnSunday>
        </Requirement>
        <Requirement>
            <ShiftType>Night</ShiftType>
            <Skill>Nurse</Skill>
            <RequirementOnMonday>
                <Minimum>3</Minimum>
                <Optimal>4</Optimal>
            </RequirementOnMonday>
            <RequirementOnTuesday>
                <Minimum>2</Minimum>
                <Optimal>2</Optimal>
            </RequirementOnTuesday>
            <RequirementOnWednesday>
                <Minimum>2</Minimum>
                <Optimal>3</Optimal>
            </RequirementOnWednesday>
            <RequirementOnThursday>
                <Minimum>1</Minimum>
                <Optimal>2</Optimal>
            </RequirementOnThursday>
            <RequirementOnFriday>
                <Minimum>2</Minimum>
                <Optimal>2</Optimal>
            </RequirementOnFriday>
            <RequirementOnSaturday>
                <Minimum>1</Minimum>
                <Optimal>2</Optimal>
            </RequirementOnSaturday>
            <RequirementOnSunday>
                <Minimum>1</Minimum>
                <Optimal>1</Optimal>
            </RequirementOnSunday>
        </Requirement>
        <Requirement>
            <ShiftType>Night</ShiftType>
            <Skill>Caretaker</Skill>
            <RequirementOnMonday>
                <Minimum>6</Minimum>
                <Optimal>7</Optimal>
            </RequirementOnMonday>
            <RequirementOnTuesday>
                <Minimum>5</Minimum>
                <Optimal>6</Optimal>
            </RequirementOnTuesday>
            <RequirementOnWednesday>
                <Minimum>6</Minimum>
                <Optimal>8</Optimal>
            </RequirementOnWednesday>
            <RequirementOnThursday>
                <Minimum>5</Minimum>
                <Optimal>7</Optimal>
            </RequirementOnThursday>
            <RequirementOnFriday>
                <Minimum>5</Minimum>
                <Optimal>8</Optimal>
            </RequirementOnFriday>
            <RequirementOnSaturday>
                <Minimum>2</Minimum>
                <Optimal>2</Optimal>
            </RequirementOnSaturday>
            <RequirementOnSunday>
                <Minimum>2</Minimum>
                <Optimal>3</Optimal>
            </RequirementOnSunday>
        </Requirement>
        <Requirement>
            <ShiftType>Night</ShiftType>
            <Skill>Trainee</Skill>
            <RequirementOnMonday>
                <Minimum>3</Minimum>
                <Optimal>4</Optimal>
            </RequirementOnMonday>
            <RequirementOnTuesday>
                <Minimum>3</Minimum>
                <Optimal>3</Optimal>
            </RequirementOnTuesday>
            <RequirementOnWednesday>
                <Minimum>3</Minimum>
                <Optimal>3</Optimal>
            </RequirementOnWednesday>
            <RequirementOnThursday>
                <Minimum>3</Minimum>
                <Optimal>4</Optimal>
            </RequirementOnThursday>
            <RequirementOnFriday>
                <Minimum>3</Minimum>
                <Optimal>4</Optimal>
            </RequirementOnFriday>
            <RequirementOnSaturday>
                <Minimum>1</Minimum>
                <Optimal>2</Optimal>
            </RequirementOnSaturday>
            <RequirementOnSunday>
                <Minimum>1</Minimum>
                <Optimal>1</Optimal>
            </RequirementOnSunday>
        </Requirement>
    </Requirements>
    <ShiftOffRequests>
        <ShiftOffRequest>
            <Nurse>CT_50</Nurse>
            <ShiftType>Early</ShiftType>
            <Day>Tuesday</Day>
        </ShiftOffRequest>
        <ShiftOffRequest>
            <Nurse>CT_51</Nurse>
            <ShiftType>Day</ShiftType>
            <Day>Tuesday</Day>
        </ShiftOffRequest>
        <ShiftOffRequest>
            <Nurse>HN_19</Nurse>
            <ShiftType>Any</ShiftType>
            <Day>Tuesday</Day>
        </ShiftOffRequest>
        <ShiftOffRequest>
            <Nurse>NU_21</Nurse>
            <ShiftType>Day</ShiftType>
            <Day>Tuesday</Day>
        </ShiftOffRequest>
        <ShiftOffRequest>
            <Nurse>NU_26</Nurse>
            <ShiftType>Day</ShiftType>
            <Day>Tuesday</Day>
        </ShiftOffRequest>
        <ShiftOffRequest>
            <Nurse>HN_8</Nurse>
            <ShiftType>Late</ShiftType>
            <Day>Wednesday</Day>
        </ShiftOffRequest>
        <ShiftOffRequest>
            <Nurse>NU_28</Nurse>
            <ShiftType>Night</ShiftType>
            <Day>Wednesday</Day>
        </ShiftOffRequest>
        <ShiftOffRequest>
            <Nurse>NU_36</Nurse>
            <ShiftType>Late</ShiftType>
            <Day>Wednesday</Day>
        </ShiftOffRequest>
        <ShiftOffRequest>
            <Nurse>TR_80</Nurse>
            <ShiftType>Any</ShiftType>
            <Day>Wednesday</Day>
        </ShiftOffRequest>
        <ShiftOffRequest>
            <Nurse>TR_93</Nurse>
            <ShiftType>Any</ShiftType>
            <Day>Wednesday</Day>
        </ShiftOffRequest>
        <ShiftOffRequest>
            <Nurse>CT_46</Nurse>
            <ShiftType>Late</ShiftType>
            <Day>Thursday</Day>
        </ShiftOffRequest>
        <ShiftOffRequest>
            <Nurse>CT_51</Nurse>
            <ShiftType>Early</ShiftType>
            <Day>Thursday</Day>
        </ShiftOffRequest>
        <ShiftOffRequest>
            <Nurse>CT_57</Nurse>
            <ShiftType>Night</ShiftType>
            <Day>Thursday</Day>
        </ShiftOffRequest>
        <ShiftOffRequest>
            <Nurse>CT_62</Nurse>
            <ShiftType>Any</ShiftType>
            <Day>Thursday</Day>
        </ShiftOffRequest>
        <ShiftOffRequest>
            <Nurse>CT_63</Nurse>
            <ShiftType>Early</ShiftType>
            <Day>Thursday</Day>
        </ShiftOffRequest>
        <ShiftOffRequest>
            <Nurse>CT_67</Nurse>
            <ShiftType>Day</ShiftType>
            <Day>Thursday</Day>
        </ShiftOffRequest>
        <ShiftOffRequest>
            <Nurse>HN_1</Nurse>
            <ShiftType>Late</ShiftType>
            <Day>Thursday</Day>
        </ShiftOffRequest>
        <ShiftOffRequest>
            <Nurse>HN_7</Nurse>
            <ShiftType>Day</ShiftType>
            <Day>Thursday</Day>
        </ShiftOffRequest>
        <ShiftOffRequest>
            <Nurse>TR_103</Nurse>
            <ShiftType>Any</ShiftType>
            <Day>Thursday</Day>
        </ShiftOffRequest>
        <ShiftOffRequest>
            <Nurse>TR_83</Nurse>
            <ShiftType>Any</ShiftType>
            <Day>Thursday</Day>
        </ShiftOffRequest>
        <ShiftOffRequest>
            <Nurse>CT_53</Nurse>
            <ShiftType>Late</ShiftType>
            <Day>Friday</Day>
        </ShiftOffRequest>
        <ShiftOffRequest>
            <Nurse>TR_107</Nurse>
            <ShiftType>Night</ShiftType>
            <Day>Friday</Day>
        </ShiftOffRequest>
        <ShiftOffRequest>
            <Nurse>TR_99</Nurse>
            <ShiftType>Late</ShiftType>
            <Day>Friday</Day>
        </ShiftOffRequest>
        <ShiftOffRequest>
            <Nurse>CT_76</Nurse>
            <ShiftType>Any</ShiftType>
            <Day>Saturday</Day>
        </ShiftOffRequest>
        <ShiftOffRequest>
            <Nurse>NU_38</Nurse>
            <ShiftType>Late</ShiftType>
            <Day>Saturday</Day>
        </ShiftOffRequest>
        <ShiftOffRequest>
            <Nurse>TR_82</Nurse>
            <ShiftType>Any</ShiftType>
            <Day>Saturday</Day>
        </ShiftOffRequest>
        <ShiftOffRequest>
            <Nurse>CT_66</Nurse>
            <ShiftType>Day</ShiftType>
            <Day>Sunday</Day>
        </ShiftOffRequest>
        <ShiftOffRequest>
            <Nurse>TR_101</Nurse>
            <ShiftType>Night</ShiftType>
            <Day>Sunday</Day>
        </ShiftOffRequest>
    </ShiftOffRequests>
</WeekData>
