<WeekData 
xsi:noNamespaceSchemaLocation="WeekData.xsd" xmlns:xsi="http://www.w3.org/2001/XMLSchema-instance">
    <Scenario>n110w32</Scenario>
    <Requirements>
        <Requirement>
            <ShiftType>Early</ShiftType>
            <Skill>HeadNurse</Skill>
            <RequirementOnMonday>
                <Minimum>2</Minimum>
                <Optimal>2</Optimal>
            </RequirementOnMonday>
            <RequirementOnTuesday>
                <Minimum>1</Minimum>
                <Optimal>1</Optimal>
            </RequirementOnTuesday>
            <RequirementOnWednesday>
                <Minimum>1</Minimum>
                <Optimal>1</Optimal>
            </RequirementOnWednesday>
            <RequirementOnThursday>
                <Minimum>2</Minimum>
                <Optimal>2</Optimal>
            </RequirementOnThursday>
            <RequirementOnFriday>
                <Minimum>2</Minimum>
                <Optimal>2</Optimal>
            </RequirementOnFriday>
            <RequirementOnSaturday>
                <Minimum>0</Minimum>
                <Optimal>0</Optimal>
            </RequirementOnSaturday>
            <RequirementOnSunday>
                <Minimum>0</Minimum>
                <Optimal>1</Optimal>
            </RequirementOnSunday>
        </Requirement>
        <Requirement>
            <ShiftType>Early</ShiftType>
            <Skill>Nurse</Skill>
            <RequirementOnMonday>
                <Minimum>2</Minimum>
                <Optimal>2</Optimal>
            </RequirementOnMonday>
            <RequirementOnTuesday>
                <Minimum>2</Minimum>
                <Optimal>3</Optimal>
            </RequirementOnTuesday>
            <RequirementOnWednesday>
                <Minimum>2</Minimum>
                <Optimal>3</Optimal>
            </RequirementOnWednesday>
            <RequirementOnThursday>
                <Minimum>3</Minimum>
                <Optimal>4</Optimal>
            </RequirementOnThursday>
            <RequirementOnFriday>
                <Minimum>2</Minimum>
                <Optimal>2</Optimal>
            </RequirementOnFriday>
            <RequirementOnSaturday>
                <Minimum>1</Minimum>
                <Optimal>1</Optimal>
            </RequirementOnSaturday>
            <RequirementOnSunday>
                <Minimum>1</Minimum>
                <Optimal>2</Optimal>
            </RequirementOnSunday>
        </Requirement>
        <Requirement>
            <ShiftType>Early</ShiftType>
            <Skill>Caretaker</Skill>
            <RequirementOnMonday>
                <Minimum>6</Minimum>
                <Optimal>7</Optimal>
            </RequirementOnMonday>
            <RequirementOnTuesday>
                <Minimum>4</Minimum>
                <Optimal>7</Optimal>
            </RequirementOnTuesday>
            <RequirementOnWednesday>
                <Minimum>5</Minimum>
                <Optimal>7</Optimal>
            </RequirementOnWednesday>
            <RequirementOnThursday>
                <Minimum>5</Minimum>
                <Optimal>5</Optimal>
            </RequirementOnThursday>
            <RequirementOnFriday>
                <Minimum>5</Minimum>
                <Optimal>8</Optimal>
            </RequirementOnFriday>
            <RequirementOnSaturday>
                <Minimum>3</Minimum>
                <Optimal>4</Optimal>
            </RequirementOnSaturday>
            <RequirementOnSunday>
                <Minimum>2</Minimum>
                <Optimal>2</Optimal>
            </RequirementOnSunday>
        </Requirement>
        <Requirement>
            <ShiftType>Early</ShiftType>
            <Skill>Trainee</Skill>
            <RequirementOnMonday>
                <Minimum>3</Minimum>
                <Optimal>4</Optimal>
            </RequirementOnMonday>
            <RequirementOnTuesday>
                <Minimum>3</Minimum>
                <Optimal>4</Optimal>
            </RequirementOnTuesday>
            <RequirementOnWednesday>
                <Minimum>4</Minimum>
                <Optimal>5</Optimal>
            </RequirementOnWednesday>
            <RequirementOnThursday>
                <Minimum>4</Minimum>
                <Optimal>4</Optimal>
            </RequirementOnThursday>
            <RequirementOnFriday>
                <Minimum>3</Minimum>
                <Optimal>3</Optimal>
            </RequirementOnFriday>
            <RequirementOnSaturday>
                <Minimum>0</Minimum>
                <Optimal>1</Optimal>
            </RequirementOnSaturday>
            <RequirementOnSunday>
                <Minimum>2</Minimum>
                <Optimal>2</Optimal>
            </RequirementOnSunday>
        </Requirement>
        <Requirement>
            <ShiftType>Day</ShiftType>
            <Skill>HeadNurse</Skill>
            <RequirementOnMonday>
                <Minimum>0</Minimum>
                <Optimal>1</Optimal>
            </RequirementOnMonday>
            <RequirementOnTuesday>
                <Minimum>0</Minimum>
                <Optimal>1</Optimal>
            </RequirementOnTuesday>
            <RequirementOnWednesday>
                <Minimum>1</Minimum>
                <Optimal>2</Optimal>
            </RequirementOnWednesday>
            <RequirementOnThursday>
                <Minimum>2</Minimum>
                <Optimal>2</Optimal>
            </RequirementOnThursday>
            <RequirementOnFriday>
                <Minimum>1</Minimum>
                <Optimal>1</Optimal>
            </RequirementOnFriday>
            <RequirementOnSaturday>
                <Minimum>0</Minimum>
                <Optimal>0</Optimal>
            </RequirementOnSaturday>
            <RequirementOnSunday>
                <Minimum>1</Minimum>
                <Optimal>1</Optimal>
            </RequirementOnSunday>
        </Requirement>
        <Requirement>
            <ShiftType>Day</ShiftType>
            <Skill>Nurse</Skill>
            <RequirementOnMonday>
                <Minimum>1</Minimum>
                <Optimal>3</Optimal>
            </RequirementOnMonday>
            <RequirementOnTuesday>
                <Minimum>1</Minimum>
                <Optimal>2</Optimal>
            </RequirementOnTuesday>
            <RequirementOnWednesday>
                <Minimum>1</Minimum>
                <Optimal>2</Optimal>
            </RequirementOnWednesday>
            <RequirementOnThursday>
                <Minimum>2</Minimum>
                <Optimal>2</Optimal>
            </RequirementOnThursday>
            <RequirementOnFriday>
                <Minimum>3</Minimum>
                <Optimal>3</Optimal>
            </RequirementOnFriday>
            <RequirementOnSaturday>
                <Minimum>1</Minimum>
                <Optimal>1</Optimal>
            </RequirementOnSaturday>
            <RequirementOnSunday>
                <Minimum>1</Minimum>
                <Optimal>2</Optimal>
            </RequirementOnSunday>
        </Requirement>
        <Requirement>
            <ShiftType>Day</ShiftType>
            <Skill>Caretaker</Skill>
            <RequirementOnMonday>
                <Minimum>5</Minimum>
                <Optimal>6</Optimal>
            </RequirementOnMonday>
            <RequirementOnTuesday>
                <Minimum>4</Minimum>
                <Optimal>6</Optimal>
            </RequirementOnTuesday>
            <RequirementOnWednesday>
                <Minimum>6</Minimum>
                <Optimal>7</Optimal>
            </RequirementOnWednesday>
            <RequirementOnThursday>
                <Minimum>6</Minimum>
                <Optimal>8</Optimal>
            </RequirementOnThursday>
            <RequirementOnFriday>
                <Minimum>4</Minimum>
                <Optimal>7</Optimal>
            </RequirementOnFriday>
            <RequirementOnSaturday>
                <Minimum>3</Minimum>
                <Optimal>4</Optimal>
            </RequirementOnSaturday>
            <RequirementOnSunday>
                <Minimum>3</Minimum>
                <Optimal>3</Optimal>
            </RequirementOnSunday>
        </Requirement>
        <Requirement>
            <ShiftType>Day</ShiftType>
            <Skill>Trainee</Skill>
            <RequirementOnMonday>
                <Minimum>2</Minimum>
                <Optimal>4</Optimal>
            </RequirementOnMonday>
            <RequirementOnTuesday>
                <Minimum>2</Minimum>
                <Optimal>3</Optimal>
            </RequirementOnTuesday>
            <RequirementOnWednesday>
                <Minimum>2</Minimum>
                <Optimal>3</Optimal>
            </RequirementOnWednesday>
            <RequirementOnThursday>
                <Minimum>4</Minimum>
                <Optimal>4</Optimal>
            </RequirementOnThursday>
            <RequirementOnFriday>
                <Minimum>2</Minimum>
                <Optimal>3</Optimal>
            </RequirementOnFriday>
            <RequirementOnSaturday>
                <Minimum>1</Minimum>
                <Optimal>2</Optimal>
            </RequirementOnSaturday>
            <RequirementOnSunday>
                <Minimum>1</Minimum>
                <Optimal>1</Optimal>
            </RequirementOnSunday>
        </Requirement>
        <Requirement>
            <ShiftType>Late</ShiftType>
            <Skill>HeadNurse</Skill>
            <RequirementOnMonday>
                <Minimum>0</Minimum>
                <Optimal>0</Optimal>
            </RequirementOnMonday>
            <RequirementOnTuesday>
                <Minimum>1</Minimum>
                <Optimal>2</Optimal>
            </RequirementOnTuesday>
            <RequirementOnWednesday>
                <Minimum>1</Minimum>
                <Optimal>1</Optimal>
            </RequirementOnWednesday>
            <RequirementOnThursday>
                <Minimum>0</Minimum>
                <Optimal>1</Optimal>
            </RequirementOnThursday>
            <RequirementOnFriday>
                <Minimum>1</Minimum>
                <Optimal>1</Optimal>
            </RequirementOnFriday>
            <RequirementOnSaturday>
                <Minimum>1</Minimum>
                <Optimal>2</Optimal>
            </RequirementOnSaturday>
            <RequirementOnSunday>
                <Minimum>1</Minimum>
                <Optimal>2</Optimal>
            </RequirementOnSunday>
        </Requirement>
        <Requirement>
            <ShiftType>Late</ShiftType>
            <Skill>Nurse</Skill>
            <RequirementOnMonday>
                <Minimum>4</Minimum>
                <Optimal>4</Optimal>
            </RequirementOnMonday>
            <RequirementOnTuesday>
                <Minimum>2</Minimum>
                <Optimal>2</Optimal>
            </RequirementOnTuesday>
            <RequirementOnWednesday>
                <Minimum>3</Minimum>
                <Optimal>3</Optimal>
            </RequirementOnWednesday>
            <RequirementOnThursday>
                <Minimum>1</Minimum>
                <Optimal>3</Optimal>
            </RequirementOnThursday>
            <RequirementOnFriday>
                <Minimum>2</Minimum>
                <Optimal>3</Optimal>
            </RequirementOnFriday>
            <RequirementOnSaturday>
                <Minimum>1</Minimum>
                <Optimal>2</Optimal>
            </RequirementOnSaturday>
            <RequirementOnSunday>
                <Minimum>1</Minimum>
                <Optimal>1</Optimal>
            </RequirementOnSunday>
        </Requirement>
        <Requirement>
            <ShiftType>Late</ShiftType>
            <Skill>Caretaker</Skill>
            <RequirementOnMonday>
                <Minimum>4</Minimum>
                <Optimal>6</Optimal>
            </RequirementOnMonday>
            <RequirementOnTuesday>
                <Minimum>5</Minimum>
                <Optimal>7</Optimal>
            </RequirementOnTuesday>
            <RequirementOnWednesday>
                <Minimum>7</Minimum>
                <Optimal>7</Optimal>
            </RequirementOnWednesday>
            <RequirementOnThursday>
                <Minimum>7</Minimum>
                <Optimal>7</Optimal>
            </RequirementOnThursday>
            <RequirementOnFriday>
                <Minimum>5</Minimum>
                <Optimal>6</Optimal>
            </RequirementOnFriday>
            <RequirementOnSaturday>
                <Minimum>2</Minimum>
                <Optimal>4</Optimal>
            </RequirementOnSaturday>
            <RequirementOnSunday>
                <Minimum>4</Minimum>
                <Optimal>5</Optimal>
            </RequirementOnSunday>
        </Requirement>
        <Requirement>
            <ShiftType>Late</ShiftType>
            <Skill>Trainee</Skill>
            <RequirementOnMonday>
                <Minimum>4</Minimum>
                <Optimal>5</Optimal>
            </RequirementOnMonday>
            <RequirementOnTuesday>
                <Minimum>3</Minimum>
                <Optimal>4</Optimal>
            </RequirementOnTuesday>
            <RequirementOnWednesday>
                <Minimum>1</Minimum>
                <Optimal>2</Optimal>
            </RequirementOnWednesday>
            <RequirementOnThursday>
                <Minimum>2</Minimum>
                <Optimal>3</Optimal>
            </RequirementOnThursday>
            <RequirementOnFriday>
                <Minimum>2</Minimum>
                <Optimal>3</Optimal>
            </RequirementOnFriday>
            <RequirementOnSaturday>
                <Minimum>2</Minimum>
                <Optimal>3</Optimal>
            </RequirementOnSaturday>
            <RequirementOnSunday>
                <Minimum>2</Minimum>
                <Optimal>3</Optimal>
            </RequirementOnSunday>
        </Requirement>
        <Requirement>
            <ShiftType>Night</ShiftType>
            <Skill>HeadNurse</Skill>
            <RequirementOnMonday>
                <Minimum>1</Minimum>
                <Optimal>1</Optimal>
            </RequirementOnMonday>
            <RequirementOnTuesday>
                <Minimum>2</Minimum>
                <Optimal>3</Optimal>
            </RequirementOnTuesday>
            <RequirementOnWednesday>
                <Minimum>2</Minimum>
                <Optimal>2</Optimal>
            </RequirementOnWednesday>
            <RequirementOnThursday>
                <Minimum>1</Minimum>
                <Optimal>1</Optimal>
            </RequirementOnThursday>
            <RequirementOnFriday>
                <Minimum>1</Minimum>
                <Optimal>1</Optimal>
            </RequirementOnFriday>
            <RequirementOnSaturday>
                <Minimum>0</Minimum>
                <Optimal>0</Optimal>
            </RequirementOnSaturday>
            <RequirementOnSunday>
                <Minimum>1</Minimum>
                <Optimal>1</Optimal>
            </RequirementOnSunday>
        </Requirement>
        <Requirement>
            <ShiftType>Night</ShiftType>
            <Skill>Nurse</Skill>
            <RequirementOnMonday>
                <Minimum>2</Minimum>
                <Optimal>3</Optimal>
            </RequirementOnMonday>
            <RequirementOnTuesday>
                <Minimum>2</Minimum>
                <Optimal>2</Optimal>
            </RequirementOnTuesday>
            <RequirementOnWednesday>
                <Minimum>3</Minimum>
                <Optimal>4</Optimal>
            </RequirementOnWednesday>
            <RequirementOnThursday>
                <Minimum>1</Minimum>
                <Optimal>2</Optimal>
            </RequirementOnThursday>
            <RequirementOnFriday>
                <Minimum>2</Minimum>
                <Optimal>2</Optimal>
            </RequirementOnFriday>
            <RequirementOnSaturday>
                <Minimum>1</Minimum>
                <Optimal>1</Optimal>
            </RequirementOnSaturday>
            <RequirementOnSunday>
                <Minimum>1</Minimum>
                <Optimal>1</Optimal>
            </RequirementOnSunday>
        </Requirement>
        <Requirement>
            <ShiftType>Night</ShiftType>
            <Skill>Caretaker</Skill>
            <RequirementOnMonday>
                <Minimum>7</Minimum>
                <Optimal>9</Optimal>
            </RequirementOnMonday>
            <RequirementOnTuesday>
                <Minimum>7</Minimum>
                <Optimal>8</Optimal>
            </RequirementOnTuesday>
            <RequirementOnWednesday>
                <Minimum>6</Minimum>
                <Optimal>8</Optimal>
            </RequirementOnWednesday>
            <RequirementOnThursday>
                <Minimum>6</Minimum>
                <Optimal>8</Optimal>
            </RequirementOnThursday>
            <RequirementOnFriday>
                <Minimum>4</Minimum>
                <Optimal>6</Optimal>
            </RequirementOnFriday>
            <RequirementOnSaturday>
                <Minimum>3</Minimum>
                <Optimal>3</Optimal>
            </RequirementOnSaturday>
            <RequirementOnSunday>
                <Minimum>3</Minimum>
                <Optimal>4</Optimal>
            </RequirementOnSunday>
        </Requirement>
        <Requirement>
            <ShiftType>Night</ShiftType>
            <Skill>Trainee</Skill>
            <RequirementOnMonday>
                <Minimum>3</Minimum>
                <Optimal>3</Optimal>
            </RequirementOnMonday>
            <RequirementOnTuesday>
                <Minimum>2</Minimum>
                <Optimal>3</Optimal>
            </RequirementOnTuesday>
            <RequirementOnWednesday>
                <Minimum>2</Minimum>
                <Optimal>3</Optimal>
            </RequirementOnWednesday>
            <RequirementOnThursday>
                <Minimum>2</Minimum>
                <Optimal>3</Optimal>
            </RequirementOnThursday>
            <RequirementOnFriday>
                <Minimum>3</Minimum>
                <Optimal>4</Optimal>
            </RequirementOnFriday>
            <RequirementOnSaturday>
                <Minimum>2</Minimum>
                <Optimal>3</Optimal>
            </RequirementOnSaturday>
            <RequirementOnSunday>
                <Minimum>1</Minimum>
                <Optimal>2</Optimal>
            </RequirementOnSunday>
        </Requirement>
    </Requirements>
    <ShiftOffRequests>
        <ShiftOffRequest>
            <Nurse>NU_21</Nurse>
            <ShiftType>Any</ShiftType>
            <Day>Monday</Day>
        </ShiftOffRequest>
        <ShiftOffRequest>
            <Nurse>NU_27</Nurse>
            <ShiftType>Any</ShiftType>
            <Day>Monday</Day>
        </ShiftOffRequest>
        <ShiftOffRequest>
            <Nurse>CT_40</Nurse>
            <ShiftType>Any</ShiftType>
            <Day>Tuesday</Day>
        </ShiftOffRequest>
        <ShiftOffRequest>
            <Nurse>CT_47</Nurse>
            <ShiftType>Any</ShiftType>
            <Day>Wednesday</Day>
        </ShiftOffRequest>
        <ShiftOffRequest>
            <Nurse>CT_53</Nurse>
            <ShiftType>Any</ShiftType>
            <Day>Wednesday</Day>
        </ShiftOffRequest>
        <ShiftOffRequest>
            <Nurse>CT_63</Nurse>
            <ShiftType>Day</ShiftType>
            <Day>Wednesday</Day>
        </ShiftOffRequest>
        <ShiftOffRequest>
            <Nurse>TR_81</Nurse>
            <ShiftType>Any</ShiftType>
            <Day>Wednesday</Day>
        </ShiftOffRequest>
        <ShiftOffRequest>
            <Nurse>TR_91</Nurse>
            <ShiftType>Any</ShiftType>
            <Day>Wednesday</Day>
        </ShiftOffRequest>
        <ShiftOffRequest>
            <Nurse>TR_95</Nurse>
            <ShiftType>Any</ShiftType>
            <Day>Wednesday</Day>
        </ShiftOffRequest>
        <ShiftOffRequest>
            <Nurse>CT_75</Nurse>
            <ShiftType>Any</ShiftType>
            <Day>Thursday</Day>
        </ShiftOffRequest>
        <ShiftOffRequest>
            <Nurse>CT_76</Nurse>
            <ShiftType>Day</ShiftType>
            <Day>Thursday</Day>
        </ShiftOffRequest>
        <ShiftOffRequest>
            <Nurse>TR_100</Nurse>
            <ShiftType>Night</ShiftType>
            <Day>Thursday</Day>
        </ShiftOffRequest>
        <ShiftOffRequest>
            <Nurse>TR_106</Nurse>
            <ShiftType>Late</ShiftType>
            <Day>Thursday</Day>
        </ShiftOffRequest>
        <ShiftOffRequest>
            <Nurse>TR_95</Nurse>
            <ShiftType>Any</ShiftType>
            <Day>Thursday</Day>
        </ShiftOffRequest>
        <ShiftOffRequest>
            <Nurse>CT_48</Nurse>
            <ShiftType>Early</ShiftType>
            <Day>Friday</Day>
        </ShiftOffRequest>
        <ShiftOffRequest>
            <Nurse>CT_71</Nurse>
            <ShiftType>Late</ShiftType>
            <Day>Friday</Day>
        </ShiftOffRequest>
        <ShiftOffRequest>
            <Nurse>CT_75</Nurse>
            <ShiftType>Any</ShiftType>
            <Day>Friday</Day>
        </ShiftOffRequest>
        <ShiftOffRequest>
            <Nurse>HN_8</Nurse>
            <ShiftType>Late</ShiftType>
            <Day>Friday</Day>
        </ShiftOffRequest>
        <ShiftOffRequest>
            <Nurse>NU_36</Nurse>
            <ShiftType>Any</ShiftType>
            <Day>Friday</Day>
        </ShiftOffRequest>
        <ShiftOffRequest>
            <Nurse>TR_102</Nurse>
            <ShiftType>Any</ShiftType>
            <Day>Friday</Day>
        </ShiftOffRequest>
        <ShiftOffRequest>
            <Nurse>TR_83</Nurse>
            <ShiftType>Day</ShiftType>
            <Day>Friday</Day>
        </ShiftOffRequest>
        <ShiftOffRequest>
            <Nurse>CT_49</Nurse>
            <ShiftType>Night</ShiftType>
            <Day>Saturday</Day>
        </ShiftOffRequest>
        <ShiftOffRequest>
            <Nurse>CT_74</Nurse>
            <ShiftType>Night</ShiftType>
            <Day>Saturday</Day>
        </ShiftOffRequest>
        <ShiftOffRequest>
            <Nurse>HN_1</Nurse>
            <ShiftType>Any</ShiftType>
            <Day>Saturday</Day>
        </ShiftOffRequest>
        <ShiftOffRequest>
            <Nurse>NU_24</Nurse>
            <ShiftType>Late</ShiftType>
            <Day>Saturday</Day>
        </ShiftOffRequest>
        <ShiftOffRequest>
            <Nurse>TR_82</Nurse>
            <ShiftType>Any</ShiftType>
            <Day>Saturday</Day>
        </ShiftOffRequest>
        <ShiftOffRequest>
            <Nurse>TR_85</Nurse>
            <ShiftType>Any</ShiftType>
            <Day>Saturday</Day>
        </ShiftOffRequest>
        <ShiftOffRequest>
            <Nurse>HN_5</Nurse>
            <ShiftType>Early</ShiftType>
            <Day>Sunday</Day>
        </ShiftOffRequest>
    </ShiftOffRequests>
</WeekData>
