{
  "week" : 0,
  "scenario" : "n110w32",
  "nurseHistory" : [ {
    "nurse" : "HN_0",
    "numberOfAssignments" : 0,
    "numberOfWorkingWeekends" : 0,
    "lastAssignedShiftType" : "None",
    "numberOfConsecutiveAssignments" : 0,
    "numberOfConsecutiveWorkingDays" : 0,
    "numberOfConsecutiveDaysOff" : 2
  }, {
    "nurse" : "HN_1",
    "numberOfAssignments" : 0,
    "numberOfWorkingWeekends" : 0,
    "lastAssignedShiftType" : "None",
    "numberOfConsecutiveAssignments" : 0,
    "numberOfConsecutiveWorkingDays" : 0,
    "numberOfConsecutiveDaysOff" : 2
  }, {
    "nurse" : "HN_2",
    "numberOfAssignments" : 0,
    "numberOfWorkingWeekends" : 0,
    "lastAssignedShiftType" : "None",
    "numberOfConsecutiveAssignments" : 0,
    "numberOfConsecutiveWorkingDays" : 0,
    "numberOfConsecutiveDaysOff" : 2
  }, {
    "nurse" : "HN_3",
    "numberOfAssignments" : 0,
    "numberOfWorkingWeekends" : 0,
    "lastAssignedShiftType" : "None",
    "numberOfConsecutiveAssignments" : 0,
    "numberOfConsecutiveWorkingDays" : 0,
    "numberOfConsecutiveDaysOff" : 2
  }, {
    "nurse" : "HN_4",
    "numberOfAssignments" : 0,
    "numberOfWorkingWeekends" : 0,
    "lastAssignedShiftType" : "Day",
    "numberOfConsecutiveAssignments" : 2,
    "numberOfConsecutiveWorkingDays" : 2,
    "numberOfConsecutiveDaysOff" : 0
  }, {
    "nurse" : "HN_5",
    "numberOfAssignments" : 0,
    "numberOfWorkingWeekends" : 0,
    "lastAssignedShiftType" : "None",
    "numberOfConsecutiveAssignments" : 0,
    "numberOfConsecutiveWorkingDays" : 0,
    "numberOfConsecutiveDaysOff" : 2
  }, {
    "nurse" : "HN_6",
    "numberOfAssignments" : 0,
    "numberOfWorkingWeekends" : 0,
    "lastAssignedShiftType" : "None",
    "numberOfConsecutiveAssignments" : 0,
    "numberOfConsecutiveWorkingDays" : 0,
    "numberOfConsecutiveDaysOff" : 2
  }, {
    "nurse" : "HN_7",
    "numberOfAssignments" : 0,
    "numberOfWorkingWeekends" : 0,
    "lastAssignedShiftType" : "Early",
    "numberOfConsecutiveAssignments" : 1,
    "numberOfConsecutiveWorkingDays" : 3,
    "numberOfConsecutiveDaysOff" : 0
  }, {
    "nurse" : "HN_8",
    "numberOfAssignments" : 0,
    "numberOfWorkingWeekends" : 0,
    "lastAssignedShiftType" : "None",
    "numberOfConsecutiveAssignments" : 0,
    "numberOfConsecutiveWorkingDays" : 0,
    "numberOfConsecutiveDaysOff" : 5
  }, {
    "nurse" : "HN_9",
    "numberOfAssignments" : 0,
    "numberOfWorkingWeekends" : 0,
    "lastAssignedShiftType" : "None",
    "numberOfConsecutiveAssignments" : 0,
    "numberOfConsecutiveWorkingDays" : 0,
    "numberOfConsecutiveDaysOff" : 3
  }, {
    "nurse" : "HN_10",
    "numberOfAssignments" : 0,
    "numberOfWorkingWeekends" : 0,
    "lastAssignedShiftType" : "None",
    "numberOfConsecutiveAssignments" : 0,
    "numberOfConsecutiveWorkingDays" : 0,
    "numberOfConsecutiveDaysOff" : 2
  }, {
    "nurse" : "HN_11",
    "numberOfAssignments" : 0,
    "numberOfWorkingWeekends" : 0,
    "lastAssignedShiftType" : "None",
    "numberOfConsecutiveAssignments" : 0,
    "numberOfConsecutiveWorkingDays" : 0,
    "numberOfConsecutiveDaysOff" : 2
  }, {
    "nurse" : "HN_12",
    "numberOfAssignments" : 0,
    "numberOfWorkingWeekends" : 0,
    "lastAssignedShiftType" : "None",
    "numberOfConsecutiveAssignments" : 0,
    "numberOfConsecutiveWorkingDays" : 0,
    "numberOfConsecutiveDaysOff" : 2
  }, {
    "nurse" : "HN_13",
    "numberOfAssignments" : 0,
    "numberOfWorkingWeekends" : 0,
    "lastAssignedShiftType" : "Night",
    "numberOfConsecutiveAssignments" : 3,
    "numberOfConsecutiveWorkingDays" : 3,
    "numberOfConsecutiveDaysOff" : 0
  }, {
    "nurse" : "HN_14",
    "numberOfAssignments" : 0,
    "numberOfWorkingWeekends" : 0,
    "lastAssignedShiftType" : "None",
    "numberOfConsecutiveAssignments" : 0,
    "numberOfConsecutiveWorkingDays" : 0,
    "numberOfConsecutiveDaysOff" : 2
  }, {
    "nurse" : "HN_15",
    "numberOfAssignments" : 0,
    "numberOfWorkingWeekends" : 0,
    "lastAssignedShiftType" : "None",
    "numberOfConsecutiveAssignments" : 0,
    "numberOfConsecutiveWorkingDays" : 0,
    "numberOfConsecutiveDaysOff" : 4
  }, {
    "nurse" : "HN_16",
    "numberOfAssignments" : 0,
    "numberOfWorkingWeekends" : 0,
    "lastAssignedShiftType" : "Early",
    "numberOfConsecutiveAssignments" : 3,
    "numberOfConsecutiveWorkingDays" : 3,
    "numberOfConsecutiveDaysOff" : 0
  }, {
    "nurse" : "HN_17",
    "numberOfAssignments" : 0,
    "numberOfWorkingWeekends" : 0,
    "lastAssignedShiftType" : "None",
    "numberOfConsecutiveAssignments" : 0,
    "numberOfConsecutiveWorkingDays" : 0,
    "numberOfConsecutiveDaysOff" : 5
  }, {
    "nurse" : "HN_18",
    "numberOfAssignments" : 0,
    "numberOfWorkingWeekends" : 0,
    "lastAssignedShiftType" : "Early",
    "numberOfConsecutiveAssignments" : 4,
    "numberOfConsecutiveWorkingDays" : 4,
    "numberOfConsecutiveDaysOff" : 0
  }, {
    "nurse" : "HN_19",
    "numberOfAssignments" : 0,
    "numberOfWorkingWeekends" : 0,
    "lastAssignedShiftType" : "None",
    "numberOfConsecutiveAssignments" : 0,
    "numberOfConsecutiveWorkingDays" : 0,
    "numberOfConsecutiveDaysOff" : 5
  }, {
    "nurse" : "NU_20",
    "numberOfAssignments" : 0,
    "numberOfWorkingWeekends" : 0,
    "lastAssignedShiftType" : "None",
    "numberOfConsecutiveAssignments" : 0,
    "numberOfConsecutiveWorkingDays" : 0,
    "numberOfConsecutiveDaysOff" : 2
  }, {
    "nurse" : "NU_21",
    "numberOfAssignments" : 0,
    "numberOfWorkingWeekends" : 0,
    "lastAssignedShiftType" : "None",
    "numberOfConsecutiveAssignments" : 0,
    "numberOfConsecutiveWorkingDays" : 0,
    "numberOfConsecutiveDaysOff" : 3
  }, {
    "nurse" : "NU_22",
    "numberOfAssignments" : 0,
    "numberOfWorkingWeekends" : 0,
    "lastAssignedShiftType" : "None",
    "numberOfConsecutiveAssignments" : 0,
    "numberOfConsecutiveWorkingDays" : 0,
    "numberOfConsecutiveDaysOff" : 2
  }, {
    "nurse" : "NU_23",
    "numberOfAssignments" : 0,
    "numberOfWorkingWeekends" : 0,
    "lastAssignedShiftType" : "None",
    "numberOfConsecutiveAssignments" : 0,
    "numberOfConsecutiveWorkingDays" : 0,
    "numberOfConsecutiveDaysOff" : 5
  }, {
    "nurse" : "NU_24",
    "numberOfAssignments" : 0,
    "numberOfWorkingWeekends" : 0,
    "lastAssignedShiftType" : "None",
    "numberOfConsecutiveAssignments" : 0,
    "numberOfConsecutiveWorkingDays" : 0,
    "numberOfConsecutiveDaysOff" : 4
  }, {
    "nurse" : "NU_25",
    "numberOfAssignments" : 0,
    "numberOfWorkingWeekends" : 0,
    "lastAssignedShiftType" : "None",
    "numberOfConsecutiveAssignments" : 0,
    "numberOfConsecutiveWorkingDays" : 0,
    "numberOfConsecutiveDaysOff" : 3
  }, {
    "nurse" : "NU_26",
    "numberOfAssignments" : 0,
    "numberOfWorkingWeekends" : 0,
    "lastAssignedShiftType" : "None",
    "numberOfConsecutiveAssignments" : 0,
    "numberOfConsecutiveWorkingDays" : 0,
    "numberOfConsecutiveDaysOff" : 7
  }, {
    "nurse" : "NU_27",
    "numberOfAssignments" : 0,
    "numberOfWorkingWeekends" : 0,
    "lastAssignedShiftType" : "Night",
    "numberOfConsecutiveAssignments" : 4,
    "numberOfConsecutiveWorkingDays" : 4,
    "numberOfConsecutiveDaysOff" : 0
  }, {
    "nurse" : "NU_28",
    "numberOfAssignments" : 0,
    "numberOfWorkingWeekends" : 0,
    "lastAssignedShiftType" : "None",
    "numberOfConsecutiveAssignments" : 0,
    "numberOfConsecutiveWorkingDays" : 0,
    "numberOfConsecutiveDaysOff" : 2
  }, {
    "nurse" : "NU_29",
    "numberOfAssignments" : 0,
    "numberOfWorkingWeekends" : 0,
    "lastAssignedShiftType" : "Night",
    "numberOfConsecutiveAssignments" : 3,
    "numberOfConsecutiveWorkingDays" : 3,
    "numberOfConsecutiveDaysOff" : 0
  }, {
    "nurse" : "NU_30",
    "numberOfAssignments" : 0,
    "numberOfWorkingWeekends" : 0,
    "lastAssignedShiftType" : "None",
    "numberOfConsecutiveAssignments" : 0,
    "numberOfConsecutiveWorkingDays" : 0,
    "numberOfConsecutiveDaysOff" : 2
  }, {
    "nurse" : "NU_31",
    "numberOfAssignments" : 0,
    "numberOfWorkingWeekends" : 0,
    "lastAssignedShiftType" : "None",
    "numberOfConsecutiveAssignments" : 0,
    "numberOfConsecutiveWorkingDays" : 0,
    "numberOfConsecutiveDaysOff" : 2
  }, {
    "nurse" : "NU_32",
    "numberOfAssignments" : 0,
    "numberOfWorkingWeekends" : 0,
    "lastAssignedShiftType" : "None",
    "numberOfConsecutiveAssignments" : 0,
    "numberOfConsecutiveWorkingDays" : 0,
    "numberOfConsecutiveDaysOff" : 5
  }, {
    "nurse" : "NU_33",
    "numberOfAssignments" : 0,
    "numberOfWorkingWeekends" : 0,
    "lastAssignedShiftType" : "Late",
    "numberOfConsecutiveAssignments" : 2,
    "numberOfConsecutiveWorkingDays" : 4,
    "numberOfConsecutiveDaysOff" : 0
  }, {
    "nurse" : "NU_34",
    "numberOfAssignments" : 0,
    "numberOfWorkingWeekends" : 0,
    "lastAssignedShiftType" : "Night",
    "numberOfConsecutiveAssignments" : 2,
    "numberOfConsecutiveWorkingDays" : 2,
    "numberOfConsecutiveDaysOff" : 0
  }, {
    "nurse" : "NU_35",
    "numberOfAssignments" : 0,
    "numberOfWorkingWeekends" : 0,
    "lastAssignedShiftType" : "None",
    "numberOfConsecutiveAssignments" : 0,
    "numberOfConsecutiveWorkingDays" : 0,
    "numberOfConsecutiveDaysOff" : 2
  }, {
    "nurse" : "NU_36",
    "numberOfAssignments" : 0,
    "numberOfWorkingWeekends" : 0,
    "lastAssignedShiftType" : "None",
    "numberOfConsecutiveAssignments" : 0,
    "numberOfConsecutiveWorkingDays" : 0,
    "numberOfConsecutiveDaysOff" : 5
  }, {
    "nurse" : "NU_37",
    "numberOfAssignments" : 0,
    "numberOfWorkingWeekends" : 0,
    "lastAssignedShiftType" : "Night",
    "numberOfConsecutiveAssignments" : 2,
    "numberOfConsecutiveWorkingDays" : 2,
    "numberOfConsecutiveDaysOff" : 0
  }, {
    "nurse" : "NU_38",
    "numberOfAssignments" : 0,
    "numberOfWorkingWeekends" : 0,
    "lastAssignedShiftType" : "Night",
    "numberOfConsecutiveAssignments" : 2,
    "numberOfConsecutiveWorkingDays" : 4,
    "numberOfConsecutiveDaysOff" : 0
  }, {
    "nurse" : "NU_39",
    "numberOfAssignments" : 0,
    "numberOfWorkingWeekends" : 0,
    "lastAssignedShiftType" : "Day",
    "numberOfConsecutiveAssignments" : 2,
    "numberOfConsecutiveWorkingDays" : 4,
    "numberOfConsecutiveDaysOff" : 0
  }, {
    "nurse" : "CT_40",
    "numberOfAssignments" : 0,
    "numberOfWorkingWeekends" : 0,
    "lastAssignedShiftType" : "Day",
    "numberOfConsecutiveAssignments" : 1,
    "numberOfConsecutiveWorkingDays" : 3,
    "numberOfConsecutiveDaysOff" : 0
  }, {
    "nurse" : "CT_41",
    "numberOfAssignments" : 0,
    "numberOfWorkingWeekends" : 0,
    "lastAssignedShiftType" : "Day",
    "numberOfConsecutiveAssignments" : 3,
    "numberOfConsecutiveWorkingDays" : 3,
    "numberOfConsecutiveDaysOff" : 0
  }, {
    "nurse" : "CT_42",
    "numberOfAssignments" : 0,
    "numberOfWorkingWeekends" : 0,
    "lastAssignedShiftType" : "None",
    "numberOfConsecutiveAssignments" : 0,
    "numberOfConsecutiveWorkingDays" : 0,
    "numberOfConsecutiveDaysOff" : 2
  }, {
    "nurse" : "CT_43",
    "numberOfAssignments" : 0,
    "numberOfWorkingWeekends" : 0,
    "lastAssignedShiftType" : "None",
    "numberOfConsecutiveAssignments" : 0,
    "numberOfConsecutiveWorkingDays" : 0,
    "numberOfConsecutiveDaysOff" : 3
  }, {
    "nurse" : "CT_44",
    "numberOfAssignments" : 0,
    "numberOfWorkingWeekends" : 0,
    "lastAssignedShiftType" : "None",
    "numberOfConsecutiveAssignments" : 0,
    "numberOfConsecutiveWorkingDays" : 0,
    "numberOfConsecutiveDaysOff" : 3
  }, {
    "nurse" : "CT_45",
    "numberOfAssignments" : 0,
    "numberOfWorkingWeekends" : 0,
    "lastAssignedShiftType" : "Late",
    "numberOfConsecutiveAssignments" : 2,
    "numberOfConsecutiveWorkingDays" : 2,
    "numberOfConsecutiveDaysOff" : 0
  }, {
    "nurse" : "CT_46",
    "numberOfAssignments" : 0,
    "numberOfWorkingWeekends" : 0,
    "lastAssignedShiftType" : "Day",
    "numberOfConsecutiveAssignments" : 2,
    "numberOfConsecutiveWorkingDays" : 2,
    "numberOfConsecutiveDaysOff" : 0
  }, {
    "nurse" : "CT_47",
    "numberOfAssignments" : 0,
    "numberOfWorkingWeekends" : 0,
    "lastAssignedShiftType" : "Late",
    "numberOfConsecutiveAssignments" : 3,
    "numberOfConsecutiveWorkingDays" : 3,
    "numberOfConsecutiveDaysOff" : 0
  }, {
    "nurse" : "CT_48",
    "numberOfAssignments" : 0,
    "numberOfWorkingWeekends" : 0,
    "lastAssignedShiftType" : "None",
    "numberOfConsecutiveAssignments" : 0,
    "numberOfConsecutiveWorkingDays" : 0,
    "numberOfConsecutiveDaysOff" : 3
  }, {
    "nurse" : "CT_49",
    "numberOfAssignments" : 0,
    "numberOfWorkingWeekends" : 0,
    "lastAssignedShiftType" : "Late",
    "numberOfConsecutiveAssignments" : 3,
    "numberOfConsecutiveWorkingDays" : 3,
    "numberOfConsecutiveDaysOff" : 0
  }, {
    "nurse" : "CT_50",
    "numberOfAssignments" : 0,
    "numberOfWorkingWeekends" : 0,
    "lastAssignedShiftType" : "None",
    "numberOfConsecutiveAssignments" : 0,
    "numberOfConsecutiveWorkingDays" : 0,
    "numberOfConsecutiveDaysOff" : 2
  }, {
    "nurse" : "CT_51",
    "numberOfAssignments" : 0,
    "numberOfWorkingWeekends" : 0,
    "lastAssignedShiftType" : "Early",
    "numberOfConsecutiveAssignments" : 1,
    "numberOfConsecutiveWorkingDays" : 3,
    "numberOfConsecutiveDaysOff" : 0
  }, {
    "nurse" : "CT_52",
    "numberOfAssignments" : 0,
    "numberOfWorkingWeekends" : 0,
    "lastAssignedShiftType" : "Early",
    "numberOfConsecutiveAssignments" : 3,
    "numberOfConsecutiveWorkingDays" : 3,
    "numberOfConsecutiveDaysOff" : 0
  }, {
    "nurse" : "CT_53",
    "numberOfAssignments" : 0,
    "numberOfWorkingWeekends" : 0,
    "lastAssignedShiftType" : "None",
    "numberOfConsecutiveAssignments" : 0,
    "numberOfConsecutiveWorkingDays" : 0,
    "numberOfConsecutiveDaysOff" : 3
  }, {
    "nurse" : "CT_54",
    "numberOfAssignments" : 0,
    "numberOfWorkingWeekends" : 0,
    "lastAssignedShiftType" : "None",
    "numberOfConsecutiveAssignments" : 0,
    "numberOfConsecutiveWorkingDays" : 0,
    "numberOfConsecutiveDaysOff" : 2
  }, {
    "nurse" : "CT_55",
    "numberOfAssignments" : 0,
    "numberOfWorkingWeekends" : 0,
    "lastAssignedShiftType" : "None",
    "numberOfConsecutiveAssignments" : 0,
    "numberOfConsecutiveWorkingDays" : 0,
    "numberOfConsecutiveDaysOff" : 2
  }, {
    "nurse" : "CT_56",
    "numberOfAssignments" : 0,
    "numberOfWorkingWeekends" : 0,
    "lastAssignedShiftType" : "Night",
    "numberOfConsecutiveAssignments" : 3,
    "numberOfConsecutiveWorkingDays" : 3,
    "numberOfConsecutiveDaysOff" : 0
  }, {
    "nurse" : "CT_57",
    "numberOfAssignments" : 0,
    "numberOfWorkingWeekends" : 0,
    "lastAssignedShiftType" : "None",
    "numberOfConsecutiveAssignments" : 0,
    "numberOfConsecutiveWorkingDays" : 0,
    "numberOfConsecutiveDaysOff" : 2
  }, {
    "nurse" : "CT_58",
    "numberOfAssignments" : 0,
    "numberOfWorkingWeekends" : 0,
    "lastAssignedShiftType" : "None",
    "numberOfConsecutiveAssignments" : 0,
    "numberOfConsecutiveWorkingDays" : 0,
    "numberOfConsecutiveDaysOff" : 3
  }, {
    "nurse" : "CT_59",
    "numberOfAssignments" : 0,
    "numberOfWorkingWeekends" : 0,
    "lastAssignedShiftType" : "None",
    "numberOfConsecutiveAssignments" : 0,
    "numberOfConsecutiveWorkingDays" : 0,
    "numberOfConsecutiveDaysOff" : 2
  }, {
    "nurse" : "CT_60",
    "numberOfAssignments" : 0,
    "numberOfWorkingWeekends" : 0,
    "lastAssignedShiftType" : "None",
    "numberOfConsecutiveAssignments" : 0,
    "numberOfConsecutiveWorkingDays" : 0,
    "numberOfConsecutiveDaysOff" : 2
  }, {
    "nurse" : "CT_61",
    "numberOfAssignments" : 0,
    "numberOfWorkingWeekends" : 0,
    "lastAssignedShiftType" : "None",
    "numberOfConsecutiveAssignments" : 0,
    "numberOfConsecutiveWorkingDays" : 0,
    "numberOfConsecutiveDaysOff" : 5
  }, {
    "nurse" : "CT_62",
    "numberOfAssignments" : 0,
    "numberOfWorkingWeekends" : 0,
    "lastAssignedShiftType" : "Day",
    "numberOfConsecutiveAssignments" : 2,
    "numberOfConsecutiveWorkingDays" : 2,
    "numberOfConsecutiveDaysOff" : 0
  }, {
    "nurse" : "CT_63",
    "numberOfAssignments" : 0,
    "numberOfWorkingWeekends" : 0,
    "lastAssignedShiftType" : "None",
    "numberOfConsecutiveAssignments" : 0,
    "numberOfConsecutiveWorkingDays" : 0,
    "numberOfConsecutiveDaysOff" : 2
  }, {
    "nurse" : "CT_64",
    "numberOfAssignments" : 0,
    "numberOfWorkingWeekends" : 0,
    "lastAssignedShiftType" : "Early",
    "numberOfConsecutiveAssignments" : 3,
    "numberOfConsecutiveWorkingDays" : 5,
    "numberOfConsecutiveDaysOff" : 0
  }, {
    "nurse" : "CT_65",
    "numberOfAssignments" : 0,
    "numberOfWorkingWeekends" : 0,
    "lastAssignedShiftType" : "None",
    "numberOfConsecutiveAssignments" : 0,
    "numberOfConsecutiveWorkingDays" : 0,
    "numberOfConsecutiveDaysOff" : 2
  }, {
    "nurse" : "CT_66",
    "numberOfAssignments" : 0,
    "numberOfWorkingWeekends" : 0,
    "lastAssignedShiftType" : "None",
    "numberOfConsecutiveAssignments" : 0,
    "numberOfConsecutiveWorkingDays" : 0,
    "numberOfConsecutiveDaysOff" : 2
  }, {
    "nurse" : "CT_67",
    "numberOfAssignments" : 0,
    "numberOfWorkingWeekends" : 0,
    "lastAssignedShiftType" : "Early",
    "numberOfConsecutiveAssignments" : 2,
    "numberOfConsecutiveWorkingDays" : 4,
    "numberOfConsecutiveDaysOff" : 0
  }, {
    "nurse" : "CT_68",
    "numberOfAssignments" : 0,
    "numberOfWorkingWeekends" : 0,
    "lastAssignedShiftType" : "None",
    "numberOfConsecutiveAssignments" : 0,
    "numberOfConsecutiveWorkingDays" : 0,
    "numberOfConsecutiveDaysOff" : 2
  }, {
    "nurse" : "CT_69",
    "numberOfAssignments" : 0,
    "numberOfWorkingWeekends" : 0,
    "lastAssignedShiftType" : "None",
    "numberOfConsecutiveAssignments" : 0,
    "numberOfConsecutiveWorkingDays" : 0,
    "numberOfConsecutiveDaysOff" : 6
  }, {
    "nurse" : "CT_70",
    "numberOfAssignments" : 0,
    "numberOfWorkingWeekends" : 0,
    "lastAssignedShiftType" : "None",
    "numberOfConsecutiveAssignments" : 0,
    "numberOfConsecutiveWorkingDays" : 0,
    "numberOfConsecutiveDaysOff" : 2
  }, {
    "nurse" : "CT_71",
    "numberOfAssignments" : 0,
    "numberOfWorkingWeekends" : 0,
    "lastAssignedShiftType" : "None",
    "numberOfConsecutiveAssignments" : 0,
    "numberOfConsecutiveWorkingDays" : 0,
    "numberOfConsecutiveDaysOff" : 4
  }, {
    "nurse" : "CT_72",
    "numberOfAssignments" : 0,
    "numberOfWorkingWeekends" : 0,
    "lastAssignedShiftType" : "Late",
    "numberOfConsecutiveAssignments" : 4,
    "numberOfConsecutiveWorkingDays" : 4,
    "numberOfConsecutiveDaysOff" : 0
  }, {
    "nurse" : "CT_73",
    "numberOfAssignments" : 0,
    "numberOfWorkingWeekends" : 0,
    "lastAssignedShiftType" : "None",
    "numberOfConsecutiveAssignments" : 0,
    "numberOfConsecutiveWorkingDays" : 0,
    "numberOfConsecutiveDaysOff" : 5
  }, {
    "nurse" : "CT_74",
    "numberOfAssignments" : 0,
    "numberOfWorkingWeekends" : 0,
    "lastAssignedShiftType" : "None",
    "numberOfConsecutiveAssignments" : 0,
    "numberOfConsecutiveWorkingDays" : 0,
    "numberOfConsecutiveDaysOff" : 2
  }, {
    "nurse" : "CT_75",
    "numberOfAssignments" : 0,
    "numberOfWorkingWeekends" : 0,
    "lastAssignedShiftType" : "Late",
    "numberOfConsecutiveAssignments" : 3,
    "numberOfConsecutiveWorkingDays" : 3,
    "numberOfConsecutiveDaysOff" : 0
  }, {
    "nurse" : "CT_76",
    "numberOfAssignments" : 0,
    "numberOfWorkingWeekends" : 0,
    "lastAssignedShiftType" : "None",
    "numberOfConsecutiveAssignments" : 0,
    "numberOfConsecutiveWorkingDays" : 0,
    "numberOfConsecutiveDaysOff" : 4
  }, {
    "nurse" : "CT_77",
    "numberOfAssignments" : 0,
    "numberOfWorkingWeekends" : 0,
    "lastAssignedShiftType" : "None",
    "numberOfConsecutiveAssignments" : 0,
    "numberOfConsecutiveWorkingDays" : 0,
    "numberOfConsecutiveDaysOff" : 2
  }, {
    "nurse" : "CT_78",
    "numberOfAssignments" : 0,
    "numberOfWorkingWeekends" : 0,
    "lastAssignedShiftType" : "None",
    "numberOfConsecutiveAssignments" : 0,
    "numberOfConsecutiveWorkingDays" : 0,
    "numberOfConsecutiveDaysOff" : 2
  }, {
    "nurse" : "CT_79",
    "numberOfAssignments" : 0,
    "numberOfWorkingWeekends" : 0,
    "lastAssignedShiftType" : "None",
    "numberOfConsecutiveAssignments" : 0,
    "numberOfConsecutiveWorkingDays" : 0,
    "numberOfConsecutiveDaysOff" : 4
  }, {
    "nurse" : "TR_80",
    "numberOfAssignments" : 0,
    "numberOfWorkingWeekends" : 0,
    "lastAssignedShiftType" : "None",
    "numberOfConsecutiveAssignments" : 0,
    "numberOfConsecutiveWorkingDays" : 0,
    "numberOfConsecutiveDaysOff" : 4
  }, {
    "nurse" : "TR_81",
    "numberOfAssignments" : 0,
    "numberOfWorkingWeekends" : 0,
    "lastAssignedShiftType" : "None",
    "numberOfConsecutiveAssignments" : 0,
    "numberOfConsecutiveWorkingDays" : 0,
    "numberOfConsecutiveDaysOff" : 5
  }, {
    "nurse" : "TR_82",
    "numberOfAssignments" : 0,
    "numberOfWorkingWeekends" : 0,
    "lastAssignedShiftType" : "None",
    "numberOfConsecutiveAssignments" : 0,
    "numberOfConsecutiveWorkingDays" : 0,
    "numberOfConsecutiveDaysOff" : 3
  }, {
    "nurse" : "TR_83",
    "numberOfAssignments" : 0,
    "numberOfWorkingWeekends" : 0,
    "lastAssignedShiftType" : "None",
    "numberOfConsecutiveAssignments" : 0,
    "numberOfConsecutiveWorkingDays" : 0,
    "numberOfConsecutiveDaysOff" : 6
  }, {
    "nurse" : "TR_84",
    "numberOfAssignments" : 0,
    "numberOfWorkingWeekends" : 0,
    "lastAssignedShiftType" : "Early",
    "numberOfConsecutiveAssignments" : 2,
    "numberOfConsecutiveWorkingDays" : 2,
    "numberOfConsecutiveDaysOff" : 0
  }, {
    "nurse" : "TR_85",
    "numberOfAssignments" : 0,
    "numberOfWorkingWeekends" : 0,
    "lastAssignedShiftType" : "None",
    "numberOfConsecutiveAssignments" : 0,
    "numberOfConsecutiveWorkingDays" : 0,
    "numberOfConsecutiveDaysOff" : 4
  }, {
    "nurse" : "TR_86",
    "numberOfAssignments" : 0,
    "numberOfWorkingWeekends" : 0,
    "lastAssignedShiftType" : "None",
    "numberOfConsecutiveAssignments" : 0,
    "numberOfConsecutiveWorkingDays" : 0,
    "numberOfConsecutiveDaysOff" : 2
  }, {
    "nurse" : "TR_87",
    "numberOfAssignments" : 0,
    "numberOfWorkingWeekends" : 0,
    "lastAssignedShiftType" : "None",
    "numberOfConsecutiveAssignments" : 0,
    "numberOfConsecutiveWorkingDays" : 0,
    "numberOfConsecutiveDaysOff" : 2
  }, {
    "nurse" : "TR_88",
    "numberOfAssignments" : 0,
    "numberOfWorkingWeekends" : 0,
    "lastAssignedShiftType" : "None",
    "numberOfConsecutiveAssignments" : 0,
    "numberOfConsecutiveWorkingDays" : 0,
    "numberOfConsecutiveDaysOff" : 3
  }, {
    "nurse" : "TR_89",
    "numberOfAssignments" : 0,
    "numberOfWorkingWeekends" : 0,
    "lastAssignedShiftType" : "None",
    "numberOfConsecutiveAssignments" : 0,
    "numberOfConsecutiveWorkingDays" : 0,
    "numberOfConsecutiveDaysOff" : 4
  }, {
    "nurse" : "TR_90",
    "numberOfAssignments" : 0,
    "numberOfWorkingWeekends" : 0,
    "lastAssignedShiftType" : "Day",
    "numberOfConsecutiveAssignments" : 4,
    "numberOfConsecutiveWorkingDays" : 4,
    "numberOfConsecutiveDaysOff" : 0
  }, {
    "nurse" : "TR_91",
    "numberOfAssignments" : 0,
    "numberOfWorkingWeekends" : 0,
    "lastAssignedShiftType" : "None",
    "numberOfConsecutiveAssignments" : 0,
    "numberOfConsecutiveWorkingDays" : 0,
    "numberOfConsecutiveDaysOff" : 3
  }, {
    "nurse" : "TR_92",
    "numberOfAssignments" : 0,
    "numberOfWorkingWeekends" : 0,
    "lastAssignedShiftType" : "Night",
    "numberOfConsecutiveAssignments" : 4,
    "numberOfConsecutiveWorkingDays" : 4,
    "numberOfConsecutiveDaysOff" : 0
  }, {
    "nurse" : "TR_93",
    "numberOfAssignments" : 0,
    "numberOfWorkingWeekends" : 0,
    "lastAssignedShiftType" : "None",
    "numberOfConsecutiveAssignments" : 0,
    "numberOfConsecutiveWorkingDays" : 0,
    "numberOfConsecutiveDaysOff" : 2
  }, {
    "nurse" : "TR_94",
    "numberOfAssignments" : 0,
    "numberOfWorkingWeekends" : 0,
    "lastAssignedShiftType" : "Night",
    "numberOfConsecutiveAssignments" : 3,
    "numberOfConsecutiveWorkingDays" : 3,
    "numberOfConsecutiveDaysOff" : 0
  }, {
    "nurse" : "TR_95",
    "numberOfAssignments" : 0,
    "numberOfWorkingWeekends" : 0,
    "lastAssignedShiftType" : "None",
    "numberOfConsecutiveAssignments" : 0,
    "numberOfConsecutiveWorkingDays" : 0,
    "numberOfConsecutiveDaysOff" : 7
  }, {
    "nurse" : "TR_96",
    "numberOfAssignments" : 0,
    "numberOfWorkingWeekends" : 0,
    "lastAssignedShiftType" : "None",
    "numberOfConsecutiveAssignments" : 0,
    "numberOfConsecutiveWorkingDays" : 0,
    "numberOfConsecutiveDaysOff" : 2
  }, {
    "nurse" : "TR_97",
    "numberOfAssignments" : 0,
    "numberOfWorkingWeekends" : 0,
    "lastAssignedShiftType" : "None",
    "numberOfConsecutiveAssignments" : 0,
    "numberOfConsecutiveWorkingDays" : 0,
    "numberOfConsecutiveDaysOff" : 4
  }, {
    "nurse" : "TR_98",
    "numberOfAssignments" : 0,
    "numberOfWorkingWeekends" : 0,
    "lastAssignedShiftType" : "Day",
    "numberOfConsecutiveAssignments" : 2,
    "numberOfConsecutiveWorkingDays" : 2,
    "numberOfConsecutiveDaysOff" : 0
  }, {
    "nurse" : "TR_99",
    "numberOfAssignments" : 0,
    "numberOfWorkingWeekends" : 0,
    "lastAssignedShiftType" : "None",
    "numberOfConsecutiveAssignments" : 0,
    "numberOfConsecutiveWorkingDays" : 0,
    "numberOfConsecutiveDaysOff" : 2
  }, {
    "nurse" : "TR_100",
    "numberOfAssignments" : 0,
    "numberOfWorkingWeekends" : 0,
    "lastAssignedShiftType" : "Early",
    "numberOfConsecutiveAssignments" : 5,
    "numberOfConsecutiveWorkingDays" : 5,
    "numberOfConsecutiveDaysOff" : 0
  }, {
    "nurse" : "TR_101",
    "numberOfAssignments" : 0,
    "numberOfWorkingWeekends" : 0,
    "lastAssignedShiftType" : "Night",
    "numberOfConsecutiveAssignments" : 3,
    "numberOfConsecutiveWorkingDays" : 3,
    "numberOfConsecutiveDaysOff" : 0
  }, {
    "nurse" : "TR_102",
    "numberOfAssignments" : 0,
    "numberOfWorkingWeekends" : 0,
    "lastAssignedShiftType" : "None",
    "numberOfConsecutiveAssignments" : 0,
    "numberOfConsecutiveWorkingDays" : 0,
    "numberOfConsecutiveDaysOff" : 2
  }, {
    "nurse" : "TR_103",
    "numberOfAssignments" : 0,
    "numberOfWorkingWeekends" : 0,
    "lastAssignedShiftType" : "None",
    "numberOfConsecutiveAssignments" : 0,
    "numberOfConsecutiveWorkingDays" : 0,
    "numberOfConsecutiveDaysOff" : 2
  }, {
    "nurse" : "TR_104",
    "numberOfAssignments" : 0,
    "numberOfWorkingWeekends" : 0,
    "lastAssignedShiftType" : "None",
    "numberOfConsecutiveAssignments" : 0,
    "numberOfConsecutiveWorkingDays" : 0,
    "numberOfConsecutiveDaysOff" : 3
  }, {
    "nurse" : "TR_105",
    "numberOfAssignments" : 0,
    "numberOfWorkingWeekends" : 0,
    "lastAssignedShiftType" : "None",
    "numberOfConsecutiveAssignments" : 0,
    "numberOfConsecutiveWorkingDays" : 0,
    "numberOfConsecutiveDaysOff" : 4
  }, {
    "nurse" : "TR_106",
    "numberOfAssignments" : 0,
    "numberOfWorkingWeekends" : 0,
    "lastAssignedShiftType" : "Late",
    "numberOfConsecutiveAssignments" : 2,
    "numberOfConsecutiveWorkingDays" : 2,
    "numberOfConsecutiveDaysOff" : 0
  }, {
    "nurse" : "TR_107",
    "numberOfAssignments" : 0,
    "numberOfWorkingWeekends" : 0,
    "lastAssignedShiftType" : "None",
    "numberOfConsecutiveAssignments" : 0,
    "numberOfConsecutiveWorkingDays" : 0,
    "numberOfConsecutiveDaysOff" : 5
  }, {
    "nurse" : "TR_108",
    "numberOfAssignments" : 0,
    "numberOfWorkingWeekends" : 0,
    "lastAssignedShiftType" : "Early",
    "numberOfConsecutiveAssignments" : 2,
    "numberOfConsecutiveWorkingDays" : 4,
    "numberOfConsecutiveDaysOff" : 0
  }, {
    "nurse" : "TR_109",
    "numberOfAssignments" : 0,
    "numberOfWorkingWeekends" : 0,
    "lastAssignedShiftType" : "Late",
    "numberOfConsecutiveAssignments" : 3,
    "numberOfConsecutiveWorkingDays" : 3,
    "numberOfConsecutiveDaysOff" : 0
  } ]
}