time|Type|cat|Tripid
05:25d2|In|Cat1|602
05:25d2|In|Cat1|603
05:27d2|In|Cat5|604
05:31d2|In|Cat7|605
05:31d2|In|Cat7|606
05:33d2|In|Cat5|608
05:35d2|Out|Cat5|609
05:51d2|Out|Cat7|611
05:51d2|Out|Cat7|612
06:02d2|Out|Cat5|613
06:09d2|Out|Cat1|618
06:24d2|In|Cat7|624
06:24d2|In|Cat7|625
06:28d2|Out|Cat1|627
06:40d2|In|Cat4|632
06:41d2|In|Cat11|634
06:42d2|Out|Cat4|636
06:55d2|In|Cat4|644
06:59d2|In|Cat1|649
07:00d2|In|Cat11|651
07:00d2|Out|Cat1|652
07:02d2|Out|Cat4|654
07:02d2|Out|Cat7|655
07:02d2|Out|Cat7|656
07:03d2|In|Cat7|658
07:03d2|In|Cat7|659
07:08d2|In|Cat7|663
07:12d2|Out|Cat7|665
07:14d2|In|Cat3|667
07:17d2|Out|Cat7|671
07:18d2|In|Cat3|672
07:25d2|In|Cat4|682
07:28d2|Out|Cat3|683
07:31d2|Out|Cat3|685
07:32d2|Out|Cat11|686
07:54d2|In|Cat7|703
07:55d2|Out|Cat7|704
07:55d2|Out|Cat7|705
07:55d2|In|Cat4|706
08:02d2|Out|Cat4|719
08:02d2|Out|Cat4|720
08:05d2|In|Cat5|722
08:06d2|Out|Cat5|725
08:08d2|In|Cat7|727
08:08d2|In|Cat7|728
08:18d2|In|Cat7|735
08:25d2|In|Cat1|740
08:28d2|Out|Cat1|743
08:29d2|In|Cat3|745
08:33d2|In|Cat3|746
08:35d2|In|Cat1|747
08:36d2|Out|Cat1|750
08:36d2|Out|Cat7|756
08:36d2|Out|Cat7|757
08:54d2|Out|Cat7|766
09:18d2|In|Cat9|781
09:21d2|Out|Cat11|783
09:25d2|In|Cat4|785
09:31d2|In|Cat1|787
09:31d2|In|Cat1|788
09:35d2|Out|Cat4|789
09:48d2|In|Cat7|796
10:00d2|Out|Cat1|800
10:02d2|In|Cat2|801
10:11d2|Out|Cat9|803
10:15d2|Out|Cat1|806
10:16d2|In|Cat7|808
10:16d2|In|Cat7|809
10:25d2|In|Cat4|812
10:29d2|Out|Cat7|815
11:06d2|Out|Cat7|818
11:06d2|Out|Cat7|819
11:25d2|In|Cat5|823
11:25d2|In|Cat5|824
11:30d2|In|Cat5|825
11:36d2|Out|Cat4|826
11:42d2|In|Cat5|827
11:44d2|In|Cat5|828
11:46d2|Out|Cat5|831
11:48d2|In|Cat7|834
11:55d2|In|Cat4|835
12:01d2|Out|Cat5|838
12:02d2|Out|Cat5|839
12:02d2|Out|Cat5|840
12:04d2|Out|Cat5|841
12:05d2|Out|Cat4|842
12:08d2|Out|Cat2|845
12:14d2|In|Cat4|848
12:25d2|In|Cat1|856
12:25d2|In|Cat5|852
12:35d2|Out|Cat1|859
12:42d2|Out|Cat5|863
12:45d2|In|Cat5|865
12:45d2|In|Cat5|866
12:47d2|In|Cat4|868
12:50d2|Out|Cat7|869
12:55d2|In|Cat4|870
12:55d2|In|Cat5|871
12:57d2|In|Cat8|872
12:58d2|In|Cat5|873
13:05d2|In|Cat7|876
13:05d2|In|Cat7|877
13:08d2|Out|Cat8|878
13:13d2|Out|Cat5|879
13:14d2|In|Cat5|880
13:15d2|Out|Cat4|882
13:16d2|In|Cat4|883
13:17d2|Out|Cat4|884
13:25d2|In|Cat5|886
13:25d2|In|Cat5|887
13:32d2|Out|Cat5|888
13:33d2|In|Cat4|889
13:41d2|In|Cat4|892
13:45d2|Out|Cat3|894
13:47d2|In|Cat4|895
13:48d2|In|Cat9|896
13:52d2|In|Cat5|897
13:52d2|Out|Cat7|898
13:52d2|Out|Cat7|899
13:55d2|In|Cat4|900
13:55d2|In|Cat5|901
13:55d2|In|Cat5|902
13:57d2|In|Cat8|903
13:58d2|In|Cat5|904
14:02d2|Out|Cat5|906
14:06d2|In|Cat7|907
14:06d2|In|Cat7|908
14:13d2|Out|Cat5|909
14:18d2|In|Cat7|911
14:19d2|Out|Cat9|912
14:25d2|In|Cat5|913
14:25d2|In|Cat5|914
14:35d2|Out|Cat4|915
14:45d2|Out|Cat7|916
14:53d2|Out|Cat8|917
15:25d2|In|Cat4|921
15:25d2|In|Cat4|922
15:35d2|Out|Cat5|923
15:42d2|Out|Cat5|926
15:42d2|Out|Cat5|927
15:45d2|Out|Cat5|930
15:48d2|In|Cat5|933
15:48d2|In|Cat7|931
15:48d2|In|Cat7|932
15:53d2|In|Cat5|934
15:56d2|In|Cat12|935
15:58d2|In|Cat4|936
15:58d2|In|Cat5|937
15:59d2|In|Cat1|939
15:59d2|In|Cat4|940
16:00d2|Out|Cat5|941
16:02d2|Out|Cat5|942
16:05d2|Out|Cat5|946
16:06d2|Out|Cat4|947
16:08d2|Out|Cat5|948
16:11d2|Out|Cat7|949
16:11d2|Out|Cat7|950
16:13d2|Out|Cat4|952
16:14d2|In|Cat3|953
16:19d2|Out|Cat4|955
16:24d2|Out|Cat1|957
16:25d2|In|Cat1|960
16:25d2|In|Cat1|961
16:25d2|In|Cat5|958
16:25d2|In|Cat5|959
16:30d2|Out|Cat5|962
16:31d2|In|Cat8|963
16:35d2|Out|Cat1|966
16:35d2|Out|Cat5|964
16:39d2|In|Cat8|968
16:42d2|Out|Cat4|969
16:43d2|In|Cat8|970
16:44d2|Out|Cat4|971
16:45d2|Out|Cat3|972
16:47d2|In|Cat4|973
16:47d2|In|Cat4|974
16:50d2|Out|Cat7|975
16:55d2|In|Cat4|976
16:58d2|In|Cat2|978
16:58d2|In|Cat2|979
16:59d2|In|Cat1|980
16:59d2|In|Cat1|981
17:01d2|Out|Cat4|984
17:02d2|Out|Cat5|985
17:02d2|Out|Cat5|987
17:04d2|Out|Cat4|988
17:05d2|Out|Cat5|989
17:05d2|Out|Cat5|990
17:06d2|Out|Cat4|991
17:07d2|In|Cat7|993
17:08d2|Out|Cat8|995
17:14d2|In|Cat1|996
17:14d2|In|Cat1|997
17:15d2|Out|Cat2|998
17:15d2|Out|Cat2|999
17:15d2|Out|Cat4|1000
17:15d2|Out|Cat4|1001
17:18d2|In|Cat4|1004
17:18d2|In|Cat4|1005
17:18d2|In|Cat7|1003
17:19d2|Out|Cat1|1008
17:19d2|Out|Cat4|1006
17:21d2|Out|Cat7|1009
17:26d2|In|Cat1|1010
17:26d2|Out|Cat12|1011
17:29d2|In|Cat5|1013
17:31d2|Out|Cat5|1014
17:35d2|Out|Cat1|1016
17:35d2|Out|Cat1|1017
17:35d2|Out|Cat1|1018
17:36d2|Out|Cat1|1022
17:36d2|Out|Cat4|1021
17:40d2|In|Cat1|1023
17:41d2|Out|Cat7|1024
17:42d2|Out|Cat3|1026
17:45d2|Out|Cat1|1031
17:47d2|In|Cat4|1032
17:47d2|In|Cat4|1033
17:50d2|Out|Cat7|1035
17:55d2|In|Cat4|1040
17:55d2|In|Cat5|1038
17:55d2|In|Cat5|1039
17:56d2|Out|Cat4|1041
17:57d2|In|Cat8|1042
17:58d2|In|Cat4|1043
17:58d2|In|Cat4|1044
17:58d2|In|Cat5|1045
17:59d2|In|Cat1|1046
18:00d2|Out|Cat5|1047
18:02d2|Out|Cat1|1050
18:02d2|Out|Cat1|1051
18:04d2|Out|Cat4|1053
18:05d2|In|Cat5|1054
18:06d2|Out|Cat5|1055
18:06d2|Out|Cat5|1056
18:08d2|Out|Cat4|1057
18:11d2|In|Cat8|1058
18:14d2|In|Cat5|1060
18:15d2|Out|Cat5|1061
18:15d2|Out|Cat5|1062
18:18d2|In|Cat7|1065
18:25d2|In|Cat4|1068
18:26d2|Out|Cat8|1071
18:29d2|In|Cat8|1073
18:31d2|Out|Cat4|1074
18:35d2|Out|Cat4|1076
18:38d2|In|Cat7|1081
18:41d2|Out|Cat7|1083
18:41d2|Out|Cat7|1084
18:44d2|Out|Cat4|1086
18:47d2|In|Cat4|1089
18:51d2|In|Cat1|1090
18:55d2|In|Cat4|1095
18:58d2|In|Cat5|1099
18:58d2|In|Cat5|1100
18:58d2|In|Cat5|1101
18:59d2|In|Cat5|1102
19:00d2|Out|Cat8|1103
19:01d2|Out|Cat5|1105
19:04d2|Out|Cat5|1107
19:06d2|Out|Cat5|1109
19:08d2|Out|Cat4|1110
19:13d2|In|Cat4|1111
19:14d2|In|Cat3|1113
19:15d2|Out|Cat5|1114
19:16d2|In|Cat4|1115
19:16d2|In|Cat4|1116
19:19d2|Out|Cat4|1118
19:20d2|Out|Cat1|1119
19:25d2|In|Cat4|1120
19:35d2|Out|Cat3|1126
19:41d2|In|Cat3|1128
19:47d2|In|Cat4|1129
19:55d2|In|Cat4|1131
19:55d2|In|Cat4|1132
20:04d2|Out|Cat4|1137
20:15d2|Out|Cat4|1141
20:17d2|In|Cat7|1143
20:17d2|In|Cat7|1144
20:19d2|Out|Cat3|1145
20:45d2|Out|Cat4|1151
20:47d2|In|Cat4|1156
20:47d2|In|Cat4|1157
20:47d2|In|Cat4|1158
20:48d2|In|Cat7|1159
20:48d2|In|Cat7|1160
20:55d2|In|Cat4|1161
21:16d2|In|Cat4|1170
21:16d2|In|Cat4|1171
21:19d2|Out|Cat4|1173
21:20d2|Out|Cat7|1174
21:20d2|Out|Cat7|1175
21:35d2|In|Cat4|1177
21:40d2|In|Cat11|1179
21:59d2|In|Cat5|1181
22:07d2|In|Cat7|1182
22:08d2|Out|Cat4|1183
22:20d2|In|Cat7|1185
22:20d2|In|Cat7|1186
22:25d2|Out|Cat11|1187
22:44d2|In|Cat7|1189
23:25d2|In|Cat4|1191
05:13d3|Out|Cat5|1194
05:27d3|In|Cat5|1197
05:31d3|In|Cat7|1198
05:31d3|In|Cat7|1199
05:33d3|In|Cat5|1201
05:44d3|Out|Cat4|1203
05:51d3|Out|Cat7|1204
05:51d3|Out|Cat7|1205
06:02d3|Out|Cat5|1207
06:02d3|Out|Cat8|1206
06:06d3|Out|Cat4|1209
06:08d3|Out|Cat5|1210
06:09d3|Out|Cat8|1212
06:21d3|In|Cat4|1216
06:24d3|In|Cat7|1217
06:24d3|In|Cat7|1218
06:25d3|In|Cat5|1219
06:31d3|Out|Cat5|1221
06:35d3|Out|Cat4|1223
06:40d3|In|Cat4|1225
06:41d3|In|Cat11|1228
06:47d3|In|Cat4|1234
06:55d3|In|Cat4|1236
06:55d3|Out|Cat8|1239
07:00d3|In|Cat11|1244
07:02d3|Out|Cat4|1247
07:02d3|Out|Cat7|1248
07:02d3|Out|Cat7|1249
07:03d3|In|Cat7|1251
07:03d3|In|Cat7|1252
07:04d3|Out|Cat4|1253
07:05d3|Out|Cat4|1254
07:06d3|Out|Cat4|1255
07:08d3|In|Cat7|1256
07:12d3|Out|Cat7|1258
07:14d3|In|Cat3|1260
07:17d3|Out|Cat7|1264
07:18d3|In|Cat3|1265
07:28d3|Out|Cat3|1275
07:29d3|In|Cat5|1276
07:31d3|Out|Cat3|1277
07:32d3|Out|Cat11|1278
07:35d3|Out|Cat4|1285
07:35d3|Out|Cat5|1280
07:54d3|In|Cat7|1294
07:55d3|Out|Cat7|1295
07:55d3|Out|Cat7|1296
07:55d3|In|Cat4|1297
07:55d3|In|Cat4|1300
07:55d3|In|Cat4|1301
08:02d3|Out|Cat4|1310
08:04d3|Out|Cat4|1312
08:05d3|Out|Cat4|1314
08:06d3|Out|Cat4|1317
08:08d3|In|Cat7|1318
08:08d3|In|Cat7|1319
08:13d3|Out|Cat4|1320
08:13d3|Out|Cat4|1321
08:18d3|In|Cat7|1325
08:25d3|In|Cat1|1331
08:25d3|In|Cat1|1332
08:28d3|Out|Cat1|1333
08:28d3|Out|Cat1|1334
08:29d3|In|Cat3|1336
08:29d3|In|Cat5|1335
08:33d3|In|Cat3|1337
08:35d3|In|Cat1|1338
08:36d3|Out|Cat1|1340
08:36d3|Out|Cat4|1342
08:36d3|Out|Cat4|1345
08:36d3|Out|Cat5|1341
08:36d3|Out|Cat7|1347
08:36d3|Out|Cat7|1348
08:45d3|Out|Cat4|1354
08:54d3|Out|Cat7|1357
08:55d3|In|Cat4|1359
09:14d3|In|Cat4|1371
09:18d3|In|Cat9|1372
09:21d3|Out|Cat11|1374
09:25d3|In|Cat4|1375
09:25d3|In|Cat4|1376
09:39d3|Out|Cat7|1381
09:39d3|Out|Cat7|1382
09:48d3|In|Cat7|1386
09:55d3|In|Cat4|1387
09:57d3|In|Cat8|1388
10:02d3|In|Cat2|1391
10:11d3|Out|Cat9|1393
10:13d3|Out|Cat4|1394
10:14d3|In|Cat4|1395
10:15d3|Out|Cat2|1396
10:16d3|In|Cat7|1398
10:16d3|In|Cat7|1399
10:26d3|Out|Cat8|1403
10:29d3|Out|Cat7|1404
11:02d3|Out|Cat4|1407
11:06d3|Out|Cat7|1408
11:06d3|Out|Cat7|1409
11:13d3|Out|Cat4|1411
11:15d3|Out|Cat7|1412
11:15d3|Out|Cat7|1413
11:25d3|In|Cat5|1414
11:25d3|In|Cat5|1415
11:36d3|Out|Cat5|1416
11:44d3|In|Cat5|1417
11:46d3|Out|Cat4|1419
11:46d3|Out|Cat4|1420
11:47d3|In|Cat4|1421
11:48d3|In|Cat7|1422
11:48d3|In|Cat7|1423
11:55d3|In|Cat4|1424
11:58d3|In|Cat5|1425
11:59d3|In|Cat1|1427
12:01d3|Out|Cat5|1428
12:02d3|Out|Cat5|1429
12:04d3|Out|Cat4|1431
12:05d3|Out|Cat5|1433
12:08d3|Out|Cat1|1435
12:14d3|In|Cat4|1437
12:25d3|In|Cat1|1443
12:25d3|In|Cat1|1444
12:35d3|Out|Cat1|1449
12:35d3|Out|Cat1|1450
12:47d3|In|Cat4|1458
12:50d3|Out|Cat7|1459
12:55d3|In|Cat4|1461
12:57d3|In|Cat8|1462
12:58d3|In|Cat5|1463
13:02d3|Out|Cat5|1465
13:05d3|In|Cat7|1467
13:05d3|In|Cat7|1468
13:08d3|Out|Cat8|1469
13:10d3|In|Cat4|1470
13:13d3|Out|Cat4|1471
13:15d3|Out|Cat4|1473
13:16d3|In|Cat4|1475
13:32d3|Out|Cat4|1480
13:33d3|In|Cat4|1481
13:35d3|Out|Cat4|1482
13:41d3|In|Cat4|1484
13:45d3|Out|Cat3|1486
13:47d3|In|Cat4|1487
13:48d3|In|Cat9|1488
13:52d3|Out|Cat7|1490
13:52d3|Out|Cat7|1491
13:55d3|In|Cat4|1492
13:55d3|In|Cat4|1493
13:55d3|In|Cat4|1494
14:06d3|In|Cat7|1500
14:06d3|In|Cat7|1501
14:13d3|Out|Cat4|1502
14:18d3|In|Cat7|1504
14:18d3|In|Cat7|1505
14:19d3|Out|Cat9|1506
14:45d3|Out|Cat7|1510
14:51d3|In|Cat8|1511
14:53d3|Out|Cat8|1512
15:01d3|In|Cat5|1513
15:25d3|In|Cat5|1516
15:25d3|In|Cat5|1517
15:35d3|Out|Cat4|1518
15:44d3|Out|Cat5|1523
15:45d3|Out|Cat4|1524
15:48d3|In|Cat7|1525
15:48d3|In|Cat7|1526
15:56d3|In|Cat12|1527
15:58d3|In|Cat4|1529
15:58d3|In|Cat5|1528
16:00d3|Out|Cat4|1532
16:02d3|Out|Cat4|1534
16:02d3|Out|Cat5|1535
16:05d3|Out|Cat4|1537
16:06d3|Out|Cat4|1538
16:08d3|Out|Cat5|1539
16:11d3|Out|Cat7|1540
16:11d3|Out|Cat7|1541
16:13d3|Out|Cat5|1544
16:14d3|In|Cat3|1545
16:19d3|Out|Cat4|1547
16:25d3|In|Cat1|1551
16:25d3|In|Cat5|1552
16:25d3|In|Cat5|1553
16:30d3|Out|Cat4|1554
16:35d3|Out|Cat1|1556
16:35d3|Out|Cat5|1555
16:39d3|In|Cat8|1559
16:44d3|Out|Cat4|1561
16:45d3|Out|Cat3|1562
16:47d3|In|Cat4|1563
16:47d3|In|Cat4|1564
16:50d3|Out|Cat7|1565
16:55d3|In|Cat4|1566
16:58d3|In|Cat2|1568
16:58d3|In|Cat2|1569
17:00d3|Out|Cat4|1572
17:02d3|Out|Cat4|1577
17:02d3|Out|Cat5|1576
17:06d3|Out|Cat4|1581
17:07d3|In|Cat7|1583
17:08d3|Out|Cat4|1584
17:08d3|Out|Cat8|1585
17:14d3|In|Cat1|1586
17:14d3|In|Cat1|1587
17:15d3|Out|Cat2|1588
17:15d3|Out|Cat2|1589
17:15d3|Out|Cat4|1590
17:18d3|In|Cat4|1593
17:18d3|In|Cat4|1594
17:18d3|In|Cat7|1595
17:21d3|Out|Cat7|1599
17:26d3|In|Cat1|1600
17:26d3|Out|Cat12|1601
17:35d3|Out|Cat1|1606
17:35d3|Out|Cat1|1608
17:36d3|Out|Cat4|1612
17:40d3|In|Cat1|1614
17:41d3|Out|Cat7|1615
17:42d3|Out|Cat3|1617
17:45d3|Out|Cat1|1621
17:45d3|Out|Cat1|1622
17:47d3|In|Cat4|1623
17:47d3|In|Cat4|1624
17:50d3|Out|Cat7|1626
17:52d3|Out|Cat7|1628
17:55d3|In|Cat4|1630
17:56d3|Out|Cat4|1632
17:58d3|In|Cat4|1634
17:58d3|In|Cat4|1635
18:00d3|Out|Cat4|1637
18:02d3|Out|Cat4|1642
18:11d3|Out|Cat7|1648
18:15d3|Out|Cat4|1651
18:17d3|In|Cat8|1653
18:18d3|In|Cat7|1654
18:18d3|In|Cat7|1655
18:19d3|Out|Cat4|1657
18:25d3|In|Cat4|1660
18:26d3|Out|Cat8|1662
18:33d3|In|Cat1|1665
18:35d3|Out|Cat1|1667
18:36d3|Out|Cat4|1669
18:38d3|In|Cat7|1670
18:39d3|In|Cat8|1671
18:41d3|Out|Cat7|1673
18:41d3|Out|Cat7|1674
18:44d3|In|Cat1|1675
18:44d3|Out|Cat4|1676
18:51d3|In|Cat1|1680
18:51d3|Out|Cat7|1681
18:55d3|In|Cat4|1685
18:55d3|Out|Cat7|1687
18:55d3|Out|Cat7|1688
18:59d3|In|Cat5|1693
19:00d3|Out|Cat1|1694
19:00d3|Out|Cat8|1695
19:01d3|Out|Cat5|1696
19:02d3|Out|Cat4|1697
19:13d3|In|Cat4|1702
19:14d3|Out|Cat4|1703
19:14d3|In|Cat3|1704
19:16d3|In|Cat4|1706
19:16d3|In|Cat4|1707
19:19d3|Out|Cat4|1708
19:20d3|Out|Cat1|1710
19:25d3|In|Cat4|1712
19:35d3|Out|Cat3|1715
19:35d3|Out|Cat4|1717
19:41d3|In|Cat3|1719
19:47d3|In|Cat4|1720
19:55d3|In|Cat4|1723
19:58d3|In|Cat5|1724
19:59d3|In|Cat5|1725
19:59d3|In|Cat5|1726
20:02d3|Out|Cat4|1727
20:04d3|Out|Cat5|1728
20:06d3|Out|Cat4|1729
20:13d3|Out|Cat5|1731
20:15d3|Out|Cat5|1732
20:19d3|Out|Cat3|1736
20:35d3|In|Cat1|1741
20:44d3|Out|Cat1|1744
20:44d3|Out|Cat4|1743
20:48d3|In|Cat7|1751
21:16d3|In|Cat4|1762
21:19d3|Out|Cat4|1764
21:20d3|Out|Cat7|1765
21:35d3|In|Cat4|1767
21:40d3|Out|Cat4|1768
21:40d3|In|Cat11|1769
21:59d3|In|Cat5|1771
22:08d3|Out|Cat5|1773
22:25d3|Out|Cat11|1777
