{
  "week" : 0,
  "scenario" : "n080w8",
  "nurseHistory" : [ {
    "nurse" : "HN_0",
    "numberOfAssignments" : 0,
    "numberOfWorkingWeekends" : 0,
    "lastAssignedShiftType" : "None",
    "numberOfConsecutiveAssignments" : 0,
    "numberOfConsecutiveWorkingDays" : 0,
    "numberOfConsecutiveDaysOff" : 3
  }, {
    "nurse" : "HN_1",
    "numberOfAssignments" : 0,
    "numberOfWorkingWeekends" : 0,
    "lastAssignedShiftType" : "Night",
    "numberOfConsecutiveAssignments" : 2,
    "numberOfConsecutiveWorkingDays" : 2,
    "numberOfConsecutiveDaysOff" : 0
  }, {
    "nurse" : "HN_2",
    "numberOfAssignments" : 0,
    "numberOfWorkingWeekends" : 0,
    "lastAssignedShiftType" : "Night",
    "numberOfConsecutiveAssignments" : 3,
    "numberOfConsecutiveWorkingDays" : 5,
    "numberOfConsecutiveDaysOff" : 0
  }, {
    "nurse" : "HN_3",
    "numberOfAssignments" : 0,
    "numberOfWorkingWeekends" : 0,
    "lastAssignedShiftType" : "None",
    "numberOfConsecutiveAssignments" : 0,
    "numberOfConsecutiveWorkingDays" : 0,
    "numberOfConsecutiveDaysOff" : 2
  }, {
    "nurse" : "HN_4",
    "numberOfAssignments" : 0,
    "numberOfWorkingWeekends" : 0,
    "lastAssignedShiftType" : "None",
    "numberOfConsecutiveAssignments" : 0,
    "numberOfConsecutiveWorkingDays" : 0,
    "numberOfConsecutiveDaysOff" : 5
  }, {
    "nurse" : "HN_5",
    "numberOfAssignments" : 0,
    "numberOfWorkingWeekends" : 0,
    "lastAssignedShiftType" : "None",
    "numberOfConsecutiveAssignments" : 0,
    "numberOfConsecutiveWorkingDays" : 0,
    "numberOfConsecutiveDaysOff" : 6
  }, {
    "nurse" : "HN_6",
    "numberOfAssignments" : 0,
    "numberOfWorkingWeekends" : 0,
    "lastAssignedShiftType" : "Day",
    "numberOfConsecutiveAssignments" : 2,
    "numberOfConsecutiveWorkingDays" : 2,
    "numberOfConsecutiveDaysOff" : 0
  }, {
    "nurse" : "HN_7",
    "numberOfAssignments" : 0,
    "numberOfWorkingWeekends" : 0,
    "lastAssignedShiftType" : "None",
    "numberOfConsecutiveAssignments" : 0,
    "numberOfConsecutiveWorkingDays" : 0,
    "numberOfConsecutiveDaysOff" : 2
  }, {
    "nurse" : "HN_8",
    "numberOfAssignments" : 0,
    "numberOfWorkingWeekends" : 0,
    "lastAssignedShiftType" : "Late",
    "numberOfConsecutiveAssignments" : 5,
    "numberOfConsecutiveWorkingDays" : 5,
    "numberOfConsecutiveDaysOff" : 0
  }, {
    "nurse" : "HN_9",
    "numberOfAssignments" : 0,
    "numberOfWorkingWeekends" : 0,
    "lastAssignedShiftType" : "None",
    "numberOfConsecutiveAssignments" : 0,
    "numberOfConsecutiveWorkingDays" : 0,
    "numberOfConsecutiveDaysOff" : 5
  }, {
    "nurse" : "NU_10",
    "numberOfAssignments" : 0,
    "numberOfWorkingWeekends" : 0,
    "lastAssignedShiftType" : "Early",
    "numberOfConsecutiveAssignments" : 2,
    "numberOfConsecutiveWorkingDays" : 4,
    "numberOfConsecutiveDaysOff" : 0
  }, {
    "nurse" : "NU_11",
    "numberOfAssignments" : 0,
    "numberOfWorkingWeekends" : 0,
    "lastAssignedShiftType" : "None",
    "numberOfConsecutiveAssignments" : 0,
    "numberOfConsecutiveWorkingDays" : 0,
    "numberOfConsecutiveDaysOff" : 6
  }, {
    "nurse" : "NU_12",
    "numberOfAssignments" : 0,
    "numberOfWorkingWeekends" : 0,
    "lastAssignedShiftType" : "None",
    "numberOfConsecutiveAssignments" : 0,
    "numberOfConsecutiveWorkingDays" : 0,
    "numberOfConsecutiveDaysOff" : 2
  }, {
    "nurse" : "NU_13",
    "numberOfAssignments" : 0,
    "numberOfWorkingWeekends" : 0,
    "lastAssignedShiftType" : "None",
    "numberOfConsecutiveAssignments" : 0,
    "numberOfConsecutiveWorkingDays" : 0,
    "numberOfConsecutiveDaysOff" : 2
  }, {
    "nurse" : "NU_14",
    "numberOfAssignments" : 0,
    "numberOfWorkingWeekends" : 0,
    "lastAssignedShiftType" : "None",
    "numberOfConsecutiveAssignments" : 0,
    "numberOfConsecutiveWorkingDays" : 0,
    "numberOfConsecutiveDaysOff" : 2
  }, {
    "nurse" : "NU_15",
    "numberOfAssignments" : 0,
    "numberOfWorkingWeekends" : 0,
    "lastAssignedShiftType" : "None",
    "numberOfConsecutiveAssignments" : 0,
    "numberOfConsecutiveWorkingDays" : 0,
    "numberOfConsecutiveDaysOff" : 6
  }, {
    "nurse" : "NU_16",
    "numberOfAssignments" : 0,
    "numberOfWorkingWeekends" : 0,
    "lastAssignedShiftType" : "None",
    "numberOfConsecutiveAssignments" : 0,
    "numberOfConsecutiveWorkingDays" : 0,
    "numberOfConsecutiveDaysOff" : 4
  }, {
    "nurse" : "NU_17",
    "numberOfAssignments" : 0,
    "numberOfWorkingWeekends" : 0,
    "lastAssignedShiftType" : "Day",
    "numberOfConsecutiveAssignments" : 5,
    "numberOfConsecutiveWorkingDays" : 5,
    "numberOfConsecutiveDaysOff" : 0
  }, {
    "nurse" : "NU_18",
    "numberOfAssignments" : 0,
    "numberOfWorkingWeekends" : 0,
    "lastAssignedShiftType" : "None",
    "numberOfConsecutiveAssignments" : 0,
    "numberOfConsecutiveWorkingDays" : 0,
    "numberOfConsecutiveDaysOff" : 2
  }, {
    "nurse" : "NU_19",
    "numberOfAssignments" : 0,
    "numberOfWorkingWeekends" : 0,
    "lastAssignedShiftType" : "None",
    "numberOfConsecutiveAssignments" : 0,
    "numberOfConsecutiveWorkingDays" : 0,
    "numberOfConsecutiveDaysOff" : 2
  }, {
    "nurse" : "CT_20",
    "numberOfAssignments" : 0,
    "numberOfWorkingWeekends" : 0,
    "lastAssignedShiftType" : "None",
    "numberOfConsecutiveAssignments" : 0,
    "numberOfConsecutiveWorkingDays" : 0,
    "numberOfConsecutiveDaysOff" : 5
  }, {
    "nurse" : "CT_21",
    "numberOfAssignments" : 0,
    "numberOfWorkingWeekends" : 0,
    "lastAssignedShiftType" : "Early",
    "numberOfConsecutiveAssignments" : 2,
    "numberOfConsecutiveWorkingDays" : 2,
    "numberOfConsecutiveDaysOff" : 0
  }, {
    "nurse" : "CT_22",
    "numberOfAssignments" : 0,
    "numberOfWorkingWeekends" : 0,
    "lastAssignedShiftType" : "None",
    "numberOfConsecutiveAssignments" : 0,
    "numberOfConsecutiveWorkingDays" : 0,
    "numberOfConsecutiveDaysOff" : 2
  }, {
    "nurse" : "CT_23",
    "numberOfAssignments" : 0,
    "numberOfWorkingWeekends" : 0,
    "lastAssignedShiftType" : "Early",
    "numberOfConsecutiveAssignments" : 2,
    "numberOfConsecutiveWorkingDays" : 4,
    "numberOfConsecutiveDaysOff" : 0
  }, {
    "nurse" : "CT_24",
    "numberOfAssignments" : 0,
    "numberOfWorkingWeekends" : 0,
    "lastAssignedShiftType" : "None",
    "numberOfConsecutiveAssignments" : 0,
    "numberOfConsecutiveWorkingDays" : 0,
    "numberOfConsecutiveDaysOff" : 2
  }, {
    "nurse" : "CT_25",
    "numberOfAssignments" : 0,
    "numberOfWorkingWeekends" : 0,
    "lastAssignedShiftType" : "None",
    "numberOfConsecutiveAssignments" : 0,
    "numberOfConsecutiveWorkingDays" : 0,
    "numberOfConsecutiveDaysOff" : 4
  }, {
    "nurse" : "CT_26",
    "numberOfAssignments" : 0,
    "numberOfWorkingWeekends" : 0,
    "lastAssignedShiftType" : "None",
    "numberOfConsecutiveAssignments" : 0,
    "numberOfConsecutiveWorkingDays" : 0,
    "numberOfConsecutiveDaysOff" : 2
  }, {
    "nurse" : "CT_27",
    "numberOfAssignments" : 0,
    "numberOfWorkingWeekends" : 0,
    "lastAssignedShiftType" : "None",
    "numberOfConsecutiveAssignments" : 0,
    "numberOfConsecutiveWorkingDays" : 0,
    "numberOfConsecutiveDaysOff" : 2
  }, {
    "nurse" : "CT_28",
    "numberOfAssignments" : 0,
    "numberOfWorkingWeekends" : 0,
    "lastAssignedShiftType" : "Night",
    "numberOfConsecutiveAssignments" : 1,
    "numberOfConsecutiveWorkingDays" : 3,
    "numberOfConsecutiveDaysOff" : 0
  }, {
    "nurse" : "CT_29",
    "numberOfAssignments" : 0,
    "numberOfWorkingWeekends" : 0,
    "lastAssignedShiftType" : "Night",
    "numberOfConsecutiveAssignments" : 3,
    "numberOfConsecutiveWorkingDays" : 3,
    "numberOfConsecutiveDaysOff" : 0
  }, {
    "nurse" : "CT_30",
    "numberOfAssignments" : 0,
    "numberOfWorkingWeekends" : 0,
    "lastAssignedShiftType" : "None",
    "numberOfConsecutiveAssignments" : 0,
    "numberOfConsecutiveWorkingDays" : 0,
    "numberOfConsecutiveDaysOff" : 5
  }, {
    "nurse" : "CT_31",
    "numberOfAssignments" : 0,
    "numberOfWorkingWeekends" : 0,
    "lastAssignedShiftType" : "None",
    "numberOfConsecutiveAssignments" : 0,
    "numberOfConsecutiveWorkingDays" : 0,
    "numberOfConsecutiveDaysOff" : 4
  }, {
    "nurse" : "CT_32",
    "numberOfAssignments" : 0,
    "numberOfWorkingWeekends" : 0,
    "lastAssignedShiftType" : "None",
    "numberOfConsecutiveAssignments" : 0,
    "numberOfConsecutiveWorkingDays" : 0,
    "numberOfConsecutiveDaysOff" : 2
  }, {
    "nurse" : "CT_33",
    "numberOfAssignments" : 0,
    "numberOfWorkingWeekends" : 0,
    "lastAssignedShiftType" : "Night",
    "numberOfConsecutiveAssignments" : 3,
    "numberOfConsecutiveWorkingDays" : 3,
    "numberOfConsecutiveDaysOff" : 0
  }, {
    "nurse" : "CT_34",
    "numberOfAssignments" : 0,
    "numberOfWorkingWeekends" : 0,
    "lastAssignedShiftType" : "None",
    "numberOfConsecutiveAssignments" : 0,
    "numberOfConsecutiveWorkingDays" : 0,
    "numberOfConsecutiveDaysOff" : 5
  }, {
    "nurse" : "CT_35",
    "numberOfAssignments" : 0,
    "numberOfWorkingWeekends" : 0,
    "lastAssignedShiftType" : "Night",
    "numberOfConsecutiveAssignments" : 5,
    "numberOfConsecutiveWorkingDays" : 5,
    "numberOfConsecutiveDaysOff" : 0
  }, {
    "nurse" : "CT_36",
    "numberOfAssignments" : 0,
    "numberOfWorkingWeekends" : 0,
    "lastAssignedShiftType" : "None",
    "numberOfConsecutiveAssignments" : 0,
    "numberOfConsecutiveWorkingDays" : 0,
    "numberOfConsecutiveDaysOff" : 3
  }, {
    "nurse" : "CT_37",
    "numberOfAssignments" : 0,
    "numberOfWorkingWeekends" : 0,
    "lastAssignedShiftType" : "Late",
    "numberOfConsecutiveAssignments" : 2,
    "numberOfConsecutiveWorkingDays" : 2,
    "numberOfConsecutiveDaysOff" : 0
  }, {
    "nurse" : "CT_38",
    "numberOfAssignments" : 0,
    "numberOfWorkingWeekends" : 0,
    "lastAssignedShiftType" : "Day",
    "numberOfConsecutiveAssignments" : 2,
    "numberOfConsecutiveWorkingDays" : 5,
    "numberOfConsecutiveDaysOff" : 0
  }, {
    "nurse" : "CT_39",
    "numberOfAssignments" : 0,
    "numberOfWorkingWeekends" : 0,
    "lastAssignedShiftType" : "Early",
    "numberOfConsecutiveAssignments" : 2,
    "numberOfConsecutiveWorkingDays" : 4,
    "numberOfConsecutiveDaysOff" : 0
  }, {
    "nurse" : "CT_40",
    "numberOfAssignments" : 0,
    "numberOfWorkingWeekends" : 0,
    "lastAssignedShiftType" : "None",
    "numberOfConsecutiveAssignments" : 0,
    "numberOfConsecutiveWorkingDays" : 0,
    "numberOfConsecutiveDaysOff" : 2
  }, {
    "nurse" : "CT_41",
    "numberOfAssignments" : 0,
    "numberOfWorkingWeekends" : 0,
    "lastAssignedShiftType" : "None",
    "numberOfConsecutiveAssignments" : 0,
    "numberOfConsecutiveWorkingDays" : 0,
    "numberOfConsecutiveDaysOff" : 3
  }, {
    "nurse" : "CT_42",
    "numberOfAssignments" : 0,
    "numberOfWorkingWeekends" : 0,
    "lastAssignedShiftType" : "None",
    "numberOfConsecutiveAssignments" : 0,
    "numberOfConsecutiveWorkingDays" : 0,
    "numberOfConsecutiveDaysOff" : 2
  }, {
    "nurse" : "CT_43",
    "numberOfAssignments" : 0,
    "numberOfWorkingWeekends" : 0,
    "lastAssignedShiftType" : "None",
    "numberOfConsecutiveAssignments" : 0,
    "numberOfConsecutiveWorkingDays" : 0,
    "numberOfConsecutiveDaysOff" : 6
  }, {
    "nurse" : "CT_44",
    "numberOfAssignments" : 0,
    "numberOfWorkingWeekends" : 0,
    "lastAssignedShiftType" : "None",
    "numberOfConsecutiveAssignments" : 0,
    "numberOfConsecutiveWorkingDays" : 0,
    "numberOfConsecutiveDaysOff" : 2
  }, {
    "nurse" : "CT_45",
    "numberOfAssignments" : 0,
    "numberOfWorkingWeekends" : 0,
    "lastAssignedShiftType" : "None",
    "numberOfConsecutiveAssignments" : 0,
    "numberOfConsecutiveWorkingDays" : 0,
    "numberOfConsecutiveDaysOff" : 2
  }, {
    "nurse" : "CT_46",
    "numberOfAssignments" : 0,
    "numberOfWorkingWeekends" : 0,
    "lastAssignedShiftType" : "None",
    "numberOfConsecutiveAssignments" : 0,
    "numberOfConsecutiveWorkingDays" : 0,
    "numberOfConsecutiveDaysOff" : 2
  }, {
    "nurse" : "CT_47",
    "numberOfAssignments" : 0,
    "numberOfWorkingWeekends" : 0,
    "lastAssignedShiftType" : "Day",
    "numberOfConsecutiveAssignments" : 4,
    "numberOfConsecutiveWorkingDays" : 4,
    "numberOfConsecutiveDaysOff" : 0
  }, {
    "nurse" : "CT_48",
    "numberOfAssignments" : 0,
    "numberOfWorkingWeekends" : 0,
    "lastAssignedShiftType" : "None",
    "numberOfConsecutiveAssignments" : 0,
    "numberOfConsecutiveWorkingDays" : 0,
    "numberOfConsecutiveDaysOff" : 2
  }, {
    "nurse" : "CT_49",
    "numberOfAssignments" : 0,
    "numberOfWorkingWeekends" : 0,
    "lastAssignedShiftType" : "None",
    "numberOfConsecutiveAssignments" : 0,
    "numberOfConsecutiveWorkingDays" : 0,
    "numberOfConsecutiveDaysOff" : 2
  }, {
    "nurse" : "CT_50",
    "numberOfAssignments" : 0,
    "numberOfWorkingWeekends" : 0,
    "lastAssignedShiftType" : "None",
    "numberOfConsecutiveAssignments" : 0,
    "numberOfConsecutiveWorkingDays" : 0,
    "numberOfConsecutiveDaysOff" : 3
  }, {
    "nurse" : "CT_51",
    "numberOfAssignments" : 0,
    "numberOfWorkingWeekends" : 0,
    "lastAssignedShiftType" : "None",
    "numberOfConsecutiveAssignments" : 0,
    "numberOfConsecutiveWorkingDays" : 0,
    "numberOfConsecutiveDaysOff" : 4
  }, {
    "nurse" : "CT_52",
    "numberOfAssignments" : 0,
    "numberOfWorkingWeekends" : 0,
    "lastAssignedShiftType" : "Day",
    "numberOfConsecutiveAssignments" : 1,
    "numberOfConsecutiveWorkingDays" : 3,
    "numberOfConsecutiveDaysOff" : 0
  }, {
    "nurse" : "CT_53",
    "numberOfAssignments" : 0,
    "numberOfWorkingWeekends" : 0,
    "lastAssignedShiftType" : "None",
    "numberOfConsecutiveAssignments" : 0,
    "numberOfConsecutiveWorkingDays" : 0,
    "numberOfConsecutiveDaysOff" : 3
  }, {
    "nurse" : "CT_54",
    "numberOfAssignments" : 0,
    "numberOfWorkingWeekends" : 0,
    "lastAssignedShiftType" : "Late",
    "numberOfConsecutiveAssignments" : 4,
    "numberOfConsecutiveWorkingDays" : 4,
    "numberOfConsecutiveDaysOff" : 0
  }, {
    "nurse" : "CT_55",
    "numberOfAssignments" : 0,
    "numberOfWorkingWeekends" : 0,
    "lastAssignedShiftType" : "None",
    "numberOfConsecutiveAssignments" : 0,
    "numberOfConsecutiveWorkingDays" : 0,
    "numberOfConsecutiveDaysOff" : 6
  }, {
    "nurse" : "CT_56",
    "numberOfAssignments" : 0,
    "numberOfWorkingWeekends" : 0,
    "lastAssignedShiftType" : "None",
    "numberOfConsecutiveAssignments" : 0,
    "numberOfConsecutiveWorkingDays" : 0,
    "numberOfConsecutiveDaysOff" : 2
  }, {
    "nurse" : "CT_57",
    "numberOfAssignments" : 0,
    "numberOfWorkingWeekends" : 0,
    "lastAssignedShiftType" : "None",
    "numberOfConsecutiveAssignments" : 0,
    "numberOfConsecutiveWorkingDays" : 0,
    "numberOfConsecutiveDaysOff" : 2
  }, {
    "nurse" : "CT_58",
    "numberOfAssignments" : 0,
    "numberOfWorkingWeekends" : 0,
    "lastAssignedShiftType" : "None",
    "numberOfConsecutiveAssignments" : 0,
    "numberOfConsecutiveWorkingDays" : 0,
    "numberOfConsecutiveDaysOff" : 3
  }, {
    "nurse" : "CT_59",
    "numberOfAssignments" : 0,
    "numberOfWorkingWeekends" : 0,
    "lastAssignedShiftType" : "Late",
    "numberOfConsecutiveAssignments" : 2,
    "numberOfConsecutiveWorkingDays" : 4,
    "numberOfConsecutiveDaysOff" : 0
  }, {
    "nurse" : "TR_60",
    "numberOfAssignments" : 0,
    "numberOfWorkingWeekends" : 0,
    "lastAssignedShiftType" : "Early",
    "numberOfConsecutiveAssignments" : 3,
    "numberOfConsecutiveWorkingDays" : 3,
    "numberOfConsecutiveDaysOff" : 0
  }, {
    "nurse" : "TR_61",
    "numberOfAssignments" : 0,
    "numberOfWorkingWeekends" : 0,
    "lastAssignedShiftType" : "None",
    "numberOfConsecutiveAssignments" : 0,
    "numberOfConsecutiveWorkingDays" : 0,
    "numberOfConsecutiveDaysOff" : 2
  }, {
    "nurse" : "TR_62",
    "numberOfAssignments" : 0,
    "numberOfWorkingWeekends" : 0,
    "lastAssignedShiftType" : "Night",
    "numberOfConsecutiveAssignments" : 4,
    "numberOfConsecutiveWorkingDays" : 4,
    "numberOfConsecutiveDaysOff" : 0
  }, {
    "nurse" : "TR_63",
    "numberOfAssignments" : 0,
    "numberOfWorkingWeekends" : 0,
    "lastAssignedShiftType" : "None",
    "numberOfConsecutiveAssignments" : 0,
    "numberOfConsecutiveWorkingDays" : 0,
    "numberOfConsecutiveDaysOff" : 3
  }, {
    "nurse" : "TR_64",
    "numberOfAssignments" : 0,
    "numberOfWorkingWeekends" : 0,
    "lastAssignedShiftType" : "None",
    "numberOfConsecutiveAssignments" : 0,
    "numberOfConsecutiveWorkingDays" : 0,
    "numberOfConsecutiveDaysOff" : 4
  }, {
    "nurse" : "TR_65",
    "numberOfAssignments" : 0,
    "numberOfWorkingWeekends" : 0,
    "lastAssignedShiftType" : "None",
    "numberOfConsecutiveAssignments" : 0,
    "numberOfConsecutiveWorkingDays" : 0,
    "numberOfConsecutiveDaysOff" : 3
  }, {
    "nurse" : "TR_66",
    "numberOfAssignments" : 0,
    "numberOfWorkingWeekends" : 0,
    "lastAssignedShiftType" : "None",
    "numberOfConsecutiveAssignments" : 0,
    "numberOfConsecutiveWorkingDays" : 0,
    "numberOfConsecutiveDaysOff" : 6
  }, {
    "nurse" : "TR_67",
    "numberOfAssignments" : 0,
    "numberOfWorkingWeekends" : 0,
    "lastAssignedShiftType" : "None",
    "numberOfConsecutiveAssignments" : 0,
    "numberOfConsecutiveWorkingDays" : 0,
    "numberOfConsecutiveDaysOff" : 2
  }, {
    "nurse" : "TR_68",
    "numberOfAssignments" : 0,
    "numberOfWorkingWeekends" : 0,
    "lastAssignedShiftType" : "None",
    "numberOfConsecutiveAssignments" : 0,
    "numberOfConsecutiveWorkingDays" : 0,
    "numberOfConsecutiveDaysOff" : 3
  }, {
    "nurse" : "TR_69",
    "numberOfAssignments" : 0,
    "numberOfWorkingWeekends" : 0,
    "lastAssignedShiftType" : "Day",
    "numberOfConsecutiveAssignments" : 2,
    "numberOfConsecutiveWorkingDays" : 2,
    "numberOfConsecutiveDaysOff" : 0
  }, {
    "nurse" : "TR_70",
    "numberOfAssignments" : 0,
    "numberOfWorkingWeekends" : 0,
    "lastAssignedShiftType" : "None",
    "numberOfConsecutiveAssignments" : 0,
    "numberOfConsecutiveWorkingDays" : 0,
    "numberOfConsecutiveDaysOff" : 4
  }, {
    "nurse" : "TR_71",
    "numberOfAssignments" : 0,
    "numberOfWorkingWeekends" : 0,
    "lastAssignedShiftType" : "None",
    "numberOfConsecutiveAssignments" : 0,
    "numberOfConsecutiveWorkingDays" : 0,
    "numberOfConsecutiveDaysOff" : 3
  }, {
    "nurse" : "TR_72",
    "numberOfAssignments" : 0,
    "numberOfWorkingWeekends" : 0,
    "lastAssignedShiftType" : "None",
    "numberOfConsecutiveAssignments" : 0,
    "numberOfConsecutiveWorkingDays" : 0,
    "numberOfConsecutiveDaysOff" : 2
  }, {
    "nurse" : "TR_73",
    "numberOfAssignments" : 0,
    "numberOfWorkingWeekends" : 0,
    "lastAssignedShiftType" : "None",
    "numberOfConsecutiveAssignments" : 0,
    "numberOfConsecutiveWorkingDays" : 0,
    "numberOfConsecutiveDaysOff" : 6
  }, {
    "nurse" : "TR_74",
    "numberOfAssignments" : 0,
    "numberOfWorkingWeekends" : 0,
    "lastAssignedShiftType" : "Early",
    "numberOfConsecutiveAssignments" : 1,
    "numberOfConsecutiveWorkingDays" : 3,
    "numberOfConsecutiveDaysOff" : 0
  }, {
    "nurse" : "TR_75",
    "numberOfAssignments" : 0,
    "numberOfWorkingWeekends" : 0,
    "lastAssignedShiftType" : "Late",
    "numberOfConsecutiveAssignments" : 2,
    "numberOfConsecutiveWorkingDays" : 4,
    "numberOfConsecutiveDaysOff" : 0
  }, {
    "nurse" : "TR_76",
    "numberOfAssignments" : 0,
    "numberOfWorkingWeekends" : 0,
    "lastAssignedShiftType" : "None",
    "numberOfConsecutiveAssignments" : 0,
    "numberOfConsecutiveWorkingDays" : 0,
    "numberOfConsecutiveDaysOff" : 2
  }, {
    "nurse" : "TR_77",
    "numberOfAssignments" : 0,
    "numberOfWorkingWeekends" : 0,
    "lastAssignedShiftType" : "None",
    "numberOfConsecutiveAssignments" : 0,
    "numberOfConsecutiveWorkingDays" : 0,
    "numberOfConsecutiveDaysOff" : 6
  }, {
    "nurse" : "TR_78",
    "numberOfAssignments" : 0,
    "numberOfWorkingWeekends" : 0,
    "lastAssignedShiftType" : "None",
    "numberOfConsecutiveAssignments" : 0,
    "numberOfConsecutiveWorkingDays" : 0,
    "numberOfConsecutiveDaysOff" : 2
  }, {
    "nurse" : "TR_79",
    "numberOfAssignments" : 0,
    "numberOfWorkingWeekends" : 0,
    "lastAssignedShiftType" : "None",
    "numberOfConsecutiveAssignments" : 0,
    "numberOfConsecutiveWorkingDays" : 0,
    "numberOfConsecutiveDaysOff" : 7
  } ]
}