Time|Type|Unit Type|Trip
05:27d2|Out|Cat4|394
05:49d2|In|Cat4|406
05:57d2|Out|Cat4|399
05:59d2|In|Cat4|407
05:59d2|In|Cat4|408
06:07d2|Out|Cat4|400
06:09d2|In|Cat4|409
06:17d2|Out|Cat4|401
06:19d2|In|Cat4|410
06:23d2|Out|Cat3|329
06:27d2|Out|Cat4|402
06:29d2|In|Cat4|411
06:37d2|Out|Cat4|403
06:39d2|In|Cat4|412
06:39d2|In|Cat4|413
06:43d2|Out|Cat3|330
06:47d2|Out|Cat4|404
06:47d2|Out|Cat4|405
06:49d2|In|Cat4|414
06:54d2|In|Cat3|337
06:57d2|Out|Cat4|406
06:59d2|In|Cat4|415
06:59d2|In|Cat4|416
07:00d2|Out|Cat1|267
07:00d2|Out|Cat1|268
07:03d2|Out|Cat3|331
07:05d2|Out|Cat2|309
07:07d2|Out|Cat4|407
07:07d2|Out|Cat4|408
07:09d2|In|Cat4|417
07:14d2|In|Cat3|338
07:15d2|In|Cat1|274
07:15d2|In|Cat1|275
07:17d2|Out|Cat4|409
07:19d2|In|Cat4|418
07:23d2|In|Cat2|316
07:23d2|Out|Cat3|332
07:27d2|Out|Cat4|410
07:27d2|Out|Cat4|411
07:29d2|In|Cat4|419
07:30d2|Out|Cat1|269
07:30d2|Out|Cat1|270
07:34d2|In|Cat3|339
07:34d2|In|Cat3|340
07:37d2|Out|Cat4|412
07:39d2|In|Cat4|420
07:39d2|In|Cat4|421
07:43d2|Out|Cat3|333
07:45d2|In|Cat1|276
07:47d2|Out|Cat4|413
07:49d2|In|Cat4|422
07:54d2|In|Cat3|341
07:57d2|Out|Cat4|414
07:59d2|In|Cat4|423
08:00d2|Out|Cat1|271
08:03d2|Out|Cat3|334
08:05d2|Out|Cat2|310
08:07d2|Out|Cat4|415
08:09d2|In|Cat4|424
08:14d2|In|Cat3|342
08:14d2|In|Cat3|343
08:15d2|In|Cat1|277
08:17d2|Out|Cat4|416
08:19d2|In|Cat4|425
08:19d2|In|Cat4|426
08:23d2|In|Cat2|317
08:23d2|In|Cat2|318
08:23d2|Out|Cat3|335
08:27d2|Out|Cat4|417
08:27d2|Out|Cat4|418
08:29d2|In|Cat4|427
08:30d2|Out|Cat1|272
08:30d2|Out|Cat1|273
08:34d2|In|Cat3|344
08:37d2|Out|Cat4|419
08:39d2|In|Cat4|428
08:39d2|In|Cat4|429
08:43d2|Out|Cat3|336
08:45d2|In|Cat1|278
08:47d2|Out|Cat4|420
08:49d2|In|Cat4|430
08:49d2|In|Cat4|431
08:54d2|In|Cat3|345
08:57d2|Out|Cat4|421
08:59d2|In|Cat4|432
08:59d2|In|Cat4|433
09:00d2|Out|Cat1|274
09:03d2|Out|Cat3|337
09:03d2|Out|Cat3|338
09:05d2|Out|Cat2|311
09:05d2|Out|Cat2|312
09:07d2|Out|Cat4|422
09:09d2|In|Cat4|434
09:14d2|In|Cat3|346
09:14d2|In|Cat3|347
09:15d2|In|Cat1|279
09:15d2|In|Cat1|280
09:17d2|Out|Cat4|423
09:19d2|In|Cat4|435
09:23d2|In|Cat2|319
09:23d2|In|Cat2|320
09:23d2|Out|Cat3|339
09:27d2|Out|Cat4|424
09:29d2|Out|Cat4|436
09:29d2|In|Cat4|437
09:30d2|Out|Cat1|275
09:30d2|Out|Cat1|276
09:34d2|In|Cat3|348
09:37d2|Out|Cat4|425
09:39d2|In|Cat4|438
09:43d2|Out|Cat3|340
09:45d2|In|Cat1|281
09:47d2|Out|Cat4|426
09:47d2|In|Cat4|427
09:49d2|In|Cat4|439
09:54d2|In|Cat3|349
09:57d2|Out|Cat4|428
09:59d2|In|Cat4|440
09:59d2|Out|Cat4|441
10:00d2|Out|Cat1|277
10:03d2|Out|Cat3|341
10:05d2|Out|Cat2|313
10:07d2|In|Cat4|429
10:09d2|Out|Cat4|442
10:14d2|In|Cat3|350
10:15d2|In|Cat1|282
10:17d2|Out|Cat4|430
10:17d2|Out|Cat4|431
10:19d2|In|Cat4|443
10:23d2|In|Cat2|321
10:23d2|Out|Cat3|342
10:23d2|Out|Cat3|343
10:27d2|Out|Cat4|432
10:27d2|Out|Cat4|433
10:29d2|In|Cat4|444
10:30d2|Out|Cat1|278
10:34d2|In|Cat3|351
10:37d2|In|Cat4|434
10:39d2|In|Cat4|445
10:43d2|Out|Cat3|344
10:45d2|In|Cat1|283
10:47d2|Out|Cat4|435
10:49d2|In|Cat4|446
10:54d2|In|Cat3|352
10:57d2|Out|Cat4|436
10:59d2|In|Cat4|447
10:59d2|In|Cat4|448
11:00d2|Out|Cat1|279
11:03d2|Out|Cat3|345
11:03d2|Out|Cat3|346
11:05d2|Out|Cat2|314
11:07d2|Out|Cat4|437
11:09d2|In|Cat4|449
11:14d2|In|Cat3|353
11:15d2|In|Cat1|284
11:17d2|Out|Cat4|438
11:19d2|In|Cat4|450
11:23d2|In|Cat2|322
11:23d2|Out|Cat3|347
11:23d2|Out|Cat3|348
11:27d2|Out|Cat4|439
11:29d2|In|Cat4|451
11:30d2|Out|Cat1|280
11:34d2|In|Cat3|354
11:34d2|In|Cat3|355
11:37d2|Out|Cat4|440
11:39d2|In|Cat4|452
11:43d2|Out|Cat3|349
11:45d2|In|Cat1|285
11:45d2|In|Cat1|286
11:47d2|Out|Cat4|441
11:47d2|Out|Cat4|442
11:49d2|In|Cat4|453
11:49d2|In|Cat4|454
11:54d2|In|Cat3|356
11:57d2|Out|Cat4|443
11:59d2|In|Cat4|455
12:00d2|Out|Cat1|281
12:03d2|Out|Cat3|350
12:05d2|Out|Cat2|315
12:05d2|Out|Cat2|316
12:07d2|Out|Cat4|444
12:07d2|Out|Cat4|445
12:09d2|In|Cat4|456
12:14d2|In|Cat3|357
12:14d2|In|Cat3|358
12:15d2|In|Cat1|287
12:17d2|Out|Cat4|446
12:17d2|Out|Cat4|447
12:19d2|In|Cat4|457
12:23d2|In|Cat2|323
12:23d2|Out|Cat3|351
12:27d2|Out|Cat4|448
12:29d2|In|Cat4|458
12:29d2|In|Cat4|459
12:30d2|Out|Cat1|282
12:30d2|Out|Cat1|283
12:34d2|In|Cat3|359
12:37d2|Out|Cat4|449
12:39d2|In|Cat4|460
12:43d2|Out|Cat3|352
12:45d2|In|Cat1|288
12:47d2|Out|Cat4|450
12:49d2|In|Cat4|461
12:54d2|In|Cat3|360
12:54d2|In|Cat3|361
12:57d2|Out|Cat4|451
12:59d2|Out|Cat4|462
12:59d2|In|Cat4|463
13:00d2|Out|Cat1|284
13:03d2|Out|Cat3|353
13:05d2|Out|Cat2|317
13:07d2|Out|Cat4|452
13:09d2|In|Cat4|464
13:14d2|In|Cat3|362
13:14d2|In|Cat3|363
13:15d2|In|Cat1|289
13:17d2|Out|Cat4|453
13:19d2|In|Cat4|465
13:19d2|In|Cat4|466
13:23d2|In|Cat2|324
13:23d2|In|Cat2|325
13:23d2|Out|Cat3|354
13:27d2|Out|Cat4|454
13:29d2|In|Cat4|467
13:30d2|Out|Cat1|285
13:34d2|In|Cat3|364
13:34d2|In|Cat3|365
13:37d2|Out|Cat4|455
13:39d2|In|Cat4|468
13:43d2|Out|Cat3|355
13:45d2|In|Cat1|290
13:47d2|Out|Cat4|456
13:54d2|In|Cat3|366
13:59d2|In|Cat4|471
14:00d2|Out|Cat1|286
14:03d2|Out|Cat3|356
14:05d2|Out|Cat2|318
14:07d2|Out|Cat4|459
14:07d2|Out|Cat4|460
14:09d2|In|Cat4|472
14:14d2|In|Cat3|367
14:15d2|In|Cat1|291
14:17d2|In|Cat4|461
14:19d2|In|Cat4|473
14:23d2|In|Cat2|326
14:23d2|Out|Cat3|357
14:27d2|Out|Cat4|462
14:29d2|Out|Cat4|474
14:29d2|In|Cat4|475
14:30d2|Out|Cat1|287
14:34d2|In|Cat3|369
14:37d2|Out|Cat4|463
14:39d2|In|Cat4|476
14:43d2|Out|Cat3|358
14:45d2|In|Cat1|292
14:47d2|Out|Cat4|464
14:47d2|Out|Cat4|465
14:49d2|In|Cat4|477
14:54d2|In|Cat3|370
14:57d2|Out|Cat4|466
14:59d2|In|Cat4|478
14:59d2|In|Cat4|479
15:00d2|Out|Cat1|288
15:03d2|Out|Cat3|359
15:05d2|Out|Cat2|319
15:07d2|Out|Cat4|467
15:07d2|In|Cat4|468
15:09d2|In|Cat4|480
15:14d2|In|Cat3|371
15:15d2|In|Cat1|293
15:15d2|In|Cat1|294
15:17d2|Out|Cat4|469
15:19d2|In|Cat4|481
15:23d2|In|Cat2|327
15:23d2|Out|Cat3|360
15:23d2|Out|Cat3|361
15:27d2|Out|Cat4|470
15:29d2|In|Cat4|482
15:30d2|Out|Cat1|290
15:34d2|In|Cat3|372
15:37d2|Out|Cat4|471
15:39d2|In|Cat4|483
15:43d2|Out|Cat3|362
15:43d2|Out|Cat3|363
15:45d2|In|Cat1|295
15:45d2|In|Cat1|296
15:47d2|Out|Cat4|472
15:49d2|In|Cat4|484
15:54d2|In|Cat3|373
15:57d2|Out|Cat4|473
15:59d2|In|Cat4|485
16:00d2|Out|Cat1|291
16:00d2|Out|Cat1|292
16:03d2|Out|Cat3|364
16:05d2|Out|Cat2|320
16:05d2|Out|Cat2|321
16:07d2|Out|Cat4|474
16:09d2|In|Cat4|486
16:14d2|In|Cat3|374
16:14d2|In|Cat3|375
16:15d2|In|Cat1|297
16:17d2|Out|Cat4|475
16:19d2|In|Cat4|487
16:23d2|In|Cat2|328
16:23d2|Out|Cat3|365
16:27d2|Out|Cat4|476
16:29d2|Out|Cat4|488
16:29d2|In|Cat4|489
16:30d2|Out|Cat1|293
16:34d2|In|Cat3|376
16:34d2|In|Cat3|377
16:37d2|Out|Cat4|477
16:37d2|Out|Cat4|478
16:39d2|In|Cat4|490
16:43d2|Out|Cat3|366
16:45d2|In|Cat1|298
16:47d2|Out|Cat4|479
16:49d2|In|Cat4|491
16:49d2|In|Cat4|492
16:54d2|In|Cat3|378
16:57d2|Out|Cat4|480
16:57d2|Out|Cat4|481
16:59d2|In|Cat4|493
16:59d2|In|Cat4|494
17:00d2|Out|Cat1|294
17:03d2|Out|Cat3|367
17:05d2|Out|Cat2|322
17:07d2|Out|Cat4|482
17:09d2|In|Cat4|495
17:14d2|In|Cat3|379
17:15d2|In|Cat1|300
17:17d2|Out|Cat4|483
17:23d2|In|Cat2|329
17:23d2|Out|Cat3|368
17:23d2|Out|Cat3|369
17:29d2|In|Cat4|498
17:30d2|Out|Cat1|297
17:34d2|In|Cat3|381
17:37d2|Out|Cat4|486
17:39d2|In|Cat4|499
17:43d2|Out|Cat3|370
17:45d2|In|Cat1|302
17:47d2|Out|Cat4|487
17:47d2|Out|Cat4|488
17:49d2|In|Cat4|500
17:54d2|In|Cat3|382
17:57d2|Out|Cat4|489
17:59d2|In|Cat4|501
18:00d2|Out|Cat1|298
18:00d2|Out|Cat1|299
18:03d2|Out|Cat3|371
18:05d2|Out|Cat2|323
18:07d2|Out|Cat4|490
18:07d2|Out|Cat4|491
18:09d2|In|Cat4|502
18:14d2|In|Cat3|383
18:14d2|In|Cat3|384
18:15d2|In|Cat1|303
18:17d2|Out|Cat4|492
18:19d2|In|Cat4|503
18:23d2|In|Cat2|330
18:23d2|Out|Cat3|372
18:23d2|Out|Cat3|373
18:27d2|Out|Cat4|493
18:29d2|In|Cat4|504
18:30d2|Out|Cat1|300
18:34d2|In|Cat3|385
18:37d2|Out|Cat4|494
18:39d2|In|Cat4|505
18:39d2|In|Cat4|506
18:43d2|Out|Cat3|374
18:43d2|Out|Cat3|375
18:45d2|In|Cat1|304
18:47d2|Out|Cat4|495
18:47d2|In|Cat4|496
18:49d2|In|Cat4|507
18:54d2|In|Cat3|386
18:54d2|In|Cat3|387
18:57d2|Out|Cat4|497
18:59d2|In|Cat4|508
19:00d2|Out|Cat1|301
19:03d2|Out|Cat3|376
19:05d2|Out|Cat2|324
19:07d2|Out|Cat4|498
19:09d2|In|Cat4|509
19:09d2|In|Cat4|510
19:14d2|In|Cat3|388
19:15d2|In|Cat1|305
19:17d2|Out|Cat4|499
19:19d2|Out|Cat4|511
19:19d2|In|Cat4|512
19:23d2|In|Cat2|331
19:23d2|In|Cat2|332
19:23d2|Out|Cat3|377
19:23d2|Out|Cat3|378
19:27d2|Out|Cat4|500
19:29d2|In|Cat4|513
19:30d2|Out|Cat1|302
19:34d2|In|Cat3|389
19:34d2|In|Cat3|390
19:37d2|Out|Cat4|501
19:39d2|Out|Cat4|514
19:43d2|Out|Cat3|379
19:43d2|Out|Cat3|380
19:47d2|Out|Cat4|502
19:47d2|Out|Cat4|503
19:49d2|In|Cat4|515
19:54d2|In|Cat3|391
19:57d2|Out|Cat4|504
19:57d2|Out|Cat4|505
19:59d2|In|Cat4|516
20:03d2|Out|Cat3|381
20:03d2|Out|Cat3|382
20:05d2|Out|Cat2|325
20:05d2|Out|Cat2|326
20:07d2|Out|Cat4|506
20:09d2|In|Cat4|517
20:14d2|In|Cat3|392
20:15d2|In|Cat1|307
20:17d2|In|Cat4|507
20:17d2|In|Cat4|508
20:19d2|In|Cat4|518
20:23d2|In|Cat2|333
20:23d2|Out|Cat3|383
20:27d2|Out|Cat4|509
20:27d2|Out|Cat4|510
20:29d2|In|Cat4|519
20:30d2|Out|Cat1|305
20:34d2|In|Cat3|393
20:34d2|In|Cat3|394
20:37d2|Out|Cat4|511
20:37d2|Out|Cat4|512
20:39d2|In|Cat4|520
20:43d2|Out|Cat3|384
20:45d2|In|Cat1|308
20:45d2|In|Cat1|309
20:47d2|Out|Cat4|513
20:49d2|In|Cat4|521
20:54d2|In|Cat3|395
20:54d2|In|Cat3|396
20:57d2|Out|Cat4|514
20:59d2|In|Cat4|522
21:00d2|Out|Cat1|306
21:00d2|Out|Cat1|307
21:03d2|Out|Cat3|385
21:05d2|Out|Cat2|327
21:07d2|Out|Cat4|515
21:09d2|In|Cat4|523
21:14d2|In|Cat3|397
21:14d2|In|Cat3|398
21:15d2|In|Cat1|310
21:15d2|In|Cat1|311
21:17d2|Out|Cat4|516
21:19d2|In|Cat4|524
21:23d2|In|Cat2|334
21:23d2|Out|Cat3|386
21:27d2|Out|Cat4|517
21:29d2|In|Cat4|525
21:30d2|Out|Cat1|308
21:34d2|In|Cat3|399
21:37d2|Out|Cat4|518
21:39d2|In|Cat4|526
21:43d2|Out|Cat3|387
21:43d2|Out|Cat3|388
21:45d2|In|Cat1|312
21:45d2|In|Cat1|313
21:47d2|Out|Cat4|519
21:47d2|Out|Cat4|520
21:49d2|In|Cat4|527
21:54d2|In|Cat3|400
21:57d2|Out|Cat4|521
21:57d2|Out|Cat4|522
21:59d2|In|Cat4|528
21:59d2|In|Cat4|529
22:03d2|Out|Cat3|389
22:03d2|Out|Cat3|390
22:05d2|Out|Cat2|328
22:07d2|Out|Cat4|523
22:09d2|In|Cat4|530
22:14d2|In|Cat3|401
22:15d2|In|Cat1|314
22:15d2|In|Cat1|315
22:17d2|Out|Cat4|524
22:17d2|Out|Cat4|525
22:19d2|In|Cat4|531
22:19d2|In|Cat4|532
22:23d2|In|Cat2|335
22:23d2|In|Cat2|336
22:23d2|Out|Cat3|391
22:27d2|Out|Cat4|526
22:29d2|In|Cat4|533
22:29d2|In|Cat4|534
22:34d2|In|Cat3|402
22:37d2|Out|Cat4|527
22:39d2|In|Cat4|535
22:43d2|Out|Cat3|392
22:43d2|Out|Cat3|393
22:47d2|Out|Cat4|528
22:49d2|In|Cat4|536
22:54d2|In|Cat3|403
22:57d2|Out|Cat4|529
22:57d2|Out|Cat4|530
22:59d2|In|Cat4|537
23:07d2|Out|Cat4|531
23:09d2|In|Cat4|538
23:17d2|Out|Cat4|532
23:17d2|Out|Cat4|533
23:27d2|Out|Cat4|534
