Time|Type|Unit Type|Trip
05:27d1|Out|Cat4|125
05:37d1|Out|Cat4|126
05:47d1|Out|Cat4|127
05:49d1|In|Cat4|127
05:49d1|In|Cat4|128
05:57d1|Out|Cat4|128
05:57d1|Out|Cat4|129
05:59d1|In|Cat4|129
06:07d1|Out|Cat4|130
06:09d1|In|Cat4|130
06:17d1|Out|Cat4|131
06:19d1|In|Cat4|131
06:23d1|Out|Cat3|61
06:23d1|Out|Cat3|62
06:27d1|Out|Cat4|132
06:29d1|In|Cat4|132
06:30d1|Out|Cat1|1
06:37d1|Out|Cat4|133
06:39d1|In|Cat4|133
06:39d1|In|Cat4|134
06:43d1|Out|Cat3|63
06:47d1|Out|Cat4|134
06:47d1|Out|Cat4|135
06:49d1|In|Cat4|135
06:49d1|In|Cat4|136
06:54d1|In|Cat3|62
06:57d1|Out|Cat4|136
06:59d1|In|Cat4|137
06:59d1|In|Cat4|138
07:00d1|Out|Cat1|2
07:00d1|Out|Cat1|3
07:03d1|Out|Cat3|64
07:05d1|Out|Cat2|41
07:07d1|Out|Cat4|137
07:09d1|In|Cat4|139
07:14d1|In|Cat3|63
07:14d1|In|Cat3|64
07:15d1|In|Cat1|1
07:15d1|In|Cat1|2
07:17d1|Out|Cat4|138
07:19d1|In|Cat4|140
07:19d1|In|Cat4|141
07:23d1|In|Cat2|42
07:23d1|In|Cat2|43
07:23d1|Out|Cat3|65
07:27d1|Out|Cat4|139
07:29d1|In|Cat4|142
07:30d1|Out|Cat1|4
07:34d1|In|Cat3|65
07:37d1|Out|Cat4|140
07:39d1|In|Cat4|143
07:43d1|Out|Cat3|66
07:45d1|In|Cat1|3
07:47d1|Out|Cat4|141
07:49d1|In|Cat4|144
07:54d1|In|Cat3|66
07:57d1|Out|Cat4|142
07:59d1|In|Cat4|145
08:00d1|Out|Cat1|5
08:03d1|Out|Cat3|67
08:05d1|Out|Cat2|42
08:07d1|Out|Cat4|143
08:09d1|In|Cat4|146
08:14d1|In|Cat3|67
08:15d1|In|Cat1|4
08:15d1|In|Cat1|5
08:17d1|Out|Cat4|144
08:17d1|Out|Cat4|145
08:19d1|In|Cat4|147
08:23d1|In|Cat2|44
08:23d1|Out|Cat3|68
08:27d1|Out|Cat4|146
08:29d1|In|Cat4|148
08:30d1|Out|Cat1|6
08:34d1|In|Cat3|68
08:37d1|Out|Cat4|147
08:39d1|In|Cat4|149
08:39d1|In|Cat4|150
08:43d1|Out|Cat3|69
08:45d1|In|Cat1|6
08:47d1|Out|Cat4|148
08:47d1|Out|Cat4|149
08:49d1|In|Cat4|151
08:49d1|In|Cat4|152
08:54d1|In|Cat3|69
08:57d1|Out|Cat4|150
08:57d1|Out|Cat4|151
08:59d1|In|Cat4|153
08:59d1|In|Cat4|154
09:00d1|Out|Cat1|7
09:03d1|Out|Cat3|70
09:03d1|Out|Cat3|71
09:05d1|Out|Cat2|43
09:05d1|Out|Cat2|44
09:07d1|Out|Cat4|152
09:07d1|Out|Cat4|153
09:09d1|In|Cat4|155
09:09d1|In|Cat4|156
09:14d1|In|Cat3|70
09:15d1|In|Cat1|7
09:15d1|In|Cat1|8
09:17d1|Out|Cat4|154
09:19d1|In|Cat4|157
09:23d1|In|Cat2|45
09:23d1|Out|Cat3|72
09:23d1|Out|Cat3|73
09:27d1|Out|Cat4|155
09:29d1|In|Cat4|158
09:30d1|Out|Cat1|8
09:34d1|In|Cat3|71
09:37d1|Out|Cat4|156
09:39d1|In|Cat4|159
09:43d1|Out|Cat3|74
09:43d1|Out|Cat3|75
09:45d1|In|Cat1|9
09:47d1|Out|Cat4|157
09:49d1|In|Cat4|160
09:54d1|In|Cat3|72
09:57d1|Out|Cat4|158
09:57d1|Out|Cat4|159
09:59d1|In|Cat4|161
09:59d1|In|Cat4|162
10:00d1|Out|Cat1|9
10:00d1|Out|Cat1|10
10:03d1|Out|Cat3|76
10:05d1|Out|Cat2|45
10:05d1|Out|Cat2|46
10:07d1|Out|Cat4|160
10:09d1|In|Cat4|163
10:14d1|In|Cat3|73
10:15d1|In|Cat1|10
10:15d1|In|Cat1|11
10:17d1|Out|Cat4|161
10:17d1|Out|Cat4|162
10:19d1|In|Cat4|164
10:19d1|In|Cat4|165
10:23d1|In|Cat2|46
10:23d1|Out|Cat3|77
10:27d1|Out|Cat4|163
10:27d1|Out|Cat4|164
10:29d1|In|Cat4|166
10:30d1|Out|Cat1|11
10:30d1|Out|Cat1|12
10:34d1|In|Cat3|74
10:37d1|Out|Cat4|165
10:39d1|In|Cat4|167
10:39d1|In|Cat4|168
10:43d1|Out|Cat3|78
10:43d1|Out|Cat3|79
10:45d1|In|Cat1|12
10:47d1|Out|Cat4|166
10:49d1|In|Cat4|169
10:49d1|In|Cat4|170
10:54d1|In|Cat3|75
10:57d1|Out|Cat4|167
10:59d1|In|Cat4|171
10:59d1|In|Cat4|172
11:00d1|Out|Cat1|13
11:00d1|Out|Cat1|14
11:03d1|Out|Cat3|80
11:05d1|Out|Cat2|47
11:07d1|Out|Cat4|168
11:07d1|Out|Cat4|169
11:09d1|In|Cat4|173
11:09d1|In|Cat4|174
11:14d1|In|Cat3|76
11:15d1|In|Cat1|13
11:17d1|Out|Cat4|170
11:19d1|In|Cat4|175
11:23d1|In|Cat2|47
11:23d1|In|Cat2|48
11:23d1|Out|Cat3|81
11:27d1|Out|Cat4|171
11:29d1|In|Cat4|176
11:30d1|Out|Cat1|15
11:34d1|In|Cat3|77
11:34d1|In|Cat3|78
11:37d1|Out|Cat4|172
11:39d1|In|Cat4|177
11:39d1|In|Cat4|178
11:43d1|Out|Cat3|82
11:45d1|In|Cat1|14
11:47d1|Out|Cat4|173
11:49d1|In|Cat4|179
11:49d1|In|Cat4|180
11:54d1|In|Cat3|79
11:57d1|Out|Cat4|174
11:59d1|In|Cat4|181
12:00d1|Out|Cat1|16
12:00d1|Out|Cat1|17
12:03d1|Out|Cat3|83
12:03d1|Out|Cat3|84
12:05d1|Out|Cat2|48
12:05d1|Out|Cat2|49
12:07d1|Out|Cat4|175
12:07d1|Out|Cat4|176
12:09d1|In|Cat4|182
12:14d1|In|Cat3|80
12:14d1|In|Cat3|81
12:15d1|In|Cat1|15
12:17d1|Out|Cat4|177
12:19d1|In|Cat4|183
12:23d1|In|Cat2|49
12:23d1|In|Cat2|50
12:23d1|Out|Cat3|85
12:23d1|Out|Cat3|86
12:27d1|Out|Cat4|178
12:29d1|In|Cat4|184
12:29d1|In|Cat4|185
12:30d1|Out|Cat1|18
12:34d1|In|Cat3|82
12:37d1|Out|Cat4|179
12:39d1|In|Cat4|186
12:43d1|Out|Cat3|87
12:45d1|In|Cat1|16
12:47d1|Out|Cat4|180
12:49d1|In|Cat4|187
12:54d1|In|Cat3|83
12:57d1|Out|Cat4|181
12:59d1|In|Cat4|188
13:00d1|Out|Cat1|19
13:00d1|Out|Cat1|20
13:03d1|Out|Cat3|88
13:05d1|Out|Cat2|50
13:07d1|Out|Cat4|182
13:07d1|Out|Cat4|183
13:09d1|In|Cat4|189
13:09d1|In|Cat4|190
13:14d1|In|Cat3|84
13:14d1|In|Cat3|85
13:15d1|In|Cat1|17
13:15d1|In|Cat1|18
13:17d1|Out|Cat4|184
13:19d1|In|Cat4|191
13:23d1|In|Cat2|51
13:23d1|Out|Cat3|89
13:27d1|Out|Cat4|185
13:29d1|In|Cat4|192
13:30d1|Out|Cat1|21
13:30d1|Out|Cat1|22
13:34d1|In|Cat3|86
13:37d1|Out|Cat4|186
13:39d1|In|Cat4|193
13:39d1|In|Cat4|194
13:43d1|Out|Cat3|90
13:45d1|In|Cat1|19
13:47d1|Out|Cat4|187
13:47d1|Out|Cat4|188
13:49d1|In|Cat4|195
13:49d1|In|Cat4|196
13:54d1|In|Cat3|87
13:54d1|In|Cat3|88
13:57d1|Out|Cat4|189
13:59d1|In|Cat4|197
14:00d1|Out|Cat1|23
14:03d1|Out|Cat3|91
14:05d1|Out|Cat2|51
14:07d1|Out|Cat4|190
14:09d1|In|Cat4|198
14:14d1|In|Cat3|89
14:15d1|In|Cat1|20
14:17d1|Out|Cat4|191
14:19d1|In|Cat4|199
14:23d1|In|Cat2|52
14:23d1|Out|Cat3|92
14:27d1|Out|Cat4|192
14:29d1|In|Cat4|200
14:30d1|Out|Cat1|24
14:34d1|In|Cat3|90
14:34d1|In|Cat3|91
14:37d1|Out|Cat4|193
14:39d1|In|Cat4|201
14:39d1|In|Cat4|202
14:43d1|Out|Cat3|93
14:45d1|In|Cat1|21
14:45d1|In|Cat1|22
14:47d1|Out|Cat4|194
14:49d1|In|Cat4|203
14:49d1|In|Cat4|204
14:54d1|In|Cat3|92
14:54d1|In|Cat3|93
14:57d1|Out|Cat4|195
14:59d1|In|Cat4|205
15:00d1|Out|Cat1|25
15:03d1|Out|Cat3|94
15:03d1|Out|Cat3|95
15:05d1|Out|Cat2|52
15:07d1|Out|Cat4|196
15:07d1|Out|Cat4|197
15:09d1|In|Cat4|206
15:14d1|In|Cat3|94
15:14d1|In|Cat3|95
15:15d1|In|Cat1|23
15:17d1|Out|Cat4|198
15:17d1|Out|Cat4|199
15:19d1|In|Cat4|207
15:23d1|In|Cat2|53
15:23d1|Out|Cat3|96
15:27d1|Out|Cat4|200
15:27d1|Out|Cat4|201
15:29d1|In|Cat4|208
15:30d1|Out|Cat1|26
15:34d1|In|Cat3|96
15:37d1|Out|Cat4|202
15:39d1|In|Cat4|209
15:43d1|Out|Cat3|97
15:45d1|In|Cat1|24
15:47d1|Out|Cat4|203
15:47d1|Out|Cat4|204
15:49d1|In|Cat4|210
15:49d1|In|Cat4|211
15:54d1|In|Cat3|97
15:57d1|Out|Cat4|205
15:57d1|Out|Cat4|206
15:59d1|In|Cat4|212
16:00d1|Out|Cat1|27
16:03d1|Out|Cat3|98
16:03d1|Out|Cat3|99
16:05d1|Out|Cat2|53
16:07d1|Out|Cat4|207
16:09d1|In|Cat4|213
16:14d1|In|Cat3|98
16:15d1|In|Cat1|25
16:15d1|In|Cat1|26
16:17d1|Out|Cat4|208
16:19d1|In|Cat4|214
16:23d1|In|Cat2|54
16:23d1|Out|Cat3|100
16:23d1|Out|Cat3|101
16:27d1|Out|Cat4|209
16:29d1|In|Cat4|215
16:29d1|In|Cat4|216
16:30d1|Out|Cat1|28
16:34d1|In|Cat3|99
16:34d1|In|Cat3|100
16:37d1|Out|Cat4|210
16:39d1|In|Cat4|217
16:43d1|Out|Cat3|102
16:45d1|In|Cat1|27
16:45d1|In|Cat1|28
16:47d1|Out|Cat4|211
16:47d1|Out|Cat4|212
16:49d1|In|Cat4|218
16:54d1|In|Cat3|101
16:54d1|In|Cat3|102
16:57d1|Out|Cat4|213
16:59d1|In|Cat4|219
16:59d1|In|Cat4|220
17:00d1|Out|Cat1|29
17:03d1|Out|Cat3|103
17:05d1|Out|Cat2|54
17:07d1|Out|Cat4|214
17:09d1|In|Cat4|221
17:14d1|In|Cat3|103
17:14d1|In|Cat3|104
17:15d1|In|Cat1|29
17:17d1|Out|Cat4|215
17:17d1|Out|Cat4|216
17:19d1|In|Cat4|222
17:23d1|In|Cat2|55
17:23d1|Out|Cat3|104
17:27d1|Out|Cat4|217
17:29d1|In|Cat4|223
17:30d1|Out|Cat1|30
17:30d1|Out|Cat1|31
17:34d1|In|Cat3|105
17:37d1|Out|Cat4|218
17:39d1|In|Cat4|224
17:43d1|Out|Cat3|105
17:43d1|Out|Cat3|106
17:45d1|In|Cat1|30
17:47d1|Out|Cat4|219
17:47d1|Out|Cat4|220
17:49d1|In|Cat4|225
17:49d1|In|Cat4|226
17:54d1|In|Cat3|106
17:57d1|Out|Cat4|221
17:59d1|In|Cat4|227
18:00d1|Out|Cat1|32
18:03d1|Out|Cat3|107
18:03d1|Out|Cat3|108
18:05d1|Out|Cat2|55
18:07d1|Out|Cat4|222
18:09d1|In|Cat4|228
18:14d1|In|Cat3|107
18:14d1|In|Cat3|108
18:15d1|In|Cat1|31
18:15d1|In|Cat1|32
18:17d1|Out|Cat4|223
18:17d1|Out|Cat4|224
18:19d1|In|Cat4|229
18:23d1|In|Cat2|56
18:23d1|Out|Cat3|109
18:27d1|Out|Cat4|225
18:29d1|In|Cat4|230
18:29d1|In|Cat4|231
18:30d1|Out|Cat1|33
18:34d1|In|Cat3|109
18:37d1|Out|Cat4|226
18:39d1|In|Cat4|232
18:43d1|Out|Cat3|110
18:43d1|Out|Cat3|111
18:45d1|In|Cat1|33
18:47d1|Out|Cat4|227
18:49d1|In|Cat4|233
18:49d1|In|Cat4|234
18:54d1|In|Cat3|110
18:57d1|Out|Cat4|228
18:57d1|Out|Cat4|229
18:59d1|In|Cat4|235
19:00d1|Out|Cat1|34
19:03d1|Out|Cat3|112
19:05d1|Out|Cat2|56
19:07d1|Out|Cat4|230
19:07d1|Out|Cat4|231
19:09d1|In|Cat4|236
19:14d1|In|Cat3|111
19:15d1|In|Cat1|34
19:17d1|Out|Cat4|232
19:19d1|In|Cat4|237
19:23d1|In|Cat2|57
19:23d1|Out|Cat3|113
19:27d1|Out|Cat4|233
19:29d1|In|Cat4|238
19:30d1|Out|Cat1|35
19:30d1|Out|Cat1|36
19:34d1|In|Cat3|112
19:37d1|Out|Cat4|234
19:39d1|In|Cat4|239
19:39d1|In|Cat4|240
19:43d1|Out|Cat3|114
19:45d1|In|Cat1|35
19:47d1|Out|Cat4|235
19:49d1|In|Cat4|241
19:54d1|In|Cat3|113
19:57d1|Out|Cat4|236
19:59d1|In|Cat4|242
19:59d1|In|Cat4|243
20:00d1|Out|Cat1|37
20:03d1|Out|Cat3|115
20:05d1|Out|Cat2|57
20:07d1|Out|Cat4|237
20:09d1|In|Cat4|244
20:14d1|In|Cat3|114
20:14d1|In|Cat3|115
20:15d1|In|Cat1|36
20:17d1|Out|Cat4|238
20:17d1|Out|Cat4|239
20:19d1|In|Cat4|245
20:23d1|In|Cat2|58
20:23d1|Out|Cat3|116
20:27d1|Out|Cat4|240
20:27d1|Out|Cat4|241
20:29d1|In|Cat4|246
20:29d1|In|Cat4|247
20:30d1|Out|Cat1|38
20:34d1|In|Cat3|116
20:37d1|Out|Cat4|242
20:37d1|Out|Cat4|243
20:39d1|In|Cat4|248
20:43d1|Out|Cat3|117
20:45d1|In|Cat1|37
20:47d1|Out|Cat4|244
20:49d1|In|Cat4|249
20:54d1|In|Cat3|117
20:54d1|In|Cat3|118
20:57d1|Out|Cat4|245
20:57d1|Out|Cat4|246
20:59d1|In|Cat4|250
20:59d1|In|Cat4|251
21:00d1|Out|Cat1|39
21:03d1|Out|Cat3|118
21:05d1|Out|Cat2|58
21:05d1|Out|Cat2|59
21:07d1|Out|Cat4|247
21:09d1|In|Cat4|252
21:14d1|In|Cat3|119
21:15d1|In|Cat1|38
21:17d1|Out|Cat4|248
21:19d1|In|Cat4|253
21:23d1|In|Cat2|59
21:23d1|In|Cat2|60
21:23d1|Out|Cat3|119
21:27d1|Out|Cat4|249
21:29d1|In|Cat4|254
21:29d1|In|Cat4|255
21:30d1|Out|Cat1|40
21:34d1|In|Cat3|120
21:34d1|In|Cat3|121
21:37d1|Out|Cat4|250
21:37d1|Out|Cat4|251
21:39d1|In|Cat4|256
21:43d1|Out|Cat3|120
21:45d1|In|Cat1|39
21:47d1|Out|Cat4|252
21:49d1|In|Cat4|257
21:49d1|In|Cat4|258
21:54d1|In|Cat3|122
21:57d1|Out|Cat4|253
21:59d1|In|Cat4|259
22:03d1|Out|Cat3|121
22:05d1|Out|Cat2|60
22:07d1|Out|Cat4|254
22:09d1|In|Cat4|260
22:14d1|In|Cat3|123
22:15d1|In|Cat1|40
22:15d1|In|Cat1|41
22:17d1|Out|Cat4|255
22:19d1|In|Cat4|261
22:19d1|In|Cat4|262
22:23d1|In|Cat2|61
22:23d1|Out|Cat3|122
22:23d1|Out|Cat3|123
22:27d1|Out|Cat4|256
22:29d1|In|Cat4|263
22:34d1|In|Cat3|124
22:37d1|Out|Cat4|257
22:39d1|In|Cat4|264
22:43d1|Out|Cat3|124
22:47d1|Out|Cat4|258
22:49d1|In|Cat4|265
22:49d1|In|Cat4|266
22:54d1|In|Cat3|125
22:57d1|Out|Cat4|259
22:59d1|In|Cat4|267
23:07d1|Out|Cat4|260
23:07d1|Out|Cat4|261
23:09d1|In|Cat4|268
23:09d1|In|Cat4|269
23:14d1|In|Cat3|126
23:17d1|Out|Cat4|262
23:19d1|In|Cat4|270
23:27d1|Out|Cat4|263
23:27d1|Out|Cat4|264
23:29d1|In|Cat4|271
23:39d1|In|Cat4|272
23:49d1|In|Cat4|273
